Index,ID,User_ID,Friends_Count,Followers_Count,Favourites_Count,Listed_Count,Status_Count,Created_at,Retweet_Count,Favourite_Count,Created_at,Text
1,1094566755429744641,11612722,11351,61925,2608,990,161012,2007-12-28 22:22:39,0,0,2019-02-10 12:00:25,"Enjoy great savings! Save up to $234 in coupon savings this Sunday. Pick up a copy at your local store, or sign up… https://t.co/1thxu2Fatr"
2,1094268436014866433,11612722,11351,61925,2608,990,161012,2007-12-28 22:22:39,1,2,2019-02-09 16:15:00,Multiple ways to get connected to today's game. They're all here. #BBN https://t.co/PXSzFqtmJI
3,1094259866753998854,11612722,11351,61925,2608,990,161012,2007-12-28 22:22:39,1,1,2019-02-09 15:40:57,"Nearly 40 years after that trial, and 30 years after his death in Florida's electric chair, Bundy's deadly charm co… https://t.co/ROcA2hCRN7"
4,1094235479971688448,11612722,11351,61925,2608,990,161012,2007-12-28 22:22:39,3,4,2019-02-09 14:04:02,"“We have a responsibility to protect our children,” one parent said. “They are more important than anything.” https://t.co/k0e9fcCBS0"
5,1094230541841457153,11612722,11351,61925,2608,990,161012,2007-12-28 22:22:39,2,5,2019-02-09 13:44:25,"“If those X-rays aren’t valid, there’s no telling what animal is being bought,” said Mason Miller, the Lexington at… https://t.co/VXw2hdR43F"
6,1094227586455166976,11612722,11351,61925,2608,990,161012,2007-12-28 22:22:39,1,0,2019-02-09 13:32:41,"""Neal [Brown] going to West Virginia — I’ve been keeping my eye on that one, because I think he’s kind of like Jeff… https://t.co/KIyF8RjORE"
7,1094226687603154945,11612722,11351,61925,2608,990,161012,2007-12-28 22:22:39,8,8,2019-02-09 13:29:06,ICYMI: Martin County sheriff announced Monday he has temporarily ceased all law enforcement services provided by hi… https://t.co/0IAyuGVSsQ
8,1094077005778337794,11612722,11351,61925,2608,990,161012,2007-12-28 22:22:39,5,1,2019-02-09 03:34:19,Lexington police said the man approached the woman in the St. Joseph Hospital garage and forced her to go with him… https://t.co/jYoMXxzS0M
9,1094012473030660098,11612722,11351,61925,2608,990,161012,2007-12-28 22:22:39,3,0,2019-02-08 23:17:53,"The mom allegedly told police that she let a friend sell cocaine out of her home, and ""the kids would even sit at t… https://t.co/nexPJfkpoC"
10,1094000477853941761,11612722,11351,61925,2608,990,161012,2007-12-28 22:22:39,1,0,2019-02-08 22:30:14,"The victim was trying to run out of the store when he was shot.
https://t.co/78VKmmMAGa"
11,1093996521463390209,11612722,11351,61925,2608,990,161012,2007-12-28 22:22:39,1,0,2019-02-08 22:14:30,"The two were dismissed ""effective immediately"" a justice cabinet spokesman said Friday afternoon.
https://t.co/13MnlebHv7"
12,1093975023830863872,11612722,11351,61925,2608,990,161012,2007-12-28 22:22:39,1,1,2019-02-08 20:49:05,"Last fall, the council scuttled a public-private partnership that would have moved the city’s operations to the Her… https://t.co/3CCOkDEyzA"
13,1093970804759580673,11612722,11351,61925,2608,990,161012,2007-12-28 22:22:39,2,4,2019-02-08 20:32:19,Here is editorial cartoonist Joel Pett's reaction to Matt Bevin's State of the Commonwealth address last night. ICY… https://t.co/K9Pd1BjNIf
14,1093954818278899712,11612722,11351,61925,2608,990,161012,2007-12-28 22:22:39,0,2,2019-02-08 19:28:48,"Thirteen weeks and three days after polls closed on Nov. 6, the race for Kentucky’s 13th House District finally fin… https://t.co/hvEM0OgczY"
15,1093954528142073856,11612722,11351,61925,2608,990,161012,2007-12-28 22:22:39,3,3,2019-02-08 19:27:38,A Lexington middle school teacher and a Rod Hatfield Chevrolet salesman pleaded guilty to taking large sums. A gran… https://t.co/vQ5uCDjVcL
16,1093948038131974145,11612722,11351,61925,2608,990,161012,2007-12-28 22:22:39,1,1,2019-02-08 19:01:51,Lexington Mayor Linda Gorton is directing all departments to cut spending and slow hiring for some positions as it… https://t.co/CMxIhxIHKF
17,1093941380114722817,11612722,11351,61925,2608,990,161012,2007-12-28 22:22:39,3,5,2019-02-08 18:35:24,"“If you ask the voters if they’re for crime victims’ rights, who other than a sociopath is going to answer any way… https://t.co/xHZaM5oIP5"
18,1093930212776181760,11612722,11351,61925,2608,990,161012,2007-12-28 22:22:39,2,1,2019-02-08 17:51:01,Much of the reaction has been positive. But there has been some criticism of the #Kentucky transgender reveal photo… https://t.co/IDB11ppkQI
19,1093914152941350912,11612722,11351,61925,2608,990,161012,2007-12-28 22:22:39,20,8,2019-02-08 16:47:12,"The Martin County sheriff urged residents to “lock your doors, load your guns and get a biting, barking dog” becaus… https://t.co/y53g2Y2WAa"
20,1093902746854588416,11612722,11351,61925,2608,990,161012,2007-12-28 22:22:39,4,4,2019-02-08 16:01:53,Her leadership makes history for the Lexington police department https://t.co/Ptyrzv9FLS
21,1093902597772271616,11612722,11351,61925,2608,990,161012,2007-12-28 22:22:39,2,1,2019-02-08 16:01:17,"Police want to collect other videos of officers, teen. Of Saturday's incident, police say it began after officers h… https://t.co/49RtKoCGqo"
22,1093900420437684224,11612722,11351,61925,2608,990,161012,2007-12-28 22:22:39,1,9,2019-02-08 15:52:38,"Letters to the editor: ""How is granting more people access to the vote a “power grab”'? https://t.co/5JkSpSH7Ee"
23,1093882174682599425,11612722,11351,61925,2608,990,161012,2007-12-28 22:22:39,2,0,2019-02-08 14:40:08,"What are you doing this weekend? #johnnycash #pastrami #brahms # sleeping beauty #Kentucky
https://t.co/3SLnZEMQgM"
24,1093878513969647623,11612722,11351,61925,2608,990,161012,2007-12-28 22:22:39,3,3,2019-02-08 14:25:35,"I’m always left gape-mouthed when I run into those who say, “I’ve never doubted God!""
https://t.co/48e7WA1DKJ"
25,1093864923506057217,11612722,11351,61925,2608,990,161012,2007-12-28 22:22:39,1,3,2019-02-08 13:31:35,"Bevin’s regulation to limit Capitol access is illegal, Beshear opines #Kentucky #governorsrace https://t.co/BPg9l9r7nU"
26,1093858440630415362,11612722,11351,61925,2608,990,161012,2007-12-28 22:22:39,1,2,2019-02-08 13:05:49,#Kentucky parents relive losing children to school shooting. Their grief moves lawmakers. https://t.co/k0e9fcCBS0
27,1093853388465491968,11612722,11351,61925,2608,990,161012,2007-12-28 22:22:39,1,3,2019-02-08 12:45:45,A gentler Bevin makes his case for reelection in State of the Commonwealth speech https://t.co/f0S0liI2m7
28,1093852463449473024,11612722,11351,61925,2608,990,161012,2007-12-28 22:22:39,5,3,2019-02-08 12:42:04,"Horse buyers were playing ""Russian roulette,"" attorney alleges, because of the vets actions. #Keeneland… https://t.co/aOdy4ZUJDf"
29,1093655569657933824,11612722,11351,61925,2608,990,161012,2007-12-28 22:22:39,3,2,2019-02-07 23:39:41,"As a result of the altered X-rays, “bidding on horses at the Keeneland sale was, in essence, the functional equival… https://t.co/GiVVCg3p0o"
30,1093625144701079554,11612722,11351,61925,2608,990,161012,2007-12-28 22:22:39,2,0,2019-02-07 21:38:47,"School officials plan to treat the bus.
https://t.co/EvDmflNllb"
31,1093619448018280449,11612722,11351,61925,2608,990,161012,2007-12-28 22:22:39,6,16,2019-02-07 21:16:09,"Love Ale-8-One?
https://t.co/gEC5TBZ1MF"
32,1093615176673361920,11612722,11351,61925,2608,990,161012,2007-12-28 22:22:39,5,1,2019-02-07 20:59:11,"Lawmakers hear from heart-broken parents. 
https://t.co/k0e9fcCBS0"
33,1093597541818646528,11612722,11351,61925,2608,990,161012,2007-12-28 22:22:39,0,0,2019-02-07 19:49:06,"""They are entitled to an apology – from the bishop,"" writes one, while another says Bishop Stowe has shown courage. https://t.co/1rtICLG2sg"
34,1093592150401523714,11612722,11351,61925,2608,990,161012,2007-12-28 22:22:39,2,6,2019-02-07 19:27:41,"Commentary: Coaching legend’s 1,000th basketball win inspires. Why it’s important to Kentuckians.… https://t.co/ma3mpdGMY0"
35,1093575668573589504,11612722,11351,61925,2608,990,161012,2007-12-28 22:22:39,3,0,2019-02-07 18:22:11,It's going to cost him. #BluegrassAirport #Lexington #gunsonplanes https://t.co/uX09Qeh8YO
36,1093567490528067585,11612722,11351,61925,2608,990,161012,2007-12-28 22:22:39,0,4,2019-02-07 17:49:41,"""Conditions did not exist that necessitated the promulgation of an emergency administrative regulation.” https://t.co/OYKoz2yvFj"
37,1093540647292809217,11612722,11351,61925,2608,990,161012,2007-12-28 22:22:39,5,5,2019-02-07 16:03:01,"The exhibit features more than 100 pieces of Steadman’s art, including some never shown before.
https://t.co/DVe7WWy6n9"
38,1093532079479025665,11612722,11351,61925,2608,990,161012,2007-12-28 22:22:39,3,6,2019-02-07 15:28:59,Op-Ed: Lexington bishop has nothing to apologize for. Critics missed the point of his column. https://t.co/7fjgwEHPZm
39,1093522888924237825,11612722,11351,61925,2608,990,161012,2007-12-28 22:22:39,14,10,2019-02-07 14:52:28,"Members of the $50,000 club include Senate President Robert Stivers, R-Manchester, who is in line to collect $56,44… https://t.co/V8DIuODxtW"
40,1093513802593783808,11612722,11351,61925,2608,990,161012,2007-12-28 22:22:39,1,0,2019-02-07 14:16:21,Looks like the building will be significantly different from the tower we're accustomed to on South Broadway.… https://t.co/CVqKVZB2RS
41,1093513147699417089,11612722,11351,61925,2608,990,161012,2007-12-28 22:22:39,3,10,2019-02-07 14:13:45,"""Marco's parents have faith in our court system and believe that justice will be served for Marco."" https://t.co/o8r3H8ZKM3"
42,1093512199237263360,11612722,11351,61925,2608,990,161012,2007-12-28 22:22:39,2,1,2019-02-07 14:09:59,"He's going solo after Sundy Best.
https://t.co/fB6lZ2QEM1"
43,1093509265376071682,11612722,11351,61925,2608,990,161012,2007-12-28 22:22:39,2,0,2019-02-07 13:58:19,"Celebrating love? There's this.
https://t.co/Nu1iUHJ7Tz"
44,1093509005819822080,11612722,11351,61925,2608,990,161012,2007-12-28 22:22:39,2,1,2019-02-07 13:57:18,"This weekend, 500 Miles to Memphis leads a bill of three trusted and similarly minded acts.
https://t.co/9TQNpGhs05"
45,1093498431065198593,11612722,11351,61925,2608,990,161012,2007-12-28 22:22:39,3,1,2019-02-07 13:15:16,Father of 3 from Pikeville died in accident at #Toyota plant in Georgetown. #Kentucky https://t.co/MoiWGtF5Vi https://t.co/GFnqMhk5Om
46,1093493702746689537,11612722,11351,61925,2608,990,161012,2007-12-28 22:22:39,1,0,2019-02-07 12:56:29,"If you are accustomed to your #Kentucky schools being ranked among the best or good enough, you could be in for a s… https://t.co/fgU3VmRha5"
47,1093493175262552064,11612722,11351,61925,2608,990,161012,2007-12-28 22:22:39,1,0,2019-02-07 12:54:23,"Despite the acquittal, Middleton remains suspended by the police department. Here's why. #Lexington #policehttps://… https://t.co/opsyrCTfkg"
48,1093492389581332480,11612722,11351,61925,2608,990,161012,2007-12-28 22:22:39,6,17,2019-02-07 12:51:16,#TopChef Kentucky: Rupp Arena episode is finally here and it’s as wild as you remember #Topchefkentucky… https://t.co/lUk1bbAfI4
49,1093485739017420800,11612722,11351,61925,2608,990,161012,2007-12-28 22:22:39,0,1,2019-02-07 12:24:50,The numbers are impressive. #Kentucky #bourbon #explosivegrowth  https://t.co/IVDo5hwQ4p
50,1093485020004667392,11612722,11351,61925,2608,990,161012,2007-12-28 22:22:39,6,4,2019-02-07 12:21:59,Prosecutors alleged there were“Illegal remuneration and kickbacks” to Alvarado and others to get patients referred… https://t.co/kdMbqQ4phn
51,1093315154618576897,11612722,11351,61925,2608,990,161012,2007-12-28 22:22:39,2,3,2019-02-07 01:07:00,See more from our Pulitzer Prize-winning editorial cartoonist. https://t.co/P6YGJOLmBq
52,1093277614809190400,11612722,11351,61925,2608,990,161012,2007-12-28 22:22:39,1,7,2019-02-06 22:37:50,“I see the turn in our program. I see the response from the players we have on campus. It’s earlier than expected.”… https://t.co/BCtxLwSXFr
53,1093270365558714369,11612722,11351,61925,2608,990,161012,2007-12-28 22:22:39,4,0,2019-02-06 22:09:01,"""The trend is going relentlessly up, and it will continue to do so...Those who live in denial of this fact are in d… https://t.co/7wtbVw8VC5"
54,1093246897341558786,11612722,11351,61925,2608,990,161012,2007-12-28 22:22:39,3,0,2019-02-06 20:35:46,The new building will open on the current campus site. https://t.co/0urunKaiwa
55,1093240093937152000,11612722,11351,61925,2608,990,161012,2007-12-28 22:22:39,1,11,2019-02-06 20:08:44,"""We saw an opportunity to highlight something that is currently relevant in pop culture...This day is a very Minor… https://t.co/GETsOme8LG"
56,1093213155210219521,11612722,11351,61925,2608,990,161012,2007-12-28 22:22:39,10,8,2019-02-06 18:21:41,"State Sen. Ralph Alvarado, a physician running for lieutenant governor of Kentucky, was one of two dozen doctors wh… https://t.co/cxsQ36WNP9"
57,1093192440872386560,11612722,11351,61925,2608,990,161012,2007-12-28 22:22:39,1,4,2019-02-06 16:59:23,"Looking for a new bourbon?
https://t.co/5gTU5HIMKT"
58,1093189660543733767,11612722,11351,61925,2608,990,161012,2007-12-28 22:22:39,3,1,2019-02-06 16:48:20,"New school ranking system could mean changes for high ranking schools.
https://t.co/Ci02P0KXLf"
59,1093167694931730433,11612722,11351,61925,2608,990,161012,2007-12-28 22:22:39,2,0,2019-02-06 15:21:03,They fought in a mud hole on the side of the road. https://t.co/XYog97ARTD
60,1093166819345661952,11612722,11351,61925,2608,990,161012,2007-12-28 22:22:39,3,1,2019-02-06 15:17:34,Breaking news update: UK student's attorney reacts to new charge in 4 year-old's death. https://t.co/o8r3H8ZKM3
61,1093147568664645633,11612722,11351,61925,2608,990,161012,2007-12-28 22:22:39,8,6,2019-02-06 14:01:04,"The economic impact of the industry now tops $8.6 billion.
https://t.co/IVDo5hwQ4p"
62,1093138402386591749,11612722,11351,61925,2608,990,161012,2007-12-28 22:22:39,7,10,2019-02-06 13:24:39,UK student accused of DUI in crash that killed 4-year-old boy is indicted on reckless homicide charge… https://t.co/6wgQUGHP9p
63,1093123316611776512,11612722,11351,61925,2608,990,161012,2007-12-28 22:22:39,0,0,2019-02-06 12:24:42,A specialized emergency response unit discovered the man had escaped the house prior to the police setting up a per… https://t.co/f458lBmiVb
64,1093122862423003136,11612722,11351,61925,2608,990,161012,2007-12-28 22:22:39,1,2,2019-02-06 12:22:54,Four men will avoid the possibility of a death penalty after pleading guilty to charges related to the 2016 shootin… https://t.co/J06wEtxsNK
65,1093119327014973440,11612722,11351,61925,2608,990,161012,2007-12-28 22:22:39,0,0,2019-02-06 12:08:51,A woman with whom Sgt. Jervis Middleton had a sexual relationship accused him last summer of stalking and spying on… https://t.co/BdvMOl6jaN
66,1093118699953885184,11612722,11351,61925,2608,990,161012,2007-12-28 22:22:39,0,0,2019-02-06 12:06:21,Lexington police charged the man with two counts of third-degree sexual abuse and being mentally ill and a danger t… https://t.co/K8Eld3jOU6
67,1093118468382228480,11612722,11351,61925,2608,990,161012,2007-12-28 22:22:39,0,1,2019-02-06 12:05:26,McConnell said his amendment would “urge continued commitment from the U.S. military and our partners until we have… https://t.co/euHXauosu3
68,1093117420355678208,11612722,11351,61925,2608,990,161012,2007-12-28 22:22:39,1,2,2019-02-06 12:01:16,The board voted to authorize an investigation into “undisclosed concerns” about the superintendent.  https://t.co/Ux27MFn0Ku
69,1093117084362555392,11612722,11351,61925,2608,990,161012,2007-12-28 22:22:39,2,8,2019-02-06 11:59:56,"The campaign touched on several issues, including eliminating a lifetime voting ban on Kentuckians with felony conv… https://t.co/DcnyDoeMrO"
70,1093116762877583361,11612722,11351,61925,2608,990,161012,2007-12-28 22:22:39,0,1,2019-02-06 11:58:40,A 16-year-old has been charged with assault and resisting arrest after he allegedly punched and injured a Lexington… https://t.co/HxUZKLVHOt
71,1093116031416102912,11612722,11351,61925,2608,990,161012,2007-12-28 22:22:39,0,1,2019-02-06 11:55:45,"The House now has more than 100 women in office. But the vast majority of them, about 90, are Democrats.
https://t.co/vmkeQG1R3U"
72,1092999708438659073,11612722,11351,61925,2608,990,161012,2007-12-28 22:22:39,0,0,2019-02-06 04:13:32,"The division over foreign entanglements marks the sharpest schism yet between Trump and the Republican-led Senate.
https://t.co/HuPl1sh4UC"
73,1092987968049025024,11612722,11351,61925,2608,990,161012,2007-12-28 22:22:39,2,0,2019-02-06 03:26:52,"Two women reported being assaulted by the man.
https://t.co/M6zhxcRA74"
74,1092977584093257729,11612722,11351,61925,2608,990,161012,2007-12-28 22:22:39,1,2,2019-02-06 02:45:37,"Did you notice the Cats' footwear tonight?
https://t.co/6QtDCA5IC6"
75,1092928177620615170,11612722,11351,61925,2608,990,161012,2007-12-28 22:22:39,1,1,2019-02-05 23:29:17,"A woman the sergeant had an affair with accused him of stalking and spying on her.
https://t.co/tQld77W8OH"
76,1092922769023684608,11612722,11351,61925,2608,990,161012,2007-12-28 22:22:39,2,0,2019-02-05 23:07:48,"An innocent bystander, Maryiah Coleman was eight months pregnant and walking her dog when she was struck by a bulle… https://t.co/LTydYW6Saf"
77,1092916658560270337,11612722,11351,61925,2608,990,161012,2007-12-28 22:22:39,2,0,2019-02-05 22:43:31,"“I’m all yours,” Bevin said to the group, which his administration had banned from entering the Capitol as a group… https://t.co/9ZdPAujFXq"
78,1092907709597433857,11612722,11351,61925,2608,990,161012,2007-12-28 22:22:39,24,7,2019-02-05 22:07:57,Breaking News: Enerblu promised hundreds of jobs in Eastern Kentucky. It just suspended those plans.… https://t.co/Fp5JM4G988
79,1092907017650475009,11612722,11351,61925,2608,990,161012,2007-12-28 22:22:39,0,3,2019-02-05 22:05:12,Why has this #Kentucky school superintendent been suspended for 30 days without pay?https://t.co/Ux27MFn0Ku https://t.co/6CwnyLFTiS
80,1092893310673477632,11612722,11351,61925,2608,990,161012,2007-12-28 22:22:39,4,0,2019-02-05 21:10:44,Mitch McConnell responds to @heraldleader editorial: ‘Democrat Politician Protection Act’ won’t pass Senate… https://t.co/ROe6Z8gKKC
81,1092868378254106625,11612722,11351,61925,2608,990,161012,2007-12-28 22:22:39,5,1,2019-02-05 19:31:40,"Lexington makes changes to $80 million farmland preservation program
https://t.co/ndbYHbIpb6 https://t.co/1HlHitN8k3"
82,1092859465240641537,11612722,11351,61925,2608,990,161012,2007-12-28 22:22:39,1,5,2019-02-05 18:56:15,"So, have y'all tried '123456' or 'password'...? https://t.co/TTYZKbNGwB"
83,1092852678013665280,11612722,11351,61925,2608,990,161012,2007-12-28 22:22:39,2,3,2019-02-05 18:29:17,Fallen behind on our editorial cartoonist's work? Catch up with a link on this latest toon. https://t.co/hRUDmAI0HZ
84,1092849898934943745,11612722,11351,61925,2608,990,161012,2007-12-28 22:22:39,0,0,2019-02-05 18:18:14,"Ashley Lyons, 18, of Stamping Ground was more than five months pregnant when she was found shot to death in her car… https://t.co/zh2YFHwTFF"
85,1092813400126689280,11612722,11351,61925,2608,990,161012,2007-12-28 22:22:39,4,3,2019-02-05 15:53:12,Updated: Mom #Calipari has something to say to Bilas. And Oregonlive/Oregonian  journalist explains the photo. #BBN… https://t.co/z5LcgSSDDe
86,1092812582480695299,11612722,11351,61925,2608,990,161012,2007-12-28 22:22:39,4,7,2019-02-05 15:49:57,"How pizza is helping pave potholes in Lexington
https://t.co/8Kcq988qnz https://t.co/YPuOR8znny"
87,1092808942898548737,11612722,11351,61925,2608,990,161012,2007-12-28 22:22:39,2,2,2019-02-05 15:35:30,"Using busy #parking spaces in parts of #Lexington will cost more. City wants money, turnover.… https://t.co/c0SrNIcMZo"
88,1092803557470941185,11612722,11351,61925,2608,990,161012,2007-12-28 22:22:39,1,1,2019-02-05 15:14:06,"A former Jackson County treasurer has pleaded guilty in a case in which she was accused of stealing $161,000 by wri… https://t.co/dztEFdVAb2"
89,1092752598283706369,11612722,11351,61925,2608,990,161012,2007-12-28 22:22:39,0,0,2019-02-05 11:51:36,It's unclear what comes next as lawmakers prepare to reconvene this year's legislative session. https://t.co/N7QsZOA6QE
90,1092750061405175809,11612722,11351,61925,2608,990,161012,2007-12-28 22:22:39,1,1,2019-02-05 11:41:31,Big Bone Lick is the only state park in Ky. with bison. The animals recall the park’s prehistoric past and provide… https://t.co/uDrkuj5WtA
91,1092749677609603072,11612722,11351,61925,2608,990,161012,2007-12-28 22:22:39,1,0,2019-02-05 11:40:00,Police are searching for a Detroit man wanted in connection with a fatal shooting outside a Lexington club on Jan.… https://t.co/Rjt2g1eDHE
92,1092749365855379456,11612722,11351,61925,2608,990,161012,2007-12-28 22:22:39,0,0,2019-02-05 11:38:45,The mother of a Richmond woman who has been missing for a month wants answers from the men her daughter left a Lexi… https://t.co/CaeABL20Yw
93,1092748253991456769,11612722,11351,61925,2608,990,161012,2007-12-28 22:22:39,0,1,2019-02-05 11:34:20,Rand Paul hailed Trump for being “bold enough and strong enough” to end the war in Afghanistan that began after the… https://t.co/asJlOzWntS
94,1092747736489840641,11612722,11351,61925,2608,990,161012,2007-12-28 22:22:39,1,0,2019-02-05 11:32:17,Barstool Sports posted clips on Twitter of Portnoy being dragged out of the game and later being denied access to t… https://t.co/b3OjYVBeH0
95,1092576609096351745,11612722,11351,61925,2608,990,161012,2007-12-28 22:22:39,9,5,2019-02-05 00:12:17,"“What is the one thing that brings Republicans and Democrats together?” Paul asked. “War. They love it, the more, t… https://t.co/xwg8KEvY0s"
96,1092537349291102210,11612722,11351,61925,2608,990,161012,2007-12-28 22:22:39,0,0,2019-02-04 21:36:17,"Hunted to near extinction, the last of the wild bison was seen in Kentucky around 1800. https://t.co/zj3epKQ84S"
97,1092534886135672838,11612722,11351,61925,2608,990,161012,2007-12-28 22:22:39,0,0,2019-02-04 21:26:29,The bare-chested moment Sunday had some feminists and Janet Jackson supporters focused on how male and female nippl… https://t.co/PrfQul7ujX
98,1092468193313124354,11612722,11351,61925,2608,990,161012,2007-12-28 22:22:39,2,6,2019-02-04 17:01:29,"And now he has been thrown out of the Super Bowl, too. https://t.co/uUtfDaRiv0"
99,1092396332613058562,11612722,11351,61925,2608,990,161012,2007-12-28 22:22:39,3,0,2019-02-04 12:15:56,A safety alert was sent out to EKU students on Sunday after it was reported that a person was sexually assaulted on… https://t.co/eyedaUo5vH
100,1092396157316333569,11612722,11351,61925,2608,990,161012,2007-12-28 22:22:39,0,0,2019-02-04 12:15:14,The man suspected in the incident has been identified as 28-year-old Kevin A. Blankenship. https://t.co/NCTXoR1dvK
101,1092395152843440128,11612722,11351,61925,2608,990,161012,2007-12-28 22:22:39,1,0,2019-02-04 12:11:14,New offerings expected include the introduction of the $5 Movie Tuesday program and a new Young at Heart program.… https://t.co/82RwOkbwHr
102,1092394754187452416,11612722,11351,61925,2608,990,161012,2007-12-28 22:22:39,5,4,2019-02-04 12:09:39,"With 1 in 5 Ky. children not having enough to eat at home, many school staffs are taking steps to feed them beyond… https://t.co/ylC69JwtR7"
103,1092394329526714369,11612722,11351,61925,2608,990,161012,2007-12-28 22:22:39,1,0,2019-02-04 12:07:58,Bud Light ran a medieval-themed commercial during Super Bowl LIII slamming Miller Lite and Coors Light for includin… https://t.co/JBHrC12Brd
104,1092030083219550208,11612722,11351,61925,2608,990,161012,2007-12-28 22:22:39,0,0,2019-02-03 12:00:35,"Enjoy great savings! Save up to $185 in coupon savings this Sunday. Pick up a copy at your local store, or sign up… https://t.co/FczAzWVyFb"
105,1092024607295635457,11612722,11351,61925,2608,990,161012,2007-12-28 22:22:39,3,10,2019-02-03 11:38:49,"Montgomery is one of four capable “bigs” for UK, while Florida’s front line is largely depleted because of injuries… https://t.co/rdDhEmIHHg"
106,1092023902052761600,11612722,11351,61925,2608,990,161012,2007-12-28 22:22:39,7,2,2019-02-03 11:36:01,"Hunter Ray Denney-Wesley was a sixth-grader at Science Hill Independent who “loved his dog Pugley.""  https://t.co/Fv0mkyi9Ca"
107,1092023508689920001,11612722,11351,61925,2608,990,161012,2007-12-28 22:22:39,1,1,2019-02-03 11:34:27,"Neal James died at the Isaiah House in Willisburg, where he had been helping people battling substance abuse.
 https://t.co/yFcmXiIBtz"
108,1091865100061949955,11612722,11351,61925,2608,990,161012,2007-12-28 22:22:39,1,12,2019-02-03 01:05:00,Commentary: Lexington's Bishop John Stowe was wrong to criticize the Covington Catholic students. https://t.co/RBc7ekqE0g
109,1091850000357679104,11612722,11351,61925,2608,990,161012,2007-12-28 22:22:39,0,2,2019-02-03 00:05:00,"""I've missed weddings, I've missed funerals, but I've never missed a Super Bowl."" https://t.co/qelHkNpXqd"
110,1091825629824274433,11612722,11351,61925,2608,990,161012,2007-12-28 22:22:39,1,1,2019-02-02 22:28:09,Conservationists warn that damage to sensitive lands could take decades to recover as a result of the 35-day govern… https://t.co/mP1TR3Q3Sl
111,1091780152357462021,11612722,11351,61925,2608,990,161012,2007-12-28 22:22:39,0,1,2019-02-02 19:27:27,"Tragic story out of Pulaski County. 💔
The funeral for 12-year-old Hunter will be 11 a.m. Thursday. https://t.co/Fv0mkyi9Ca"
112,1091733658703147015,11612722,11351,61925,2608,990,161012,2007-12-28 22:22:39,0,0,2019-02-02 16:22:42,"The former Raceland city clerk has been arrested and accused of embezzling more than $16,000 after a Kentucky State… https://t.co/cuFvLvHtAC"
113,1091715024295481346,11612722,11351,61925,2608,990,161012,2007-12-28 22:22:39,1,1,2019-02-02 15:08:39,"“I like this team better than last year’s team,” @DickieV said recently. “I love the depth factor.”  https://t.co/78cr9JBYFl"
114,1091696282622668802,11612722,11351,61925,2608,990,161012,2007-12-28 22:22:39,4,5,2019-02-02 13:54:11,"😼v. 🐊

4 p.m. today.
 https://t.co/7NHkMXg5Oo"
115,1091684888300924931,11612722,11351,61925,2608,990,161012,2007-12-28 22:22:39,9,16,2019-02-02 13:08:54,"""While getting his food, a student smiled at his teacher and said, ‘We haven’t had a lot of food to eat at home ...… https://t.co/APhXFSShHI"
116,1091682480153944064,11612722,11351,61925,2608,990,161012,2007-12-28 22:22:39,30,87,2019-02-02 12:59:20,"The groundhog has spoken.

It is time for spring. 🙌https://t.co/fswuiPqWMc"
117,1091511933541511168,11612722,11351,61925,2608,990,161012,2007-12-28 22:22:39,8,21,2019-02-02 01:41:38,"""Her quiet strength made a seat available to everyone.""
https://t.co/2HbGEEhE19"
118,1091497678863847425,11612722,11351,61925,2608,990,161012,2007-12-28 22:22:39,1,2,2019-02-02 00:45:00,Next week: It’s back to Kentucky and the chefs come to Rupp Arena! https://t.co/FE278OFduA
119,1091493864152752128,11612722,11351,61925,2608,990,161012,2007-12-28 22:22:39,8,5,2019-02-02 00:29:50,"Did you get a vaccination at work this fall or winter?
https://t.co/daJECFP2BP"
120,1091491638961090560,11612722,11351,61925,2608,990,161012,2007-12-28 22:22:39,3,6,2019-02-02 00:21:00,"New offerings expected include the introduction of the $5 Movie Tuesday program, featuring $5 movies and free compl… https://t.co/JolxiVtKIc"
121,1091486400334188546,11612722,11351,61925,2608,990,161012,2007-12-28 22:22:39,1,5,2019-02-02 00:00:11,"ICYMI: Neal James, better known as The Banjo Man (and friend of “The Turtleman”) on @AnimalPlanet “The Call of the… https://t.co/RjmHxN91sD"
122,1091477807291600896,11612722,11351,61925,2608,990,161012,2007-12-28 22:22:39,3,1,2019-02-01 23:26:02,The victim suffered significant injuries after being dragged across the floor and out onto a porch of an adult day… https://t.co/P2jbsW3gAe
123,1091443810134081536,11612722,11351,61925,2608,990,161012,2007-12-28 22:22:39,5,2,2019-02-01 21:10:57,"Joey Lee Bailey, 41, of Georgetown, had apparently been drinking at the northside bar and another bar outside Lexin… https://t.co/YfZ2BMVJW0"
124,1091438698133114881,11612722,11351,61925,2608,990,161012,2007-12-28 22:22:39,3,1,2019-02-01 20:50:38,"Why a plan that will guide growth in Lexington for the next five years has stalled
https://t.co/RBvLmefXOS https://t.co/1CroeYhB0i"
125,1091426625286217734,11612722,11351,61925,2608,990,161012,2007-12-28 22:22:39,1,2,2019-02-01 20:02:39,A criminal complaint against the teacher alleges there was one young Cambodian victim but court records say Homelan… https://t.co/qZNSlwZJj4
126,1091419157474828288,11612722,11351,61925,2608,990,161012,2007-12-28 22:22:39,11,7,2019-02-01 19:32:59,"The Kentucky man was on “The Call of the Wildman,” which aired from 2011 to 2014 on #AnimalPlanet , and followed an… https://t.co/DNcLMdMHqU"
127,1091407704395079680,11612722,11351,61925,2608,990,161012,2007-12-28 22:22:39,2,3,2019-02-01 18:47:28,"This theatre has been sold.
https://t.co/CsiRu4RUZ3"
128,1091400434437246978,11612722,11351,61925,2608,990,161012,2007-12-28 22:22:39,3,3,2019-02-01 18:18:35,Kentucky Secretary of State Alison Lundergan Grimes is under investigation by three different agencies. https://t.co/8yLIUPDds3
129,1091399815165026307,11612722,11351,61925,2608,990,161012,2007-12-28 22:22:39,3,2,2019-02-01 18:16:07,"The cause of her death has not yet been determined, the 
coroner said. She was outside in the cold for a long time. https://t.co/i8UWV0k3KG"
130,1091389164535365634,11612722,11351,61925,2608,990,161012,2007-12-28 22:22:39,4,4,2019-02-01 17:33:48,"When Kentucky Secretary of State Alison Lundergan Grimes hired CyberScout to analyze election security, she ignored… https://t.co/eb14UVoIky"
131,1091371620873261056,11612722,11351,61925,2608,990,161012,2007-12-28 22:22:39,3,8,2019-02-01 16:24:05,New: Lexington bishop says he’s been threatened with defamation suit over MAGA hat op-ed https://t.co/PhX9tytndc https://t.co/fesN9c4U3G
132,1091342704393502720,11612722,11351,61925,2608,990,161012,2007-12-28 22:22:39,4,5,2019-02-01 14:29:11,Editorial: The public could discover how much businesses and other interests are spending to lobby Kentucky’s execu… https://t.co/fShEqBRSmf
133,1091339942490443776,11612722,11351,61925,2608,990,161012,2007-12-28 22:22:39,0,5,2019-02-01 14:18:13,Commentary: Catholic board members of Right to Life of Central Kentucky have problems with recent op-ed from Bishop… https://t.co/Sb5ah2ifUi
134,1091337596721086464,11612722,11351,61925,2608,990,161012,2007-12-28 22:22:39,2,1,2019-02-01 14:08:53,"The Rangers’ appeal has proven inviting enough to forge an unlikely alliance with comedian/actor Steve Martin.
https://t.co/KtqjozODpf"
135,1091327461546176515,11612722,11351,61925,2608,990,161012,2007-12-28 22:22:39,0,1,2019-02-01 13:28:37,‘It’s too much control.’ Grimes’ power over #Kentucky elections board sparks backlash. https://t.co/PEQMs413eq
136,1091320928942911490,11612722,11351,61925,2608,990,161012,2007-12-28 22:22:39,2,1,2019-02-01 13:02:39,"Kentucky man is suspected of leaking 14,200 HIV records from Singapore https://t.co/SCgf7LJvN7"
137,1091320847749517312,11612722,11351,61925,2608,990,161012,2007-12-28 22:22:39,1,0,2019-02-01 13:02:20,Investigation underway after Kentucky family of three found dead https://t.co/S1Rlymea7Q
138,1091317444780720128,11612722,11351,61925,2608,990,161012,2007-12-28 22:22:39,4,0,2019-02-01 12:48:49,Some have argued that allowing felons to vote would benefit Democrats because felons tend to be disproportionately… https://t.co/H446dVRbpV
139,1091317174541656064,11612722,11351,61925,2608,990,161012,2007-12-28 22:22:39,0,0,2019-02-01 12:47:44,‘It’s too much control.’ Grimes’ power over Kentucky elections board sparks backlash. https://t.co/PEQMs413eq
140,1091313674067820544,11612722,11351,61925,2608,990,161012,2007-12-28 22:22:39,2,1,2019-02-01 12:33:50,Dramatic weekend warm up is temporary before another arctic front and winter weather get here. WKYT meteorologist C… https://t.co/MInaL81dQx
141,1091309604930310144,11612722,11351,61925,2608,990,161012,2007-12-28 22:22:39,4,7,2019-02-01 12:17:40,Beshear to lawmakers: Kentucky’s fetal heartbeat abortion bill is unconstitutional https://t.co/Ekw2JkEpfn
142,1091309521019043848,11612722,11351,61925,2608,990,161012,2007-12-28 22:22:39,0,1,2019-02-01 12:17:20,"Kentucky regulators reject water district’s steep rate hike, citing ‘lack of candor’ https://t.co/3o2Pkqyu10"
143,1091097989874151424,11612722,11351,61925,2608,990,161012,2007-12-28 22:22:39,0,0,2019-01-31 22:16:47,"“Most notably, Southern Water lost a number of financial records when it switched billing systems and failed to arc… https://t.co/JvrSGxyYAF"
144,1091093575956336640,11612722,11351,61925,2608,990,161012,2007-12-28 22:22:39,3,3,2019-01-31 21:59:14,"“He is reinforcing his ideological position on something he has a personal interest in."" https://t.co/hZVlfn7V0K"
145,1091056391345893376,11612722,11351,61925,2608,990,161012,2007-12-28 22:22:39,2,2,2019-01-31 19:31:29,"The leaked records included 5,400 Singaporeans diagnosed with HIV up to January 2013, and 8,800 foreigners diagnose… https://t.co/Ao4O7zLssj"
146,1091052064862621698,11612722,11351,61925,2608,990,161012,2007-12-28 22:22:39,0,0,2019-01-31 19:14:17,"The school board's auditor has been the same for 13 years. Why's that?
https://t.co/CFICHtmJ5O"
147,1091040951395647488,11612722,11351,61925,2608,990,161012,2007-12-28 22:22:39,0,0,2019-01-31 18:30:08,"THANK YOU for donating to the War Within Initiative’s fundraising campaign! Because of your generosity, letters wil… https://t.co/dkoXAmXeGQ"
148,1091025774566690816,11612722,11351,61925,2608,990,161012,2007-12-28 22:22:39,3,9,2019-01-31 17:29:49,"“The Supreme Court has spoken on this issue. This means that when the state is sued over the law, the Commonwealth… https://t.co/QTUg6ur9X3"
149,1091016484351102977,11612722,11351,61925,2608,990,161012,2007-12-28 22:22:39,2,3,2019-01-31 16:52:54,"Hoover and two others are seeking repayment of the $110,000 they paid in 2017, plus interest. https://t.co/BTPt6Scmfn"
150,1091014000001908737,11612722,11351,61925,2608,990,161012,2007-12-28 22:22:39,24,65,2019-01-31 16:43:02,"And now there's a T-shirt.
https://t.co/S8hiCdmSo3"
151,1091009822319955974,11612722,11351,61925,2608,990,161012,2007-12-28 22:22:39,2,2,2019-01-31 16:26:26,"Got plans this weekend? We have ideas.
https://t.co/8sqgictVXJ"
152,1091006696527458304,11612722,11351,61925,2608,990,161012,2007-12-28 22:22:39,5,23,2019-01-31 16:14:01,"""Soft."" @heraldleader cartoonist Joel Pett on ""Attention-Hog Day."" https://t.co/wDne0Z1MAN"
153,1091006668316520449,11612722,11351,61925,2608,990,161012,2007-12-28 22:22:39,2,5,2019-01-31 16:13:54,"What these kids want is a snow day.
https://t.co/2i6Fz6HPMr"
154,1090999829776556032,11612722,11351,61925,2608,990,161012,2007-12-28 22:22:39,0,1,2019-01-31 15:46:43,"Officials are looking near Lake Reba.
https://t.co/y4CTIUhpe2"
155,1090985863629193216,11612722,11351,61925,2608,990,161012,2007-12-28 22:22:39,4,6,2019-01-31 14:51:14,"Grimes is facing a revolt by some staff, as well as a loss of trust from many of the county clerks who administer e… https://t.co/TbRXzl0CJ2"
156,1090982249087029248,11612722,11351,61925,2608,990,161012,2007-12-28 22:22:39,1,1,2019-01-31 14:36:52,"How do we continue bearing witness to God’s grace even as we inhabit an ungracious era?
https://t.co/OZlLeFoQVw"
157,1090974142114000897,11612722,11351,61925,2608,990,161012,2007-12-28 22:22:39,3,1,2019-01-31 14:04:39,"This hit-making, award-winning Australian-based group will be at Rupp.
https://t.co/u9vxjzV4U9"
158,1090973731659358209,11612722,11351,61925,2608,990,161012,2007-12-28 22:22:39,22,27,2019-01-31 14:03:01,"Kentucky Secretary of State @AlisonForKY expanded her sway over the state’s election process with audacity, a willi… https://t.co/2mk0RW5FmG"
159,1090939373292539904,11612722,11351,61925,2608,990,161012,2007-12-28 22:22:39,1,2,2019-01-31 11:46:29,What media members who cast votes for the 2018Kentucky Sports Figure of the Year award said about those who finishe… https://t.co/7ynrlly0vz
160,1090939007507357696,11612722,11351,61925,2608,990,161012,2007-12-28 22:22:39,0,1,2019-01-31 11:45:02,A closer look at the top 10 finishers in voting for the 2018 Lexington Herald-Leader Kentucky Sports Figure of the… https://t.co/41daiFhOVm
161,1090938694540976130,11612722,11351,61925,2608,990,161012,2007-12-28 22:22:39,1,2,2019-01-31 11:43:48,One hundred seventy-six current and former media members from across Kentucky helped select the 2018 Kentucky Sport… https://t.co/Qtm4qMov2Z
162,1090937454352306176,11612722,11351,61925,2608,990,161012,2007-12-28 22:22:39,1,0,2019-01-31 11:38:52,"Drew Barrymore’s film, “The Stand-In,” will film in part at Wrigley Media Group Studios in Lexington,  https://t.co/nlJ9BUA3uM"
163,1090937129293754368,11612722,11351,61925,2608,990,161012,2007-12-28 22:22:39,1,0,2019-01-31 11:37:34,"“As the opioid epidemic is devastating families and communities by claiming more than 30 lives a week in Kentucky,… https://t.co/5aScbCS10v"
164,1090936920568459264,11612722,11351,61925,2608,990,161012,2007-12-28 22:22:39,0,0,2019-01-31 11:36:45,"The boy’s parents and 5-year-old sister escaped the fire, according to WKYT.  https://t.co/9eFapD4qkO"
165,1090936792948322305,11612722,11351,61925,2608,990,161012,2007-12-28 22:22:39,2,2,2019-01-31 11:36:14,The mother said her fifth-grade daughter and her first-grade son get far less physical activity than was offered at… https://t.co/PomlseOfvl
166,1090936329213493249,11612722,11351,61925,2608,990,161012,2007-12-28 22:22:39,10,60,2019-01-31 11:34:24,"Adam Edelen, a candidate for Governor, said  “I wish there were better words to describe things our governor says t… https://t.co/NvqjsYRyfn"
167,1090935757437587456,11612722,11351,61925,2608,990,161012,2007-12-28 22:22:39,0,0,2019-01-31 11:32:07,"The lawsuit arose from Boucher’s attack on Paul on Nov. 3, 2017 in the upscale Bowling Green subdivision where they… https://t.co/qHa1r29NED"
168,1090935445402411010,11612722,11351,61925,2608,990,161012,2007-12-28 22:22:39,0,1,2019-01-31 11:30:53,A three-judge panel will hear arguments about who should bear the case’s expenses today at the U.S. 6th Circuit Cou… https://t.co/B92iuPBix4
169,1090935232281362433,11612722,11351,61925,2608,990,161012,2007-12-28 22:22:39,0,0,2019-01-31 11:30:02,"“We’re having people to look into the legality” of the dismissal, Steve Knipper said Wednesday.  https://t.co/ZAKmdHVSmA"
170,1090766230653411328,11612722,11351,61925,2608,990,161012,2007-12-28 22:22:39,12,13,2019-01-31 00:18:29,"""We’ve got to get the message out that violence is really not the way to  resolve our differences."" Story updated w… https://t.co/6JBCqOKzyr"
171,1090736424855502850,11612722,11351,61925,2608,990,161012,2007-12-28 22:22:39,2,6,2019-01-30 22:20:03,"Despite opposition from Kentucky Lt. Gov. Jenean Hampton, Gov. Matt Bevin’s administration has fired her chief of s… https://t.co/hScC3qFTvi"
172,1090733717235081217,11612722,11351,61925,2608,990,161012,2007-12-28 22:22:39,6,9,2019-01-30 22:09:17,Parents &amp; students: No school for @FCPSKY tomorrow! https://t.co/rAgWlw52GG
173,1090671681809584128,11612722,11351,61925,2608,990,161012,2007-12-28 22:22:39,60,274,2019-01-30 18:02:47,"“This nitwit governor in Kentucky, saying, ‘Oh, we’re weak,’” Roker said on MSNBC. “These are kids who are going to… https://t.co/yBbakvB62d"
174,1090663090155388934,11612722,11351,61925,2608,990,161012,2007-12-28 22:22:39,5,12,2019-01-30 17:28:38,The plot centers on a comedy actress and her ambitious stand-in trading places. https://t.co/nlJ9BUA3uM
175,1090656748879392769,11612722,11351,61925,2608,990,161012,2007-12-28 22:22:39,6,9,2019-01-30 17:03:27,“Her local policy stood in direct conflict with her statutory obligation to issue marriage licenses to qualified Ke… https://t.co/tmPQZAmwla
176,1090636527162527744,11612722,11351,61925,2608,990,161012,2007-12-28 22:22:39,0,0,2019-01-30 15:43:05,We ate at Epping's and here's what we thought about the food. https://t.co/uLqGiOJBSS
177,1090615111990034432,11612722,11351,61925,2608,990,161012,2007-12-28 22:22:39,1,2,2019-01-30 14:18:00,"Once postponed, the show is back on. https://t.co/s1L6C3E9ec"
178,1090614054622846976,11612722,11351,61925,2608,990,161012,2007-12-28 22:22:39,2,1,2019-01-30 14:13:47,"Band plays Velvet Underground. Cher plays Louisville.
https://t.co/PUGVMYITBJ"
179,1090611228039434240,11612722,11351,61925,2608,990,161012,2007-12-28 22:22:39,3,6,2019-01-30 14:02:33,"No recess since October? 
https://t.co/VtjpZNbtdc"
180,1090579378659053569,11612722,11351,61925,2608,990,161012,2007-12-28 22:22:39,2,1,2019-01-30 11:56:00,Lexington trial lawyer Michael T. Davis filed but said Tuesday that he intends to drop out of the race later this w… https://t.co/SuMp7ztWIa
181,1090579033946054657,11612722,11351,61925,2608,990,161012,2007-12-28 22:22:39,3,0,2019-01-30 11:54:38,A field of 39 candidates will compete in May for their political party’s nomination for Kentucky governor and six o… https://t.co/Yk8KmiRzcZ
182,1090578873148940289,11612722,11351,61925,2608,990,161012,2007-12-28 22:22:39,3,1,2019-01-30 11:53:59,"Demolition continues at Transylvania University as the 60-year-old Forrer Hall comes down to make way for a new, $3… https://t.co/kM0CwTIqiY"
183,1090575353951776768,11612722,11351,61925,2608,990,161012,2007-12-28 22:22:39,1,0,2019-01-30 11:40:00,"The deaths appear to have been caused by drug overdoses, Lexington police spokeswoman Brenna Angel said. https://t.co/Hz3L3RPHHi"
184,1090575241154359296,11612722,11351,61925,2608,990,161012,2007-12-28 22:22:39,0,0,2019-01-30 11:39:34,The state police’s commercial vehicle enforcement and local law enforcement agencies will accompany the vehicle to… https://t.co/LFPsH3x9ro
185,1090574944684126208,11612722,11351,61925,2608,990,161012,2007-12-28 22:22:39,2,5,2019-01-30 11:38:23,"Republican Rep. Robert Goforth, who also is challenging Bevin in the governor’s race, tweeted, “Easy for a guy to s… https://t.co/qgqdQdTLd7"
186,1090574452247719941,11612722,11351,61925,2608,990,161012,2007-12-28 22:22:39,4,1,2019-01-30 11:36:25,"“Although Kentucky exempts the ‘medically frail’ from its new work requirements, the commonwealth’s definition of t… https://t.co/h9OYry7CZQ"
187,1090574014957932544,11612722,11351,61925,2608,990,161012,2007-12-28 22:22:39,8,7,2019-01-30 11:34:41,“The cost to the state for Boone Station is almost nothing. There is a mowing contract and a very small electric bi… https://t.co/oiRO0wRWM8
188,1090573755070455809,11612722,11351,61925,2608,990,161012,2007-12-28 22:22:39,1,2,2019-01-30 11:33:39,"Winchester-based GenCanna, working with a University of Kentucky plant scientist, announced on Monday it has develo… https://t.co/xNXkNT14Z1"
189,1090461636475998209,11612722,11351,61925,2608,990,161012,2007-12-28 22:22:39,13,33,2019-01-30 04:08:08,"Bevin's political rivals wasted no time in reacting.
https://t.co/pFOWy4nBiB"
190,1090428652381179904,11612722,11351,61925,2608,990,161012,2007-12-28 22:22:39,5,2,2019-01-30 01:57:04,"The trailer is carrying a load 27 feet wide.
https://t.co/yUqkykkyLa"
191,1090410695764652033,11612722,11351,61925,2608,990,161012,2007-12-28 22:22:39,0,1,2019-01-30 00:45:43,Story updated with other schools that have canceled classes on January 30. https://t.co/o7kx9ZYbgC
192,1090397619707363329,11612722,11351,61925,2608,990,161012,2007-12-28 22:22:39,10,17,2019-01-29 23:53:45,It's official: No classes for UK on Wednesday.  https://t.co/h3fwopJ27U
193,1090358821153845248,11612722,11351,61925,2608,990,161012,2007-12-28 22:22:39,5,11,2019-01-29 21:19:35,"A @Transy dorm is demolished to make room for new student center
https://t.co/mm30ch2er7 https://t.co/xhu9MGWhbX"
194,1090350934151045121,11612722,11351,61925,2608,990,161012,2007-12-28 22:22:39,1,1,2019-01-29 20:48:15,"After saving his newly-adopted dog from icy waters, a Chicago man had to be rescued by police. https://t.co/xisSf5tlNP"
195,1090332758587650048,11612722,11351,61925,2608,990,161012,2007-12-28 22:22:39,8,1,2019-01-29 19:36:01,The Fayette County coroner will make the final determination on cause of death. https://t.co/Hz3L3RPHHi
196,1090332189638696961,11612722,11351,61925,2608,990,161012,2007-12-28 22:22:39,2,0,2019-01-29 19:33:46,"Lexington's circuit judge race is shaping up to be among the most competitive of the primary election battles.
https://t.co/VRYS7IoFlV"
197,1090309857662644224,11612722,11351,61925,2608,990,161012,2007-12-28 22:22:39,4,2,2019-01-29 18:05:01,"Changes suggested for background check bill. 
https://t.co/OsTbOV8gaF"
198,1090295675164733440,11612722,11351,61925,2608,990,161012,2007-12-28 22:22:39,5,1,2019-01-29 17:08:40,"So far, seven governor/lieutenant governor slates — four Democrats and three Republicans — have filed with the secr… https://t.co/wqTZeus7Ko"
199,1090281270226153472,11612722,11351,61925,2608,990,161012,2007-12-28 22:22:39,40,18,2019-01-29 16:11:25,State officials quietly gave away a historic park where Daniel Boone lived. What’s next? New from @tomeblen https://t.co/efSWrVD8qJ
200,1090279260475084807,11612722,11351,61925,2608,990,161012,2007-12-28 22:22:39,6,0,2019-01-29 16:03:26,"“That’s a big hit for any Smalltown America.""
https://t.co/4YXabQR0cu"
201,1090267046552559618,11612722,11351,61925,2608,990,161012,2007-12-28 22:22:39,8,6,2019-01-29 15:14:54,‘Miserable’ and dangerous. What to know about below-zero wind chill heading for Kentucky. https://t.co/5NYyy7Unor https://t.co/keptj4HAhi
202,1090256161117519872,11612722,11351,61925,2608,990,161012,2007-12-28 22:22:39,9,8,2019-01-29 14:31:39,“Many unemployed and underemployed beneficiaries will simply lose coverage. All will face higher barriers between t… https://t.co/aO0vGfYSWh
203,1090220351034929152,11612722,11351,61925,2608,990,161012,2007-12-28 22:22:39,1,2,2019-01-29 12:09:21,The new plant is “a potential game-changer not just for industrial hemp in Kentucky but nationwide.” https://t.co/N6iLlUrS5s
204,1090220052106891265,11612722,11351,61925,2608,990,161012,2007-12-28 22:22:39,4,4,2019-01-29 12:08:10,“Hillbilly Elegy” is J.D. Vance’s personal story about raising himself from an impoverished family with little form… https://t.co/5hmnyJGbOz
205,1090219347694497794,11612722,11351,61925,2608,990,161012,2007-12-28 22:22:39,4,6,2019-01-29 12:05:22,"The new restaurant, which draws its name from the John G. Epping bottling plant, the original tenant of the buildin… https://t.co/t1YP987F8v"
206,1090218712416874497,11612722,11351,61925,2608,990,161012,2007-12-28 22:22:39,2,4,2019-01-29 12:02:50,"John Clay: Though winless in the league, Vandy has been much more competitive at home.
#BBN 
 https://t.co/iz6miniZUZ"
207,1090218227135852544,11612722,11351,61925,2608,990,161012,2007-12-28 22:22:39,3,3,2019-01-29 12:00:55,"No. 15 Louisville made the week’s biggest jump, moving up eight spots. #BBN  https://t.co/o3pfAUms37"
208,1090217920951656450,11612722,11351,61925,2608,990,161012,2007-12-28 22:22:39,0,3,2019-01-29 11:59:42,The Whitaker Bank/KHSAA Boys’ Sweet Sixteen is scheduled for March 6-10 at Rupp Arena. The girls’ Sweet Sixteen wil… https://t.co/h4pTknZnZo
209,1090215540021489664,11612722,11351,61925,2608,990,161012,2007-12-28 22:22:39,1,4,2019-01-29 11:50:14,"The facility is being built on city-owned land near Old Frankfort Pike and Alexandria Drive.
 https://t.co/IutH81Ht3J"
210,1090215211318038528,11612722,11351,61925,2608,990,161012,2007-12-28 22:22:39,1,0,2019-01-29 11:48:56,"Kevin Josue Ipina-Garcia, 25, faces a total of 33 years in prison after pleading guilty to charges of murder, wanto… https://t.co/gMsOgDLuzE"
211,1090215040819568644,11612722,11351,61925,2608,990,161012,2007-12-28 22:22:39,0,0,2019-01-29 11:48:15,Andy Barr has been appointed the top Republican on the oversight and investigations subcommittee of the powerful Ho… https://t.co/KE6ri7Kp16
212,1090214829976109056,11612722,11351,61925,2608,990,161012,2007-12-28 22:22:39,2,3,2019-01-29 11:47:25,Comer expressed “zero desire to run against a multimillionaire incumbent governor in a primary regardless of how un… https://t.co/2puQ6iosYe
213,1090214551960911875,11612722,11351,61925,2608,990,161012,2007-12-28 22:22:39,1,1,2019-01-29 11:46:19,Christopher Collins was charged with wanton endangerment for allegedly leaving his wife in a situation which could… https://t.co/uJBrMvY0OZ
214,1090213930818027520,11612722,11351,61925,2608,990,161012,2007-12-28 22:22:39,28,70,2019-01-29 11:43:50,"The civil complaint pits U.S. Sen. Rand Paul against his neighbor, retired anesthesiologist Rene Boucher, who admit… https://t.co/R1kFSC4BiA"
215,1090213700043268096,11612722,11351,61925,2608,990,161012,2007-12-28 22:22:39,2,7,2019-01-29 11:42:55,"Her staff searched for hundreds of voters, mostly state employees outside the secretary of state’s office, for no d… https://t.co/S5hfygzmdR"
216,1090212891108802560,11612722,11351,61925,2608,990,161012,2007-12-28 22:22:39,0,0,2019-01-29 11:39:43,"The tribunal found that the sole charge against the teacher was conduct unbecoming of a teacher, not abuse or negle… https://t.co/brqYi8lT2t"
217,1089992523915898881,11612722,11351,61925,2608,990,161012,2007-12-28 22:22:39,1,2,2019-01-28 21:04:03,"The new plant is “a potential game-changer not just for industrial hemp in Kentucky but nationwide.”
https://t.co/N6iLlUrS5s"
218,1089986390828429312,11612722,11351,61925,2608,990,161012,2007-12-28 22:22:39,3,2,2019-01-28 20:39:41,The same team that's coming to Kentucky helped search for a missing Kentucky native in Texas. Emily Wade was found… https://t.co/fM5bSiM64Z
219,1089984519388704768,11612722,11351,61925,2608,990,161012,2007-12-28 22:22:39,1,0,2019-01-28 20:32:15,"Court documents indicated April Collins stayed home from work on Nov. 1 with the dog, and Christopher Collins sent… https://t.co/CZwSYUDlnR"
220,1089983856890077186,11612722,11351,61925,2608,990,161012,2007-12-28 22:22:39,2,4,2019-01-28 20:29:37,"These officers search for drugs, explosives and suspects. https://t.co/IutH81Ht3J"
221,1089967395031207936,11612722,11351,61925,2608,990,161012,2007-12-28 22:22:39,3,3,2019-01-28 19:24:12,"A state panel and the superintendent do not agree.
https://t.co/KoKO7Hp9Pi"
222,1089940636143439872,11612722,11351,61925,2608,990,161012,2007-12-28 22:22:39,4,3,2019-01-28 17:37:52,Eastern Kentucky teacher accused of inappropriately touching his student https://t.co/m8NOxfmPT6 https://t.co/Gynkepc5uT
223,1089938425246040064,11612722,11351,61925,2608,990,161012,2007-12-28 22:22:39,5,5,2019-01-28 17:29:05,This best-selling book will come to the screen via this streaming service. https://t.co/tbJzBbT5LQ
224,1089932497314635777,11612722,11351,61925,2608,990,161012,2007-12-28 22:22:39,4,2,2019-01-28 17:05:31,"This new restaurant will be located in a space empty for two years.
https://t.co/LdEgGxb4QC"
225,1089932117256093697,11612722,11351,61925,2608,990,161012,2007-12-28 22:22:39,85,76,2019-01-28 17:04:01,"SPECIAL REPORT: Staff of @KySecofState Alison Grimes searched sensitive voting records of hundreds: state workers,… https://t.co/qOxactVb0U"
226,1089923746981429249,11612722,11351,61925,2608,990,161012,2007-12-28 22:22:39,3,1,2019-01-28 16:30:45,"""We’re glad the family doesn’t have to ... relive that night."" #Lexington #homicide https://t.co/N5V4lJzRsP"
227,1089900871155097600,11612722,11351,61925,2608,990,161012,2007-12-28 22:22:39,4,0,2019-01-28 14:59:51,He expressed “zero desire to run against a multimillionaire incumbent governor in a primary regardless of how unpop… https://t.co/DTzsSIlapi
228,1089886802863898625,11612722,11351,61925,2608,990,161012,2007-12-28 22:22:39,193,480,2019-01-28 14:03:57,Rene Boucher said he attacked Sen. Rand Paul out of anger over Paul repeatedly stacking yard waste near their prope… https://t.co/h01YDFcLEZ
229,1089877111677087749,11612722,11351,61925,2608,990,161012,2007-12-28 22:22:39,4,5,2019-01-28 13:25:27,Andy Barr has been appointed the top Republican on the oversight and investigations subcommittee of the House Finan… https://t.co/mNOSFSOKKs
