Index,ID,User_ID,Friends_Count,Followers_Count,Favourites_Count,Listed_Count,Status_Count,Created_at,Retweet_Count,Favourite_Count,Created_at,Text
1,1094023100138688512,8695932,656,241006,781,2478,162763,2007-09-05 22:01:17,1,7,2019-02-09 00:00:07,"Calling it ‘the new normal,’ feds arrest 200 undocumented immigrants in NC this week. https://t.co/TDsjHT0e4H"
2,1094007999218241536,8695932,656,241006,781,2478,162763,2007-09-05 22:01:17,1,2,2019-02-08 23:00:07,Beware of ‘all kinds of ways to get ripped off’ at #NBAAllStar in Charlotte. https://t.co/ePkwmYQ7XB
3,1094007484224802824,8695932,656,241006,781,2478,162763,2007-09-05 22:01:17,1,2,2019-02-08 22:58:04,Coming soon: @ATC10K — believe it or not — will (briefly) shut down I-277 https://t.co/p1nA5CrRXZ
4,1093997071730913280,8695932,656,241006,781,2478,162763,2007-09-05 22:01:17,2,2,2019-02-08 22:16:42,"@Hornets For decades, Carl Scheer boasted one of the sharpest minds in basketball. Now that mind is betraying him.… https://t.co/WkrgaK1pOC"
5,1093996651126042627,8695932,656,241006,781,2478,162763,2007-09-05 22:01:17,3,10,2019-02-08 22:15:01,"What did Carl Scheer do besides invent the all-star dunk contest, help forge the NBA-ABA merger, and run the… https://t.co/NfTEPGLkWj"
6,1093989001416134657,8695932,656,241006,781,2478,162763,2007-09-05 22:01:17,6,2,2019-02-08 21:44:37,"With a hearing coming up in disputed #NC09, Harris wants to subpoena McCready. https://t.co/b8JLh2xPKM"
7,1093968259429421056,8695932,656,241006,781,2478,162763,2007-09-05 22:01:17,4,19,2019-02-08 20:22:12,Comedian Dave Chappelle to play in Charlotte for #NBAAllStar https://t.co/bygmDXt87e
8,1093874184529330177,8695932,656,241006,781,2478,162763,2007-09-05 22:01:17,1,0,2019-02-08 14:08:23,"Celebrities, parties, traffic jams. Will it be worth going uptown on #NBAAllStar weekend? https://t.co/IhP3jdG4Ib"
9,1093828429160554498,8695932,656,241006,781,2478,162763,2007-09-05 22:01:17,0,0,2019-02-08 11:06:34,Interim chancellor promises ‘bold’ leadership and says he could seek @UNC job permanently. https://t.co/tgn9ZIqTJm
10,1093822531440701440,8695932,656,241006,781,2478,162763,2007-09-05 22:01:17,1,2,2019-02-08 10:43:08,Charlotte women on ‘Nina Simone: Four Women’ at @actorstheatre: ‘There’s all kinds of magic happening here’ https://t.co/OU2m1yUkiC
11,1093817478894022656,8695932,656,241006,781,2478,162763,2007-09-05 22:01:17,3,2,2019-02-08 10:23:03,"Remember the hullabaloo over NC teachers high failure rates on math exams? State officials announced that, well ...… https://t.co/4KZCWZLFOO"
12,1093812094301102081,8695932,656,241006,781,2478,162763,2007-09-05 22:01:17,1,3,2019-02-08 10:01:39,KNOW: Artist Kenny Nguyen’s second solo show at @SozoGallery continues through Feb. 8. https://t.co/bOyo2HGgXU
13,1093728368158261253,8695932,656,241006,781,2478,162763,2007-09-05 22:01:17,1,1,2019-02-08 04:28:58,@theobserver State biologists revealed a disconcerting fact. https://t.co/RN4AwtUOmu
14,1093709783750922240,8695932,656,241006,781,2478,162763,2007-09-05 22:01:17,3,3,2019-02-08 03:15:07,.@WilmingtonPD hope to find a driver who swerved to hit two people walking down the road. The video was caught by a… https://t.co/vnigaM4hUa
15,1093683363251142658,8695932,656,241006,781,2478,162763,2007-09-05 22:01:17,0,2,2019-02-08 01:30:08,"Every NC school should have a police officer, the Governor’s Crime Commission Special Committee on School Shootings… https://t.co/tF5AYkLspn"
16,1093675826112053248,8695932,656,241006,781,2478,162763,2007-09-05 22:01:17,1,4,2019-02-08 01:00:11,Senate Bill 28 restores master’s pay for North Carolina teachers as long as they get their degree in the subject th… https://t.co/QPue3hRMMy
17,1093675825780658177,8695932,656,241006,781,2478,162763,2007-09-05 22:01:17,0,0,2019-02-08 01:00:11,"If convicted of first-degree murder, Rayquan Borum faces a mandatory sentence of life in prison without parole. Any… https://t.co/dl9SMcCPZD"
18,1093668267909173248,8695932,656,241006,781,2478,162763,2007-09-05 22:01:17,2,2,2019-02-08 00:30:09,A once-in-a-lifetime chance to stand in the middle of a busy highway ... and stare 90 feet down at the Outer Banks. https://t.co/FxZ733HJLS
19,1093668267888201728,8695932,656,241006,781,2478,162763,2007-09-05 22:01:17,2,0,2019-02-08 00:30:09,Minister arrested at his Spartanburg church for sexually abusing a minor that he got pregnant twice. https://t.co/TyOy95WS2v
20,1093652120283332608,8695932,656,241006,781,2478,162763,2007-09-05 22:01:17,0,2,2019-02-07 23:25:59,Charlotte is set to gain another bank HQ. Here’s what it means for the city. https://t.co/Hg1ZNJmhVF
21,1093647711692308485,8695932,656,241006,781,2478,162763,2007-09-05 22:01:17,1,0,2019-02-07 23:08:28,Charlotte is set to gain another bank headquarters. Here’s what it means for the city. https://t.co/lQScefSLO5
22,1093645617673498626,8695932,656,241006,781,2478,162763,2007-09-05 22:01:17,1,3,2019-02-07 23:00:08,"A 1979 @UNC yearbook photo showing white members of Chi Phi fraternity partying in Klan costumes, pretending to lyn… https://t.co/FFT0cEhCbp"
23,1093641833719177216,8695932,656,241006,781,2478,162763,2007-09-05 22:01:17,1,0,2019-02-07 22:45:06,"With @BBT and @SunTrust merging, the sports facilities they have naming-rights on could be changing names. https://t.co/TNQw11IcLu"
24,1093637445390876672,8695932,656,241006,781,2478,162763,2007-09-05 22:01:17,0,0,2019-02-07 22:27:40,Border security deal could reverse Trump administration’s strict asylum rules https://t.co/V1ZO6oNefc
25,1093628042889572352,8695932,656,241006,781,2478,162763,2007-09-05 22:01:17,5,8,2019-02-07 21:50:18,"@DuweFarris @MyersParkHS He rolled with @LangstonWertzJr and shared more about his grandfather, Ray, a legendary QB… https://t.co/h8PtzQzoVH"
26,1093627293694603264,8695932,656,241006,781,2478,162763,2007-09-05 22:01:17,11,30,2019-02-07 21:47:20,🚗💨 #RidingWithRecruits: @DuweFarris is a 6-6 senior star carrying on a family legacy at @MyersParkHS. https://t.co/E2h5VjReMC
27,1093622191919431680,8695932,656,241006,781,2478,162763,2007-09-05 22:01:17,1,2,2019-02-07 21:27:03,Here’s how BB&amp;T and SunTrust stack up https://t.co/PvxbkSLBaN
28,1093615398451400710,8695932,656,241006,781,2478,162763,2007-09-05 22:01:17,0,2,2019-02-07 21:00:04,.@NBCSports has moved its @NASCAR television programming to Charlotte. https://t.co/NdZ4bVD139
29,1093607888189378560,8695932,656,241006,781,2478,162763,2007-09-05 22:01:17,0,0,2019-02-07 20:30:13,@KathleenPurvis What you need to know to identify a true meat &amp; 3 and treat it with respect. https://t.co/377Q8QQNvx
30,1093607733494992896,8695932,656,241006,781,2478,162763,2007-09-05 22:01:17,1,5,2019-02-07 20:29:36,🍗 @theobserver's Food Editor @KathleenPurvis gives us the low down on what constitutes a meat-and-three restaurant. https://t.co/VzY35u4X7u
31,1093579442943868928,8695932,656,241006,781,2478,162763,2007-09-05 22:01:17,3,2,2019-02-07 18:37:11,"With hotels filled, thousands expected to turn to @Airbnb for #NBAAllStar weekend. https://t.co/RlIH9TrVu3"
32,1093574330179637248,8695932,656,241006,781,2478,162763,2007-09-05 22:01:17,0,0,2019-02-07 18:16:52,8 Charlotte projects that are at risk of needing more money and one that definitely will. https://t.co/jlSvxwo0tT
33,1093562499390205952,8695932,656,241006,781,2478,162763,2007-09-05 22:01:17,0,1,2019-02-07 17:29:51,What the diverging fortunes of @BankofAmerica and @WellsFargo mean for Charlotte and the banks. https://t.co/nrbWy9I3mI
34,1093556391787352065,8695932,656,241006,781,2478,162763,2007-09-05 22:01:17,0,2,2019-02-07 17:05:35,"The @USArmy is developing a new, more grueling and complex fitness exam that adds deadlifts, power throws and other… https://t.co/nhNTaI1knp"
35,1093550550380171265,8695932,656,241006,781,2478,162763,2007-09-05 22:01:17,2,1,2019-02-07 16:42:23,".@AtriumHealth plans to increase pay for more than 15,000 employees, primarily nurses and those in nursing support… https://t.co/wwgeHttojk"
36,1093545419878133760,8695932,656,241006,781,2478,162763,2007-09-05 22:01:17,0,1,2019-02-07 16:21:59,@HamiltonAnthony Nine headlines from our recent sit-down with Charlotte’s most celebrated R&amp;B singer. https://t.co/UBxeLDzOy4
37,1093542538420670464,8695932,656,241006,781,2478,162763,2007-09-05 22:01:17,0,2,2019-02-07 16:10:32,How Grammy-winning R&amp;B singer @HamiltonAnthony feels about “The Star-Spangled Banner” now. https://t.co/1fGiJTewpd
38,1093537390692577280,8695932,656,241006,781,2478,162763,2007-09-05 22:01:17,3,3,2019-02-07 15:50:05,"For second time in a week, @WellsFargo apologizes for app problems as customers rant. https://t.co/wL6kntIQPf"
39,1093532352293281792,8695932,656,241006,781,2478,162763,2007-09-05 22:01:17,2,4,2019-02-07 15:30:04,.@CLTAirport recorded an overnight low Wednesday night of 64. That's 33 degrees above normal for the date. 11 degre… https://t.co/ZFLz2glrGb
40,1093528093594185729,8695932,656,241006,781,2478,162763,2007-09-05 22:01:17,14,9,2019-02-07 15:13:08,"BB&amp;T, SunTrust announce blockbuster merger as Charlotte gains a new bank HQ. https://t.co/TQ2H5JbvvG"
41,1093511784970047494,8695932,656,241006,781,2478,162763,2007-09-05 22:01:17,0,0,2019-02-07 14:08:20,"At @actorstheatre: ‘Four Women,’ one provocative conversation. https://t.co/SyICnkrmnG"
42,1093504694452920322,8695932,656,241006,781,2478,162763,2007-09-05 22:01:17,0,1,2019-02-07 13:40:10,Does the @CJFFest know something @TheAcademy don’t? https://t.co/EwkF81LyJs
43,1093495138578501634,8695932,656,241006,781,2478,162763,2007-09-05 22:01:17,2,5,2019-02-07 13:02:11,"🏁 @BrendanRMarks: The 1 thing every new @NASCAR season brings, and why 2019 is especially worth watching. https://t.co/tnNmu8mpVa"
44,1093483588836839431,8695932,656,241006,781,2478,162763,2007-09-05 22:01:17,2,3,2019-02-07 12:16:18,"Pro-Confederate group invited lawmakers to a party, and protesters showed up, too https://t.co/fO0ccswejd"
45,1093472757474574336,8695932,656,241006,781,2478,162763,2007-09-05 22:01:17,1,3,2019-02-07 11:33:15,.@CLTballet’s Innovative Works thoughtfully mixes dance movement with literature. https://t.co/UAbA4y8R0h
46,1093467131142983680,8695932,656,241006,781,2478,162763,2007-09-05 22:01:17,0,1,2019-02-07 11:10:54,Charlotte’s John Bayless is an Emmy-winning MUA who went the extra mile for this @MPlayhouse production. https://t.co/HTTwMnWHc0
47,1093460599294607360,8695932,656,241006,781,2478,162763,2007-09-05 22:01:17,0,0,2019-02-07 10:44:57,This Charlotte book could be a marriage manual (but it’s not) https://t.co/KyMehb2SE0 https://t.co/YuGIrxvwO1
48,1093454714572804097,8695932,656,241006,781,2478,162763,2007-09-05 22:01:17,2,3,2019-02-07 10:21:34,Dale Earnhardt’s hometown baseball team wants to ditch his Intimidator nickname. https://t.co/zyy29MEUkx
49,1093449406567927809,8695932,656,241006,781,2478,162763,2007-09-05 22:01:17,0,0,2019-02-07 10:00:28,#NSD19: Coach Mack Brown on the @TarHeelFootball recruiting class: ‘I think we are so far ahead of where I anticipa… https://t.co/t15W5a5mpl
50,1093378277811671043,8695932,656,241006,781,2478,162763,2007-09-05 22:01:17,0,2,2019-02-07 05:17:50,Fewer NC educators left the profession or changed school districts in the 2017-18 school year. What does that tell… https://t.co/lz9tdLSWYg
51,1093373062865653760,8695932,656,241006,781,2478,162763,2007-09-05 22:01:17,1,1,2019-02-07 04:57:06,Rookie @luka7doncic’s triple-double leads @dallasmavs over @Hornets. https://t.co/qezdkuUnIM
52,1093363826697924608,8695932,656,241006,781,2478,162763,2007-09-05 22:01:17,0,0,2019-02-07 04:20:24,Wondering who’s got discounts or free days? Bookmark this list for a look at Charlotte arts deals throughout the ye… https://t.co/1CMj3ig3eZ
53,1093358548715737094,8695932,656,241006,781,2478,162763,2007-09-05 22:01:17,3,6,2019-02-07 03:59:26,"Like a sleuth searching for clues, sculptor Ed Hamilton is hoping to find “the spark” that will convey who Julius C… https://t.co/J8cIJDD8qb"
54,1093352049813659648,8695932,656,241006,781,2478,162763,2007-09-05 22:01:17,1,2,2019-02-07 03:33:36,"Meanwhile, on Facebook: South Carolina man taunted cops that he was ‘right under their noses.’ They found him. https://t.co/lEeRRaBwlc"
55,1093346557422899200,8695932,656,241006,781,2478,162763,2007-09-05 22:01:17,1,14,2019-02-07 03:11:47,Panthers owner David Tepper casually dropped the idea of a roof over BofA Stadium. https://t.co/ssyl8gDqEl
56,1093341268653023233,8695932,656,241006,781,2478,162763,2007-09-05 22:01:17,4,2,2019-02-07 02:50:46,#NSD19: @theobserver-area signees. https://t.co/LaYi1sQM3s
57,1093336021897564160,8695932,656,241006,781,2478,162763,2007-09-05 22:01:17,4,5,2019-02-07 02:29:55,"Covenant Day’s Wisdom Asaboro is a 6-8, 290-pound @TarHeelFootball signee. He's also the hottest recruit you’ve nev… https://t.co/7q07Y9yrmb"
58,1093329819629170688,8695932,656,241006,781,2478,162763,2007-09-05 22:01:17,3,11,2019-02-07 02:05:16,#NSD19: 5 things to know about the @Charlotte49ers’ recruiting class. https://t.co/PFRqFfx1qM
59,1093318814220075008,8695932,656,241006,781,2478,162763,2007-09-05 22:01:17,0,0,2019-02-07 01:21:32,@BankofAmerica @WellsFargo @DeonERoberts If you needed a stark reminder of the different trajectories that Charlott… https://t.co/41gPcDWcYs
60,1093317505198764032,8695932,656,241006,781,2478,162763,2007-09-05 22:01:17,1,1,2019-02-07 01:16:20,It looks like @BankofAmerica and @WellsFargo are playing out a version of trading places. @DeonERoberts explains wh… https://t.co/eagDvl02pq
61,1093272437091901445,8695932,656,241006,781,2478,162763,2007-09-05 22:01:17,2,5,2019-02-06 22:17:15,Gov. Cooper rescinds Charlotte city councilwoman’s appointment after Senate GOP protest. https://t.co/CyAesjvMRv
62,1093246072514887680,8695932,656,241006,781,2478,162763,2007-09-05 22:01:17,3,6,2019-02-06 20:32:29,"“We have Charlotte-based ICE officers who conduct immigration enforcement every day,” an ICE spokesman told… https://t.co/kmLClSVmfL"
63,1092909335225790465,8695932,656,241006,781,2478,162763,2007-09-05 22:01:17,6,8,2019-02-05 22:14:25,ICE agents detained at least 30 people during a raid at a Lee County firearms manufacturing plant. https://t.co/aQVKmhG6FN
64,1092901256283258880,8695932,656,241006,781,2478,162763,2007-09-05 22:01:17,1,0,2019-02-05 21:42:19,The @Coach_heals “way” worked at Austin Peay. The question now: Will it work at @CharlotteFTBL? https://t.co/DJyU02kseT
65,1092895801037209602,8695932,656,241006,781,2478,162763,2007-09-05 22:01:17,0,2,2019-02-05 21:20:38,United Way of Central Carolinas cutting its contributions to 73 area nonprofit partners by 25 percent. https://t.co/RgTUas0GVD
66,1092887941620355072,8695932,656,241006,781,2478,162763,2007-09-05 22:01:17,0,1,2019-02-05 20:49:24,@theobserver New values are stirring fears about displacement in fast-changing neighborhoods. https://t.co/oHugYk5UeB
67,1092887655187124226,8695932,656,241006,781,2478,162763,2007-09-05 22:01:17,1,4,2019-02-05 20:48:16,"Homeowners in Druid Hills, Graham Heights, Seversville, Wesley Heights hear the constant drumbeat of investors poun… https://t.co/4AD9QgK83C"
68,1092860532179288065,8695932,656,241006,781,2478,162763,2007-09-05 22:01:17,0,1,2019-02-05 19:00:29,Cops as ‘homegrown terrorists’ tweet fuels GOP Senate anger at Charlotte councilwoman. https://t.co/8VU5lhixzk
69,1092851581706530816,8695932,656,241006,781,2478,162763,2007-09-05 22:01:17,0,0,2019-02-05 18:24:55,This messy school cafeteria project dives into how students eat and waste food. https://t.co/P1tyrjWKuR
70,1092790475105452033,8695932,656,241006,781,2478,162763,2007-09-05 22:01:17,6,5,2019-02-05 14:22:06,@theobserver Many of Charlotte’s historically-black neighborhoods saw residential property values shoot up by an av… https://t.co/48vlrAqLrr
71,1092790261443375104,8695932,656,241006,781,2478,162763,2007-09-05 22:01:17,18,26,2019-02-05 14:21:16,"For James Atkinson, it’s impossible to ignore Charlotte’s gentrification. Just look at the hundreds of apartments b… https://t.co/fftFg3qVmP"
72,1092534882327244800,8695932,656,241006,781,2478,162763,2007-09-05 22:01:17,2,17,2019-02-04 21:26:28,From our archives: Happy birthday Rosa Parks! The civil rights pioneer visited Charlotte's JT Williams Middle Schoo… https://t.co/Wa1aoTK1Yl
73,1092481931806150657,8695932,656,241006,781,2478,162763,2007-09-05 22:01:17,1,3,2019-02-04 17:56:04,Newly appointed @NCSBE will hold its long-planned evidentiary hearing on the disputed #NC09 election. https://t.co/e2rGCeyqNf
74,1092463866351620098,8695932,656,241006,781,2478,162763,2007-09-05 22:01:17,1,5,2019-02-04 16:44:17,"As @Nate_Davis73 prepares for the NFL, the former coach and reason he chose @Charlotte49ers is always in his mind.… https://t.co/fhidrhBhDZ"
75,1092450593766023169,8695932,656,241006,781,2478,162763,2007-09-05 22:01:17,1,1,2019-02-04 15:51:32,Investigators are still trying to determine what caused an Outer Banks shrimp trawler to flip and break apart. https://t.co/bRfvGjiFhC
76,1092414288948547584,8695932,656,241006,781,2478,162763,2007-09-05 22:01:17,0,2,2019-02-04 13:27:17,Charlotte official who called police terrorists gets spot on sensitive NC commission. https://t.co/FeL8UJ5itP
77,1092399282513240065,8695932,656,241006,781,2478,162763,2007-09-05 22:01:17,4,10,2019-02-04 12:27:39,A Charlotte City Council member called police terrorists. The governor put her on a commission for community relati… https://t.co/c5PFpN61QL
78,1092099869924311040,8695932,656,241006,781,2478,162763,2007-09-05 22:01:17,7,5,2019-02-03 16:37:53,Come work with @theobserver's data reporters to identify neighborhoods and ZIP codes where gentrification has flipp… https://t.co/SkdDlS8mnU
79,1092099835518509056,8695932,656,241006,781,2478,162763,2007-09-05 22:01:17,9,19,2019-02-03 16:37:45,Nikoly Dos Santos won the SoMeck conference championship at 106 pounds. @ProvAthletics' female wrestler is 33-5 thi… https://t.co/6X2SujgPxi
80,1092099505795801089,8695932,656,241006,781,2478,162763,2007-09-05 22:01:17,2,2,2019-02-03 16:36:27,Applications to join @report4america are due THIS FRIDAY. https://t.co/s1ZguH1EPm
81,1092089580201881601,8695932,656,241006,781,2478,162763,2007-09-05 22:01:17,0,1,2019-02-03 15:57:00,"Truth be told, a number of things avalanched for @TeamHendrick in 2018. With the #Daytona500 just 2 weeks away,… https://t.co/e0wb3Sm0sw"
82,1092084359614603264,8695932,656,241006,781,2478,162763,2007-09-05 22:01:17,10,19,2019-02-03 15:36:15,You may know @JohnHoogenakker as the king in 'Dilly Dilly' commercials. Charlotteans know him as the guy who grew u… https://t.co/Xfe2BoxAeB
83,1092078444639330305,8695932,656,241006,781,2478,162763,2007-09-05 22:01:17,1,0,2019-02-03 15:12:45,"@NASCARHall In his own words, @JeffGordonWeb reminisced about the major moments that were turning points in his… https://t.co/1UyZgU5CZV"
84,1092077312818978816,8695932,656,241006,781,2478,162763,2007-09-05 22:01:17,1,0,2019-02-03 15:08:15,"@NASCARHall @JeffGordonWeb @roushfenway @Team_Penske Yes, the numbers for all five @NASCARHall inductees are moment… https://t.co/HACR4Hf7rY"
85,1092076632335036417,8695932,656,241006,781,2478,162763,2007-09-05 22:01:17,1,4,2019-02-03 15:05:33,"The @NASCARHall welcomed a new class in Charlotte. The inductees included were @JeffGordonWeb, Davey Allison, Alan… https://t.co/0eQboo0Z8u"
86,1092074272716218368,8695932,656,241006,781,2478,162763,2007-09-05 22:01:17,3,9,2019-02-03 14:56:11,We traveled about 3.5 hours northeast of Charlotte to see where @TG3II's journey to #SBLlll began. https://t.co/JsMdOFCtup
87,1092064460318130176,8695932,656,241006,781,2478,162763,2007-09-05 22:01:17,3,4,2019-02-03 14:17:11,An unanswered question hanging over Drew Browne’s death is why Raleigh police could not find him in more than four… https://t.co/aZ155xEi0a
88,1092058942027546630,8695932,656,241006,781,2478,162763,2007-09-05 22:01:17,0,4,2019-02-03 13:55:15,The 4th quarter of the @Hornets’ 125-118 home victory was classic @KembaWalker. https://t.co/gH93RAztQu
89,1092052949541507077,8695932,656,241006,781,2478,162763,2007-09-05 22:01:17,3,10,2019-02-03 13:31:27,"@theobserver Raleigh’s most absurdist charity event, the @K2Challenge, returned for its 15th year. For those counti… https://t.co/Cpvn7K7tSC"
90,1092052923461312514,8695932,656,241006,781,2478,162763,2007-09-05 22:01:17,0,4,2019-02-03 13:31:20,The first game between UNC and Louisville was the worst home loss in the Roy Williams era. Luke Maye led the reveng… https://t.co/pxdB48XMUN
91,1092052585069010945,8695932,656,241006,781,2478,162763,2007-09-05 22:01:17,2,8,2019-02-03 13:30:00,“I’ve never eaten 12 doughnuts before ... it’s worse than I thought that it was.” https://t.co/SEBUhCA2Ty
92,1092047593021104130,8695932,656,241006,781,2478,162763,2007-09-05 22:01:17,3,3,2019-02-03 13:10:10,“He don’t have a gun!” Felicia Morgan can be heard in the background of @CMPD officers’ body camera videos. She arr… https://t.co/yWDiutrMuS
93,1092042002642944001,8695932,656,241006,781,2478,162763,2007-09-05 22:01:17,0,1,2019-02-03 12:47:57,"For a third consecutive game, the youthful @Charlotte49ers were in position to potentially claim a rare victory. Bu… https://t.co/lWTAzMGoug"
94,1091775010954530816,8695932,656,241006,781,2478,162763,2007-09-05 22:01:17,16,23,2019-02-02 19:07:01,"NBA All-Star Weekend once shut down Las Vegas. Charlotte, you’ve been warned. https://t.co/pnP1SAv76z"
95,1091729377296044033,8695932,656,241006,781,2478,162763,2007-09-05 22:01:17,0,0,2019-02-02 16:05:41,"Pedestrian hit and killed after lying down on busy Charlotte road, police say. https://t.co/eEtk6lj0Mw"
96,1091721288983425024,8695932,656,241006,781,2478,162763,2007-09-05 22:01:17,0,1,2019-02-02 15:33:33,Some Mecklenburg commissioners want to ban guns in parks. Do they have the power? https://t.co/SvnPCsduIF
97,1091476570114613248,8695932,656,241006,781,2478,162763,2007-09-05 22:01:17,2,2,2019-02-01 23:21:07,"#BlackHistoryMonth: We combed history books and websites, and called on two of the Tar Heel State’s top authorities… https://t.co/UxetwGZAqt"
98,1091470802204221440,8695932,656,241006,781,2478,162763,2007-09-05 22:01:17,1,2,2019-02-01 22:58:12,#CuriousNC: The Civil Rights Movement — and North Carolina’s role in it — started well before the mid-1950s. In 192… https://t.co/Tte7cWOdhz
99,1091465164967370753,8695932,656,241006,781,2478,162763,2007-09-05 22:01:17,3,1,2019-02-01 22:35:48,Wilmington oral surgeon accused of sexually abusing at least four female patients while they were under anesthesia.… https://t.co/HxXCjiP6AJ
100,1091459347312492544,8695932,656,241006,781,2478,162763,2007-09-05 22:01:17,0,2,2019-02-01 22:12:41,How not to steal a car. https://t.co/rDqdICWbzK
101,1091453825372835842,8695932,656,241006,781,2478,162763,2007-09-05 22:01:17,1,0,2019-02-01 21:50:44,Here’s we know and don’t know about what comes next with @CharMeckSchools gun searches. https://t.co/J2K6ri7mcB
102,1091447958116225024,8695932,656,241006,781,2478,162763,2007-09-05 22:01:17,0,1,2019-02-01 21:27:25,"When Punxsutawney Phil waddles out to Groundhog Day glory, the mountain town of Brevard will summon its own harbing… https://t.co/PX67MeWVQk"
103,1091441827687907329,8695932,656,241006,781,2478,162763,2007-09-05 22:01:17,3,7,2019-02-01 21:03:04,Longtime @Panthers reporter @scott_fowler appreciates the extraordinary career of @juliuspeppers_. https://t.co/2vdwrNfSoL
104,1091435770068566017,8695932,656,241006,781,2478,162763,2007-09-05 22:01:17,3,1,2019-02-01 20:39:00,"Get ready for street closures, heavy security and disrupted public transit as Charlotte hosts the biggest sporting… https://t.co/G8D3B2P8R7"
105,1091427843844784132,8695932,656,241006,781,2478,162763,2007-09-05 22:01:17,0,2,2019-02-01 20:07:30,‘This is not Boo Boo’ @ClemsonCityPD warns people not to mess with bear cubs. https://t.co/wHprEsEfP3
106,1091422554886230017,8695932,656,241006,781,2478,162763,2007-09-05 22:01:17,13,16,2019-02-01 19:46:29,"Tarboro is a tight-knit town of 11,000 in eastern North Carolina that loves @TG3II for much more than football.… https://t.co/aLpWHNT520"
107,1091415352322519040,8695932,656,241006,781,2478,162763,2007-09-05 22:01:17,0,0,2019-02-01 19:17:52,Charlotte city and business leaders anticipate heavy foot and vehicle traffic uptown for #NBAAllStar. https://t.co/Rqz1XhhY7C
108,1091409619967188999,8695932,656,241006,781,2478,162763,2007-09-05 22:01:17,5,3,2019-02-01 18:55:05,"The drastic differences in new Mecklenburg County property tax values reflect:
🏘 gentrification in close-in neighbo… https://t.co/UV9yzCZ9Bg"
109,1091404346103947264,8695932,656,241006,781,2478,162763,2007-09-05 22:01:17,1,6,2019-02-01 18:34:08,"@theobserver “I wouldn’t change a thing about this journey,” @juliuspeppers_ said. “It was the best teacher I ever… https://t.co/66VphEqFzR"
110,1091403309284540416,8695932,656,241006,781,2478,162763,2007-09-05 22:01:17,3,6,2019-02-01 18:30:00,Here's a look at Julius Peppers' career as a Panther. https://t.co/tTHpun4Azm
111,1091396053423796225,8695932,656,241006,781,2478,162763,2007-09-05 22:01:17,2,2,2019-02-01 18:01:10,"Wells Fargo’s website went down today, and customers complained of also being unable to access the bank’s mobile ap… https://t.co/yVqmuhHxeO"
112,1091390855217336320,8695932,656,241006,781,2478,162763,2007-09-05 22:01:17,3,0,2019-02-01 17:40:31,"Before @NASCARHall of Fame inductee @JeffGordonWeb is honored, along with four others, tonight. Here is his story,… https://t.co/vDR7Dzs4Wb"
113,1091390140986126343,8695932,656,241006,781,2478,162763,2007-09-05 22:01:17,1,2,2019-02-01 17:37:41,🎬: @BrendanRMarks on @JeffGordonWeb's career that made him part of the 2019 @NASCARHall of Fame class. https://t.co/JPwsR6QegS
114,1091369635486797830,8695932,656,241006,781,2478,162763,2007-09-05 22:01:17,0,0,2019-02-01 16:16:12,@theobserver Charlotte taxis face random inspections by the county after at least three cab companies failed to buc… https://t.co/2wmSJPrFZE
115,1091369511033466881,8695932,656,241006,781,2478,162763,2007-09-05 22:01:17,1,0,2019-02-01 16:15:42,Linda Keahey rides vans from Charlotte cab companies that contract with DSS to her medical appointments. She claims… https://t.co/OXOe4FZSNq
116,1091366118655176704,8695932,656,241006,781,2478,162763,2007-09-05 22:01:17,3,9,2019-02-01 16:02:13,.@Panthers defensive end @juliuspeppers_  retiring after a 17-year @NFL career. https://t.co/BD2XJhid6e
117,1091354235952906240,8695932,656,241006,781,2478,162763,2007-09-05 22:01:17,6,5,2019-02-01 15:15:00,"@theobserver An army of volunteers, cops and county officials fanned out across Mecklenburg County before dawn to t… https://t.co/X2K4AdPSd1"
118,1091354046861115392,8695932,656,241006,781,2478,162763,2007-09-05 22:01:17,11,14,2019-02-01 15:14:15,Counting the homeless on a freezing morning was a potent indicator of who’s getting left behind in a city that has… https://t.co/xNF8xiAsvI
119,1091169915674025984,8695932,656,241006,781,2478,162763,2007-09-05 22:01:17,2,3,2019-02-01 03:02:35,"‘Black Panther’ is returning to theaters. Here’s how to see it for free in Charlotte.

https://t.co/OLbjKovgFu"
120,1091107968672845824,8695932,656,241006,781,2478,162763,2007-09-05 22:01:17,3,5,2019-01-31 22:56:26,"A new chapter has begun for @Bojangles1977, which opened its first store on West Boulevard in 1977. https://t.co/aCzT5okbDK"
121,1091095974406225921,8695932,656,241006,781,2478,162763,2007-09-05 22:01:17,9,13,2019-01-31 22:08:46,"West Meck High football coach Jarvis Davis has resigned. Davis, who led the team to its first conference title in 3… https://t.co/gqsPU8bPnd"
122,1091090681681068032,8695932,656,241006,781,2478,162763,2007-09-05 22:01:17,1,1,2019-01-31 21:47:44,Here’s where property values went up the most — and least — in Mecklenburg County. https://t.co/9XphF8sJkT
123,1091057419730501633,8695932,656,241006,781,2478,162763,2007-09-05 22:01:17,0,0,2019-01-31 19:35:34,Effort to find members for a new North Carolina state elections board has hit a snag.  https://t.co/BFYQUT2uN8
124,1091054435453816832,8695932,656,241006,781,2478,162763,2007-09-05 22:01:17,0,0,2019-01-31 19:23:42,"“Vi is in a solid position. I don’t see any serious opposition on the Democratic side,” said Dan McCorkle, a Democr… https://t.co/DVyswDZIbz"
125,1091054292583235585,8695932,656,241006,781,2478,162763,2007-09-05 22:01:17,1,2,2019-01-31 19:23:08,Will anyone challenge Charlotte’s mayor? Why Vi Lyles is in a strong position in 2019. https://t.co/fk9CwYHGeY
126,1091054166636724224,8695932,656,241006,781,2478,162763,2007-09-05 22:01:17,1,4,2019-01-31 19:22:38,A state law passed in 2013 significantly limits where local governments can prohibit concealed carry permit holders… https://t.co/XHHpyrMcpq
127,1091053809118466053,8695932,656,241006,781,2478,162763,2007-09-05 22:01:17,1,2,2019-01-31 19:21:13,Some Mecklenburg commissioners want to ban guns in parks. Do they have the power? https://t.co/SvnPCsduIF
128,1091051551962079233,8695932,656,241006,781,2478,162763,2007-09-05 22:01:17,1,4,2019-01-31 19:12:15,"As she bade farewell to her fellow Tar Heels, outgoing UNC chancellor Carol Folt wrote in her last email, “my heart… https://t.co/44rrWJ6XX8"
129,1091045879560224773,8695932,656,241006,781,2478,162763,2007-09-05 22:01:17,1,1,2019-01-31 18:49:42,Victim shot in the buttocks outside @UNCCharlotte’s uptown campus. The college and two neighboring schools stayed o… https://t.co/OX9GWcZqMA
130,1091040517222268933,8695932,656,241006,781,2478,162763,2007-09-05 22:01:17,4,2,2019-01-31 18:28:24,"THANK YOU for donating to the War Within Initiative’s fundraising campaign! Because of your generosity, letters wil… https://t.co/IklH3bLf8Q"
131,1091035548444213249,8695932,656,241006,781,2478,162763,2007-09-05 22:01:17,3,2,2019-01-31 18:08:39,Former @Panthers President Danny Morrison will be in charge of bringing high-profile events like the @BelkBowl to C… https://t.co/9Zf9gInwc2
132,1091024962733948928,8695932,656,241006,781,2478,162763,2007-09-05 22:01:17,1,0,2019-01-31 17:26:36,"At the top of the Democratic list, according to key Democrats, are Attorney General Josh Stein and Anthony Foxx, a… https://t.co/2W3gKNqhOr"
133,1091024740570021888,8695932,656,241006,781,2478,162763,2007-09-05 22:01:17,1,2,2019-01-31 17:25:43,"Tillis, rivals gear up for a costly Senate race. Could Democrats pick up a seat? https://t.co/KTTOmqAfoE"
134,1091015145789247488,8695932,656,241006,781,2478,162763,2007-09-05 22:01:17,0,2,2019-01-31 16:47:35,".@CLTCenterCity reported that there’s currently $1.7 billion invested in construction projects in the center city,… https://t.co/zbZIBkiYId"
135,1091009928041586690,8695932,656,241006,781,2478,162763,2007-09-05 22:01:17,0,0,2019-01-31 16:26:51,"As OT to public workers has surged in recent years, Mecklenburg County’s largest agencies have busted their overtim… https://t.co/0swN0tEaRX"
136,1091009717261029377,8695932,656,241006,781,2478,162763,2007-09-05 22:01:17,1,1,2019-01-31 16:26:01,📰 @theobserver's review of state data found that Charlotte and Mecklenburg County doled out more overtime than any… https://t.co/JpR590vjS8
137,1091005561628491776,8695932,656,241006,781,2478,162763,2007-09-05 22:01:17,11,7,2019-01-31 16:09:30,"With 150,000 people coming to Charlotte for #NBAAllStar, the city will close several uptown streets and relocate th… https://t.co/V66V0LEqsL"
138,1091000869653499904,8695932,656,241006,781,2478,162763,2007-09-05 22:01:17,2,0,2019-01-31 15:50:51,"Woman stabbed, man arrested at an Amazon warehouse in Charlotte. https://t.co/bcMZmyWQ3J"
139,1090995717760528384,8695932,656,241006,781,2478,162763,2007-09-05 22:01:17,3,1,2019-01-31 15:30:23,🚨 @UNCCharlotte’s uptown campus was on lock down this morning until about 10 a.m. after shots were fired. https://t.co/Vp8N0i7cma
140,1090990856641875974,8695932,656,241006,781,2478,162763,2007-09-05 22:01:17,1,2,2019-01-31 15:11:04,North Carolina’s own little slice of Canada claims all sorts of cold-weather records — including the lowest tempera… https://t.co/y4Md2Mt6s2
141,1090757998018994177,8695932,656,241006,781,2478,162763,2007-09-05 22:01:17,0,1,2019-01-30 23:45:46,Will anyone challenge Charlotte’s mayor? Why Vi Lyles is in a strong position in 2019. https://t.co/fk9CwYHGeY
142,1090738934957703170,8695932,656,241006,781,2478,162763,2007-09-05 22:01:17,2,12,2019-01-30 22:30:01,Charlotte’s newest spot for Puerto Rican cuisine was birthed from a trip to the city’s first big Puerto Rican festi… https://t.co/R2iVOiXa0l
143,1090733771513569280,8695932,656,241006,781,2478,162763,2007-09-05 22:01:17,1,0,2019-01-30 22:09:30,"At the beginning of January, @CMPD launched a task force to try to reduce organized, large-scale shoplifting in sto… https://t.co/mp77P3h06s"
144,1090733055667515393,8695932,656,241006,781,2478,162763,2007-09-05 22:01:17,2,1,2019-01-30 22:06:39,"The suspects in this video were arrested after @CMPD estimated they’d stolen more than $200,000 in items from Victo… https://t.co/c7JXRzvvzh"
145,1090731170508214280,8695932,656,241006,781,2478,162763,2007-09-05 22:01:17,1,1,2019-01-30 21:59:10,Mount Mitchell claims all sorts of cold-weather records — including the lowest temperature ever recorded in North C… https://t.co/0z9sRmHSvd
146,1090724716858478594,8695932,656,241006,781,2478,162763,2007-09-05 22:01:17,2,3,2019-01-30 21:33:31,Deputy found “FU” written in icing on his biscuits when he got home. https://t.co/MkinEpAqCz
147,1090718388605894657,8695932,656,241006,781,2478,162763,2007-09-05 22:01:17,0,0,2019-01-30 21:08:23,New Jersey-based Conduent Commercial Solutions is laying off 61 people in Charlotte. https://t.co/L2JIQD0Hko
148,1090712393020260352,8695932,656,241006,781,2478,162763,2007-09-05 22:01:17,0,4,2019-01-30 20:44:33,Former North Carolina Gov. Pat McCrory will begin teaching a weekly class at @UNC next month. Suffice it to say it… https://t.co/0iGmiVaEIr
149,1090707103394816001,8695932,656,241006,781,2478,162763,2007-09-05 22:01:17,3,2,2019-01-30 20:23:32,"A six-month undercover operation into a display of glass pipes and bongs led officers to seize more than 1,000 from… https://t.co/e9qw26kncb"
150,1090700533629894658,8695932,656,241006,781,2478,162763,2007-09-05 22:01:17,2,0,2019-01-30 19:57:26,42 doctors from several Lakeside Family Physicians and Huntersville OB-GYN practices leaving @NovantHealth. https://t.co/VC0rVdzeEd
151,1090694884858781696,8695932,656,241006,781,2478,162763,2007-09-05 22:01:17,4,9,2019-01-30 19:34:59,Democrats still looking for a top-tier candidate to oppose Sen. Thom Tillis. https://t.co/5NGVyHNp1x
152,1090692344964411392,8695932,656,241006,781,2478,162763,2007-09-05 22:01:17,1,4,2019-01-30 19:24:53,See the work of native Charlottean Nellie Ashford at @TheMintMuseum this week. https://t.co/1j5xfka7Pc https://t.co/ADvtCw80zb
153,1090671442801364992,8695932,656,241006,781,2478,162763,2007-09-05 22:01:17,0,0,2019-01-30 18:01:50,Business services company to lay off dozens at southwest Charlotte office. https://t.co/od6IYnTDMY
154,1090643980692393984,8695932,656,241006,781,2478,162763,2007-09-05 22:01:17,0,0,2019-01-30 16:12:42,Officer Michael Santiago has been charged with sexual battery after a woman reported that he touched her inappropri… https://t.co/SJzaanyJIl
155,1090634493197733888,8695932,656,241006,781,2478,162763,2007-09-05 22:01:17,4,2,2019-01-30 15:35:00,Freshman wing Leaky Black left the @UNC_Basketball locker room on crutches and in a walking boot after their win ov… https://t.co/bBrclhc54W
156,1090628963888779264,8695932,656,241006,781,2478,162763,2007-09-05 22:01:17,0,1,2019-01-30 15:13:02,"Wind chills hit ‘dangerous’ levels this morning: Teens in Charlotte, 15 below zero in mountains.… https://t.co/brTnhm0Wmt"
157,1090595081483182085,8695932,656,241006,781,2478,162763,2007-09-05 22:01:17,3,4,2019-01-30 12:58:24,🚨 @JColeNC headlines the list of scheduled performers at #NBAAllStar in uptown Charlotte. https://t.co/E61qsV3bFR
158,1090419478201024514,8695932,656,241006,781,2478,162763,2007-09-05 22:01:17,0,0,2019-01-30 01:20:37,Check out our story on why overtime is surging in NC and how taxpayers keep footing the bill. https://t.co/RcovyGcvM6
159,1090419126735130626,8695932,656,241006,781,2478,162763,2007-09-05 22:01:17,0,2,2019-01-30 01:19:13,"Would you believe a city worker earned $53,000 in overtime? Or that a fireman collected more than his pay in OT the… https://t.co/cfPVGi15te"
160,1090357727937871872,8695932,656,241006,781,2478,162763,2007-09-05 22:01:17,2,0,2019-01-29 21:15:14,@JourdanRodrigue's observations from Super Bowl Opening Night. https://t.co/goTRSuHOF8
161,1090356570624573442,8695932,656,241006,781,2478,162763,2007-09-05 22:01:17,28,86,2019-01-29 21:10:38,North Carolina natives @TG3II and @ohsnapjbsmoove shared a 252 moment over BBQ. https://t.co/1JaZOpxbrF
162,1090273479323148289,8695932,656,241006,781,2478,162763,2007-09-05 22:01:17,2,3,2019-01-29 15:40:28,.@CharMeckSchools launched gun searches this morning. CMS searched four classrooms at Garinger and Rocky River high… https://t.co/lEGHPt9nAm
163,1090260625098297344,8695932,656,241006,781,2478,162763,2007-09-05 22:01:17,0,1,2019-01-29 14:49:23,@theobserver dug into state records to investigate how much overtime public workers earn. Our findings raised red f… https://t.co/tj20kuUczA
164,1090252431986958337,8695932,656,241006,781,2478,162763,2007-09-05 22:01:17,1,2,2019-01-29 14:16:50,Some Charlotte paramedics have averaged more than six hours of overtime per day. Experts say that’s dangerous. https://t.co/kbbWYEBG7X
165,1090248682048577536,8695932,656,241006,781,2478,162763,2007-09-05 22:01:17,1,3,2019-01-29 14:01:56,Will anyone challenge Charlotte’s mayor? Why Vi Lyles is in a strong position in 2019. https://t.co/gWHwkUxWrw
166,1090244841685041152,8695932,656,241006,781,2478,162763,2007-09-05 22:01:17,2,2,2019-01-29 13:46:40,CMS uses lottery to pick 8 high schools for gun searches. Here’s what comes next. https://t.co/G0fxWnBBhi
167,1090215517313474562,8695932,656,241006,781,2478,162763,2007-09-05 22:01:17,0,2,2019-01-29 11:50:09,@CharMeckSchools selected eight high schools for gun searches that will begin soon. https://t.co/Wy91JnW5h9
168,1090215078148878341,8695932,656,241006,781,2478,162763,2007-09-05 22:01:17,4,2,2019-01-29 11:48:24,Detective Wes Eubank is a CMS Police Active Survival Instructor. This is Rule #1 on his do's and dont's for surviva… https://t.co/ncNrzI2x54
169,1090074610257879041,8695932,656,241006,781,2478,162763,2007-09-05 22:01:17,5,6,2019-01-29 02:30:14,A league source told @theobserver that Cam Newton’s surgery could have him back by training camp. Even it if was a… https://t.co/UjmBvaEdCn
170,1090024015027146753,8695932,656,241006,781,2478,162763,2007-09-05 22:01:17,0,0,2019-01-28 23:09:11,Pease Auditorium has been a fixture of @CPCC’s theater department for over 40 years. It will be demolished and rebu… https://t.co/PhQXmTs1lM
171,1090018122520805377,8695932,656,241006,781,2478,162763,2007-09-05 22:01:17,2,2,2019-01-28 22:45:46,New elections board could steer the 9th District election to resolution -- or stalemate. https://t.co/8azcTRAQNx
172,1090013858549432321,8695932,656,241006,781,2478,162763,2007-09-05 22:01:17,0,0,2019-01-28 22:28:50,Keep an extra nickel around if you're in the market for Forever stamps. https://t.co/ePJQMLK4Tc
173,1090007703655731202,8695932,656,241006,781,2478,162763,2007-09-05 22:01:17,1,2,2019-01-28 22:04:22,"North Carolina’s average teacher pay dropped for five straight years, from 2008 to 2013, under both Democratic and… https://t.co/W5GyMmP5Fc"
174,1090001529522872321,8695932,656,241006,781,2478,162763,2007-09-05 22:01:17,0,5,2019-01-28 21:39:50,Current rules generally allow concealed carry permit holders to carry firearms in county parks and on greenways. So… https://t.co/Fqb5JuW4Kl
175,1089996017414561794,8695932,656,241006,781,2478,162763,2007-09-05 22:01:17,3,7,2019-01-28 21:17:56,What are the Panthers options if Cam Newton’s health fails? Find a QB within their price range or take a chance on… https://t.co/6yCI5eTd69
176,1089992796889645067,8695932,656,241006,781,2478,162763,2007-09-05 22:01:17,4,3,2019-01-28 21:05:08,"The best dunks, buzzer-beaters, and general excellence from Charlotte-area high school action last week. Follow… https://t.co/SD4bMCPcFx"
177,1089991209282666496,8695932,656,241006,781,2478,162763,2007-09-05 22:01:17,1,1,2019-01-28 20:58:50,Charlotte’s first plus-sized bridal boutique — @HauteandCo — will carry wedding gowns up to size 32 in designer bra… https://t.co/JT70QsDxtt
178,1089985171502362625,8695932,656,241006,781,2478,162763,2007-09-05 22:01:17,1,1,2019-01-28 20:34:50,"If high-quality public pre-K is truly the best investment to prepare all children for academic success, Charlotte i… https://t.co/zmiQzR8RM8"
179,1089931989887737863,8695932,656,241006,781,2478,162763,2007-09-05 22:01:17,3,8,2019-01-28 17:03:31,One of the hottest biscuit businesses in the country is coming to Charlotte this summer. https://t.co/E3CqrsENmP
180,1089716123992502273,8695932,656,241006,781,2478,162763,2007-09-05 22:01:17,1,0,2019-01-28 02:45:44,"One person was killed in a shooting on Mallard Creek Road on Sunday night

https://t.co/oyhDc2wjq3"
