Index,ID,User_ID,Friends_Count,Followers_Count,Favourites_Count,Listed_Count,Status_Count,Created_at,Retweet_Count,Favourite_Count,Created_at,Text
1,1094732806821986304,25354366,93,71081,234,884,168212,2009-03-19 18:21:10,1,2,2019-02-10 23:00:14,"“From an engineering standpoint, there’s only so much we can do."" | Despite more than 6,300 signs, 2,000 pavement m… https://t.co/TgTAXrCLgR"
2,1094725238686998529,25354366,93,71081,234,884,168212,2009-03-19 18:21:10,0,1,2019-02-10 22:30:10,HIGH PROFILE: Adventurous Susan Hickingbotham is Women and Children First’s Woman of the Year for 2019. Read more »… https://t.co/dZLEKXIc9Y
3,1094717649899139073,25354366,93,71081,234,884,168212,2009-03-19 18:21:10,1,1,2019-02-10 22:00:01,Police: Man throwing fruit cups at NLR gas station said he'd been 'wanting' to shoot someone. Read more »… https://t.co/anGiQy63Fd
4,1094710109408821259,25354366,93,71081,234,884,168212,2009-03-19 18:21:10,0,0,2019-02-10 21:30:03,"Officers say LR mom put teen outside in cold. Read more »
https://t.co/a62gPCkgTs https://t.co/43DtPE0GYb"
5,1094695021511614464,25354366,93,71081,234,884,168212,2009-03-19 18:21:10,0,0,2019-02-10 20:30:06,"Court documents describe brutal assault and death of military veteran, whose body was found buried near a dirt road: https://t.co/4B83yJjeR0"
6,1094679961364021248,25354366,93,71081,234,884,168212,2009-03-19 18:21:10,0,0,2019-02-10 19:30:15,"Sheriff: Man dressed like deputy stopped in central Arkansas after turning on lights, siren in front of unmarked pa… https://t.co/TQ9PWykEsu"
7,1094664857172017152,25354366,93,71081,234,884,168212,2009-03-19 18:21:10,1,1,2019-02-10 18:30:14,"In first year of Arkansas teacher-recruitment program, only 9 at work in poor schools. What it means » https://t.co/ThKlTKIC53"
8,1094649711536029696,25354366,93,71081,234,884,168212,2009-03-19 18:21:10,0,0,2019-02-10 17:30:03,"Little Rock mayor says he has ""basic, fundamental disagreements"" with California pastor's beliefs but will still sh… https://t.co/xyQZTMkprc"
9,1094634631058636801,25354366,93,71081,234,884,168212,2009-03-19 18:21:10,0,0,2019-02-10 16:30:08,"Former KARK-TV news anchor, longtime aide to former Gov. Mike Huckabee sets off to Africa: https://t.co/uJbZMljY7S"
10,1094619537872429056,25354366,93,71081,234,884,168212,2009-03-19 18:21:10,1,2,2019-02-10 15:30:09,"“From an engineering standpoint, there’s only so much we can do."" | Despite more than 6,300 signs, 2,000 pavement m… https://t.co/A4ydXxC1D8"
11,1094468517053825024,25354366,93,71081,234,884,168212,2009-03-19 18:21:10,0,2,2019-02-10 05:30:03,"DRIVETIME MAHATMA: If you ask, can they really adjust the size of letters on eye test for license renewal? The Maha… https://t.co/ZND8p8s5J1"
12,1094460995928494081,25354366,93,71081,234,884,168212,2009-03-19 18:21:10,0,1,2019-02-10 05:00:10,U.S. Sen. Tom Cotton joins tour at burning dump site in Northwest Arkansas. Read more » https://t.co/Z7myRYklGb https://t.co/tO5xTKNcJp
13,1094453428074500097,25354366,93,71081,234,884,168212,2009-03-19 18:21:10,0,0,2019-02-10 04:30:05,"Driver, passenger die in state after running through stop sign. Read more »
https://t.co/NYhzhzgaKO https://t.co/KILcl0MuY6"
14,1094445870324633600,25354366,93,71081,234,884,168212,2009-03-19 18:21:10,0,2,2019-02-10 04:00:03,"A Searcy man who used a knife to rob a Walmart on Friday never made it out of the parking lot, a police spokesman s… https://t.co/PYAzGp74IP"
15,1094438320170516480,25354366,93,71081,234,884,168212,2009-03-19 18:21:10,1,6,2019-02-10 03:30:03,"Hogs collapse in Columbia, blow 13-point lead in loss to Gamecocks. More on the game »
https://t.co/ZSjdGvBj6s https://t.co/xp4eMkbqGP"
16,1094430776693850113,25354366,93,71081,234,884,168212,2009-03-19 18:21:10,0,1,2019-02-10 03:00:05,"A  man was arrested after authorities spotted him using lights and a siren on his vehicle, and then found him to be… https://t.co/hxNAioZvGM"
17,1094423239990878208,25354366,93,71081,234,884,168212,2009-03-19 18:21:10,0,0,2019-02-10 02:30:08,"Two Paragould residents died Friday after driving through a stop sign in Beech Grove, according to the Arkansas Sta… https://t.co/ikIgEFCIrk"
18,1094415747755986944,25354366,93,71081,234,884,168212,2009-03-19 18:21:10,0,0,2019-02-10 02:00:22,Board advised on closing agency responsible for Arkansas’ health insurance exchange: https://t.co/vgrqKZ6Lwn #ArkDG
19,1094408152357978113,25354366,93,71081,234,884,168212,2009-03-19 18:21:10,2,2,2019-02-10 01:30:11,Sen. Tom Cotton says he will talk with the interim director of the federal Environmental Protection Agency about th… https://t.co/seUPhqMHYj
20,1094400629504655362,25354366,93,71081,234,884,168212,2009-03-19 18:21:10,2,0,2019-02-10 01:00:17,INTERACTIVE: Closer look at 10 killings in Little Rock so far this year » https://t.co/US6vOdP4sk #ARcrime
21,1094393040897220608,25354366,93,71081,234,884,168212,2009-03-19 18:21:10,0,1,2019-02-10 00:30:08,"With demand growing for products that look, feel and taste like meat, poultry and cheese, Tyson Foods said it plans… https://t.co/IVl3On7xwz"
22,1094385541116764160,25354366,93,71081,234,884,168212,2009-03-19 18:21:10,0,0,2019-02-10 00:00:20,"Priest and religious brother added to Diocese of Little Rock's list of Arkansas church officials who have been ""cre… https://t.co/ZDQlOi1kFI"
23,1094377917885415424,25354366,93,71081,234,884,168212,2009-03-19 18:21:10,0,1,2019-02-09 23:30:02,Disabled veteran shot and killed in his Little Rock home in what witnesses say was an armed robbery: https://t.co/1ljRFCkf5v #ARcrime
24,1094370425289740289,25354366,93,71081,234,884,168212,2009-03-19 18:21:10,0,2,2019-02-09 23:00:16,Former Arkansas pastor sent to federal prison for trying to entice a person he thought was a teenage boy into a sex… https://t.co/xYopZBxWzS
25,1094362857624530944,25354366,93,71081,234,884,168212,2009-03-19 18:21:10,0,1,2019-02-09 22:30:12,"Searcy man arrested in Walmart parking lot after robbery. What officials say happened »
https://t.co/UcjcbuPOYf https://t.co/oqBQRLNrfO"
26,1094355392858071040,25354366,93,71081,234,884,168212,2009-03-19 18:21:10,1,0,2019-02-09 22:00:32,More than a dozen counties in northern Arkansas set to go under winter weather advisory: https://t.co/bgGPIvNJBn #arwx
27,1094347729780830208,25354366,93,71081,234,884,168212,2009-03-19 18:21:10,0,0,2019-02-09 21:30:05,"Crystal Bridges exhibit aims to lasso truth of heroes' roots. More about the new show »
https://t.co/NZLndlLAAy https://t.co/d9oiVG1OdF"
28,1094340182134931456,25354366,93,71081,234,884,168212,2009-03-19 18:21:10,0,1,2019-02-09 21:00:05,"After call to boycott brewpub, Arkansas senator cites 'vile' comments as reason to block social media users:… https://t.co/JOlTTqrBD0"
29,1094332864567623681,25354366,93,71081,234,884,168212,2009-03-19 18:21:10,0,0,2019-02-09 20:31:01,"LIVE UPDATES: Follow live as Arkansas takes on South Carolina »
https://t.co/8eUazOrfUU https://t.co/wzkkb2xtzH"
30,1094332719558025216,25354366,93,71081,234,884,168212,2009-03-19 18:21:10,0,0,2019-02-09 20:30:26,"Sting at Arkansas jail leads to arrest of official. Read more »
https://t.co/sPZ8LUcPde https://t.co/QGH41X5pb8"
31,1094325188668391429,25354366,93,71081,234,884,168212,2009-03-19 18:21:10,0,0,2019-02-09 20:00:31,The Razorbacks have made a three-point basket in 999 consecutive games going into their SEC matchup against South C… https://t.co/xQ2IFNOuc2
32,1094317562056318976,25354366,93,71081,234,884,168212,2009-03-19 18:21:10,3,3,2019-02-09 19:30:12,"Sheriff: Man dressed like deputy stopped in central Arkansas after turning on lights, siren in front of unmarked pa… https://t.co/czE11LsFV4"
33,1094309998820249601,25354366,93,71081,234,884,168212,2009-03-19 18:21:10,0,0,2019-02-09 19:00:09,INTERACTIVE: Closer look at 10 killings in Little Rock so far this year » https://t.co/US6vOdP4sk https://t.co/QFpkdAktFy
34,1094302461605629953,25354366,93,71081,234,884,168212,2009-03-19 18:21:10,0,0,2019-02-09 18:30:12,Reworking set for records bills; Arkansas legislators plan amendments after hearing from advocates. Read more »… https://t.co/tt7qO2i0zm
35,1094294977939759106,25354366,93,71081,234,884,168212,2009-03-19 18:21:10,0,0,2019-02-09 18:00:28,"Priest and religious brother added to Diocese of Little Rock's list of Arkansas church officials who have been ""cre… https://t.co/ITdYkqn7fs"
36,1094287818531192832,25354366,93,71081,234,884,168212,2009-03-19 18:21:10,1,0,2019-02-09 17:32:01,"Dissolving the agency responsible for Arkansas’ health insurance exchange likely will require a vote of its board,… https://t.co/9AieqIQNDV"
37,1094279831762669568,25354366,93,71081,234,884,168212,2009-03-19 18:21:10,0,0,2019-02-09 17:00:17,Former Arkansas pastor sent to federal prison for trying to entice a person he thought was a teenage boy into a sex… https://t.co/i1qJjdIqts
38,1094264739671216129,25354366,93,71081,234,884,168212,2009-03-19 18:21:10,0,0,2019-02-09 16:00:19,More than a dozen counties in northern Arkansas set to go under winter weather advisory. Latest forecast: https://t.co/bgGPIvNJBn
39,1094251518423941120,25354366,93,71081,234,884,168212,2009-03-19 18:21:10,2,0,2019-02-09 15:07:46,Disabled veteran shot and killed in his Little Rock home in what witnesses say was an armed robbery: https://t.co/1ljRFCkf5v
40,1094108634882158594,25354366,93,71081,234,884,168212,2009-03-19 18:21:10,3,10,2019-02-09 05:40:00,Arkansan Jason Macom won a spot on U.S. Paralympics' national cycling team with his performances Feb. 2-3: https://t.co/ynRLEu6krZ
41,1094103602573074432,25354366,93,71081,234,884,168212,2009-03-19 18:21:10,2,1,2019-02-09 05:20:00,The mother of a 15-year-old boy who was shot and killed by a Little Rock police officer can't try to hold the city… https://t.co/FNN6BZmwzx
42,1094098605068173317,25354366,93,71081,234,884,168212,2009-03-19 18:21:10,0,0,2019-02-09 05:00:09,Lawyers for a NLR man who appeared in a video that showed him inducing a toddler to smoke a cigar announced Thursda… https://t.co/68F839pP5O
43,1094093537174581248,25354366,93,71081,234,884,168212,2009-03-19 18:21:10,0,2,2019-02-09 04:40:01,"Three teenagers locked up at an Alexander youth prison escaped Wednesday night, injuring at least one guard, state… https://t.co/MUwSA7TtZT"
44,1094083560502427649,25354366,93,71081,234,884,168212,2009-03-19 18:21:10,0,1,2019-02-09 04:00:22,A woman who shot an innocent bystander in the parking lot of the state Health Department two years ago has accepted… https://t.co/nbRLtCzCcj
45,1094073404355944448,25354366,93,71081,234,884,168212,2009-03-19 18:21:10,0,0,2019-02-09 03:20:01,"Little Rock Mayor Frank Scott Jr.'s campaign ended the race nearly $75,000 in debt, a report shows. Details » https://t.co/SwlzZrhbjI"
46,1094063334729662464,25354366,93,71081,234,884,168212,2009-03-19 18:21:10,3,1,2019-02-09 02:40:00,A man was fatally shot Friday morning after a group of people broke into his home and demanded cash before killing… https://t.co/Mtsby1qtVF
47,1094058303611637760,25354366,93,71081,234,884,168212,2009-03-19 18:21:10,0,0,2019-02-09 02:20:00,"NEW: Two parents were in jail Friday night after their 3-month-old baby girl died near their home, authorities said… https://t.co/BX7Pm5CDJP"
48,1094053396615782400,25354366,93,71081,234,884,168212,2009-03-19 18:21:10,0,0,2019-02-09 02:00:30,"Bentonville city officials are asking the state for a permit to kill geese at the airport, saying it's the ""least e… https://t.co/q2Ebf4283f"
49,1094048238443876352,25354366,93,71081,234,884,168212,2009-03-19 18:21:10,0,1,2019-02-09 01:40:01,The U.S. Department of Housing and Urban Development announced that $4M in grants would support Arkansas efforts to… https://t.co/VJiA8EMDDd
50,1094043205950148608,25354366,93,71081,234,884,168212,2009-03-19 18:21:10,0,0,2019-02-09 01:20:01,"A Little Rock man was stabbed in the head after an argument during a game of dominoes early Friday, police said: https://t.co/vITMsgRXyd"
51,1094038593058816000,25354366,93,71081,234,884,168212,2009-03-19 18:21:10,0,0,2019-02-09 01:01:41,A priest and a religious brother have been added to the Diocese of Little Rock's list of church officials who have… https://t.co/08grIUp7UH
52,1094033139301785600,25354366,93,71081,234,884,168212,2009-03-19 18:21:10,1,0,2019-02-09 00:40:01,"Former state senator asks judge to dismiss charges against him, alleges the FBI illegally obtained evidence from la… https://t.co/BuDLl7BJq8"
53,1094028109379235841,25354366,93,71081,234,884,168212,2009-03-19 18:21:10,1,3,2019-02-09 00:20:01,"Sen. Jason Rapert said Friday that he should be allowed to block social media users, pointing to what he called “vi… https://t.co/KcLTlFaPDy"
54,1094025694840004609,25354366,93,71081,234,884,168212,2009-03-19 18:21:10,1,0,2019-02-09 00:10:26,"Tornado carves 2.3-mile path in northern Arkansas, affecting about 145 residents.

We deleted a previous tweet that… https://t.co/mmNAqhPB7k"
55,1094023145084862464,25354366,93,71081,234,884,168212,2009-03-19 18:21:10,0,0,2019-02-09 00:00:18,"Two people were killed after a 21-year-old driver failed to stop for a sign, authorities said: https://t.co/StnYDsvkym #ARnews"
56,1094018039752912896,25354366,93,71081,234,884,168212,2009-03-19 18:21:10,0,1,2019-02-08 23:40:01,"Little Rock woman arrested Wednesday in stabbing of two women with a box cutter during a family funeral, court docu… https://t.co/EVwRn6OTZV"
57,1094013009872203777,25354366,93,71081,234,884,168212,2009-03-19 18:21:10,3,2,2019-02-08 23:20:01,These four business leaders will be inducted tonight into the Arkansas Business Hall of Fame: https://t.co/iKR0V7Eozf #ARbiz
58,1094002939558064130,25354366,93,71081,234,884,168212,2009-03-19 18:21:10,0,0,2019-02-08 22:40:01,"Filing unsealed in bankruptcy case of one-time prominent Arkansas developer. What it means:
https://t.co/5ODjLakFhl #ARbiz"
59,1093997911732555776,25354366,93,71081,234,884,168212,2009-03-19 18:21:10,0,0,2019-02-08 22:20:02,A former police officer and state park superintendent was named War Memorial Stadium's new director: https://t.co/rECh30fSBi
60,1093993004103274496,25354366,93,71081,234,884,168212,2009-03-19 18:21:10,0,0,2019-02-08 22:00:32,"""I am going to use my free will to overcome the evil you did to me."" | Victim addresses former police chief after h… https://t.co/A0xYdFAPbw"
61,1093982806626193412,25354366,93,71081,234,884,168212,2009-03-19 18:21:10,0,0,2019-02-08 21:20:00,Arkansan Jason Macom is one of 14 athletes who will represent Team USA in the 2019 UCI Para-cycling Track World Cha… https://t.co/9dbHSbNn1R
62,1093977792226697216,25354366,93,71081,234,884,168212,2009-03-19 18:21:10,0,0,2019-02-08 21:00:05,Little Rock TV news director announces departure from KARK-TV and Fox16 after nearly seven years at the stations' h… https://t.co/iz6q9WHrsQ
63,1093967707278639104,25354366,93,71081,234,884,168212,2009-03-19 18:21:10,0,0,2019-02-08 20:20:01,A priest and a religious brother have been added to the Diocese of Little Rock's list of church officials who have… https://t.co/BkLIuVfaQG
64,1093957641146118144,25354366,93,71081,234,884,168212,2009-03-19 18:21:10,0,0,2019-02-08 19:40:01,"Former state senator asks judge to dismiss charges against him, alleges the FBI illegally obtained evidence from la… https://t.co/Zx97iQ0OAB"
65,1093932596919193600,25354366,93,71081,234,884,168212,2009-03-19 18:21:10,0,2,2019-02-08 18:00:30,These four business leaders will be inducted tonight into the Arkansas Business Hall of Fame: https://t.co/iKR0V7Eozf
66,1093922414604500994,25354366,93,71081,234,884,168212,2009-03-19 18:21:10,0,0,2019-02-08 17:20:02,"Little Rock woman arrested Wednesday in stabbing of two women with a box cutter during a family funeral, court docu… https://t.co/WywtDINyRI"
67,1093907311066783746,25354366,93,71081,234,884,168212,2009-03-19 18:21:10,0,1,2019-02-08 16:20:01,"Filing unsealed in bankruptcy case of one-time prominent Arkansas developer:
https://t.co/5ODjLakFhl"
68,1093897242455560193,25354366,93,71081,234,884,168212,2009-03-19 18:21:10,0,1,2019-02-08 15:40:00,"""I am going to use my free will to overcome the evil you did to me."" | Victim addresses former police chief after h… https://t.co/KemwCoxPex"
69,1093887323094376448,25354366,93,71081,234,884,168212,2009-03-19 18:21:10,1,0,2019-02-08 15:00:35,Little Rock TV news director announces departure from KARK-TV and Fox16 after nearly seven years at the stations' h… https://t.co/l4Dm9d3Ngk
70,1093880890843906048,25354366,93,71081,234,884,168212,2009-03-19 18:21:10,0,0,2019-02-08 14:35:02,"Former state senator asks judge to dismiss charges against him, alleges the FBI illegally obtained evidence from la… https://t.co/OR5FyuiSoo"
71,1093741214300549120,25354366,93,71081,234,884,168212,2009-03-19 18:21:10,0,1,2019-02-08 05:20:00,"Officials at the Batesville School District said the district plans to close on Friday, citing “excessive” illness… https://t.co/xbPVSeOcTK"
72,1093731148889550848,25354366,93,71081,234,884,168212,2009-03-19 18:21:10,0,0,2019-02-08 04:40:01,A former Northwest Arkansas police chief pleaded guilty to 2 counts of rape Thursday after pleading guilty to murde… https://t.co/ThHwkjdDwo
73,1093716048413708288,25354366,93,71081,234,884,168212,2009-03-19 18:21:10,0,1,2019-02-08 03:40:00,A driver who was traveling the wrong way on a highway and was fatally injured in a crash Wednesday is the latest pe… https://t.co/ChurDZeRy9
74,1093706010525687809,25354366,93,71081,234,884,168212,2009-03-19 18:21:10,1,0,2019-02-08 03:00:07,A 14-year-old boy was arrested in the shooting death of another teen in West Memphis: https://t.co/k9ESe2R5Nq #ARcrime
75,1093695915456688128,25354366,93,71081,234,884,168212,2009-03-19 18:21:10,0,2,2019-02-08 02:20:00,An Arkansas teenager will play her violin at Carnegie Hall this week: https://t.co/U3N6Ciwz42 #ArkDG
76,1093685848393089024,25354366,93,71081,234,884,168212,2009-03-19 18:21:10,1,5,2019-02-08 01:40:00,"Austin Kellerman, news director at KARK, is headed to his home state of Texas: https://t.co/zd4EB9LRpI #ARnews"
77,1093675811415248898,25354366,93,71081,234,884,168212,2009-03-19 18:21:10,1,2,2019-02-08 01:00:07,Arkansas state senator calls for boycott of Little Rock brewpub after poster for concert depicted him biting a baby… https://t.co/1I8KzSlpcI
78,1093665716220383233,25354366,93,71081,234,884,168212,2009-03-19 18:21:10,0,0,2019-02-08 00:20:00,Man who accused his aunt and cousin of selling him a fake Confederate battle flag wins his lawsuit: https://t.co/0MGcOMhzhl #ArkDG
79,1093650623071993856,25354366,93,71081,234,884,168212,2009-03-19 18:21:10,1,0,2019-02-07 23:20:02,Former state Sen. Jeremy Hutchinson has asked a federal judge to dismiss the wire and tax fraud charges against him… https://t.co/NuxG6GHrEX
80,1093640549981143040,25354366,93,71081,234,884,168212,2009-03-19 18:21:10,0,1,2019-02-07 22:40:00,"Arkansas tool factory idled in '14 sells for $2M. Latest »
https://t.co/XnPXLFQH2V #ArkDG"
81,1093630564417056768,25354366,93,71081,234,884,168212,2009-03-19 18:21:10,0,0,2019-02-07 22:00:19,Central Arkansas man indicted on charges that he installed a hidden camera in a bathroom of his home and took nude… https://t.co/9eO88PEhtk
82,1093620415845548032,25354366,93,71081,234,884,168212,2009-03-19 18:21:10,0,0,2019-02-07 21:20:00,"RESTAURANT NEWS
- Atlas Bar and Small Plates to open in LR's South Main neighborhood
- Buffalo Wild Wings in west L… https://t.co/j3ek2K8Tlh"
83,1093610359007662080,25354366,93,71081,234,884,168212,2009-03-19 18:21:10,0,0,2019-02-07 20:40:02,A former Northwest Arkansas police chief pleaded guilty to 2 counts of rape Thursday. He pleaded guilty to murder i… https://t.co/0JX8L9ahvZ
84,1093600302425624577,25354366,93,71081,234,884,168212,2009-03-19 18:21:10,0,3,2019-02-07 20:00:04,Arkansas state senator calls for boycott of Little Rock brewpub after poster for concert depicted him biting a baby… https://t.co/ZgJjq1Yfbv
85,1093575118247391232,25354366,93,71081,234,884,168212,2009-03-19 18:21:10,1,0,2019-02-07 18:20:00,Man who accused his aunt and cousin of selling him a fake Confederate battle flag wins his lawsuit: https://t.co/0MGcOMhzhl
86,1093565058641248256,25354366,93,71081,234,884,168212,2009-03-19 18:21:10,0,0,2019-02-07 17:40:02,"Arkansas tool factory idled in '14 sells for $2M. Latest »
https://t.co/XnPXLFQH2V"
87,1093555104521879553,25354366,93,71081,234,884,168212,2009-03-19 18:21:10,1,0,2019-02-07 17:00:28,Former Arkansas state representative says he has failed to save the Arkansas Health Insurance Marketplace: https://t.co/PNjj0v0xte
88,1093544923448659969,25354366,93,71081,234,884,168212,2009-03-19 18:21:10,0,0,2019-02-07 16:20:01,Central Arkansas man indicted on charges that he installed a hidden camera in a bathroom of his home and took nude… https://t.co/OKvCFeOVNi
89,1093539888492957696,25354366,93,71081,234,884,168212,2009-03-19 18:21:10,1,0,2019-02-07 16:00:01,Legislation that would enact Gov. Asa Hutchinson's plan to slice the state's top individual income tax rate from 6.… https://t.co/mH2HNRFFGD
90,1093534857462984704,25354366,93,71081,234,884,168212,2009-03-19 18:21:10,0,0,2019-02-07 15:40:01,"RESTAURANT NEWS
- Atlas Bar and Small Plates to open in LR's South Main neighborhood
- Buffalo Wild Wings in west L… https://t.co/rmrI0SWtNr"
91,1093524855226621964,25354366,93,71081,234,884,168212,2009-03-19 18:21:10,1,1,2019-02-07 15:00:16,West Little Rock gas station clerk critically injured by robber who fired multiple shots. What we know: https://t.co/ocSUd9esnC
92,1093514725277655040,25354366,93,71081,234,884,168212,2009-03-19 18:21:10,6,7,2019-02-07 14:20:01,Arkansas state senator calls for boycott of Little Rock brewpub after poster for concert depicted him biting a baby… https://t.co/PHMYu8JPSS
93,1093383860409323520,25354366,93,71081,234,884,168212,2009-03-19 18:21:10,1,0,2019-02-07 05:40:01,"Arkansan, 'True Detective' writer to take audience questions after free screening: https://t.co/H0xPSgLWJI"
94,1093378824669184006,25354366,93,71081,234,884,168212,2009-03-19 18:21:10,0,1,2019-02-07 05:20:00,"""Our group recommends that now is not the right time to start a football program.” | Panel says no to UALR football… https://t.co/yBQUWQgVVJ"
95,1093373824953958401,25354366,93,71081,234,884,168212,2009-03-19 18:21:10,0,0,2019-02-07 05:00:08,A 19-year-old Arkansas man faces multiple charges after authorities say he raped a minor: https://t.co/shpfKQgYNy
96,1093368757265801217,25354366,93,71081,234,884,168212,2009-03-19 18:21:10,1,3,2019-02-07 04:40:00,Arkansas senators on Wednesday endorsed placing statues of civil rights leader Daisy Bates and singer Johnny Cash a… https://t.co/gNf0bBZJVC
97,1093363724965109760,25354366,93,71081,234,884,168212,2009-03-19 18:21:10,0,1,2019-02-07 04:20:00,A Hot Springs woman pleaded guilty Monday to stabbing a pregnant woman in the neck: https://t.co/qgmqwDkNjt #ARcrime
98,1093353660833247232,25354366,93,71081,234,884,168212,2009-03-19 18:21:10,1,2,2019-02-07 03:40:00,The number of flu deaths in Arkansas this season has risen by 6: https://t.co/514zJHiWec #ArkDG
99,1093343655363006464,25354366,93,71081,234,884,168212,2009-03-19 18:21:10,0,1,2019-02-07 03:00:15,A registered sex offender in Northwest Arkansas is set to spend 15 years in prison after being convicted of child p… https://t.co/trodaU9xDd
100,1093333531105861632,25354366,93,71081,234,884,168212,2009-03-19 18:21:10,2,5,2019-02-07 02:20:01,"Graham Gordy, an Arkansan and primary writer for the sixth episode of True Detective's current season, will take au… https://t.co/O7WNxuipQA"
101,1093323462268067841,25354366,93,71081,234,884,168212,2009-03-19 18:21:10,1,0,2019-02-07 01:40:01,"Closure looming for Arkansas town's only grocery. What it means »
https://t.co/5ZxNctGYlw #ARnews"
102,1093318427513683968,25354366,93,71081,234,884,168212,2009-03-19 18:21:10,2,0,2019-02-07 01:20:00,Arkansas Sen. Jason Rapert called for a boycott of a Little Rock brewpub this week after a concert poster depicted… https://t.co/E9UKSVKevY
103,1093313468621619200,25354366,93,71081,234,884,168212,2009-03-19 18:21:10,0,1,2019-02-07 01:00:18,"Business operations manager fired after directing ""outburst of abusive language"" toward state officials during meet… https://t.co/kPrRhOEdT8"
104,1093308359292473344,25354366,93,71081,234,884,168212,2009-03-19 18:21:10,1,2,2019-02-07 00:40:00,Retired NFL referee and Little Rock native Walt Coleman was greeted by applause Tuesday afternoon followed by boos… https://t.co/G3X0jVJYdF
105,1093293262247550976,25354366,93,71081,234,884,168212,2009-03-19 18:21:10,0,1,2019-02-06 23:40:00,Here's where patients will be able to purchase medical marijuana products in Arkansas in the coming months: https://t.co/7OayE3txmi #ArkDG
106,1093283395826790406,25354366,93,71081,234,884,168212,2009-03-19 18:21:10,0,0,2019-02-06 23:00:48,Tyson Foods heir sued by theater company that contends she has reneged on portion of promised gift: https://t.co/70QCqMfxzW #ArkDG
107,1093268170180317184,25354366,93,71081,234,884,168212,2009-03-19 18:21:10,0,2,2019-02-06 22:00:18,Members of Arkansas' all-Republican congressional delegation say Trump's State of the Union address struck the righ… https://t.co/2PlypfKlKA
108,1093258028864856064,25354366,93,71081,234,884,168212,2009-03-19 18:21:10,0,0,2019-02-06 21:20:00,Committee recommends against bringing back UALR football. What the panel said » https://t.co/ZXTtKzzONT #ARnews
109,1093247969955143680,25354366,93,71081,234,884,168212,2009-03-19 18:21:10,0,0,2019-02-06 20:40:02,"Closure looming for Arkansas town's only grocery. What it means »
https://t.co/5ZxNctGYlw #ARbiz"
110,1093238004565622786,25354366,93,71081,234,884,168212,2009-03-19 18:21:10,1,0,2019-02-06 20:00:26,"Business operations manager fired after directing ""outburst of abusive language"" toward state officials during meet… https://t.co/hP4IvOnNQE"
111,1093227841276338176,25354366,93,71081,234,884,168212,2009-03-19 18:21:10,1,0,2019-02-06 19:20:03,The number of flu deaths in Arkansas this season has risen again: https://t.co/514zJHiWec #ARnews
112,1093212739525316608,25354366,93,71081,234,884,168212,2009-03-19 18:21:10,1,0,2019-02-06 18:20:02,Here's where patients will be able to purchase medical marijuana products in Arkansas in the coming months: https://t.co/7OayE3txmi
113,1093202664937132032,25354366,93,71081,234,884,168212,2009-03-19 18:21:10,0,0,2019-02-06 17:40:00,Tyson Foods heir sued by theater company that contends she has reneged on portion of promised gift: https://t.co/70QCqMfxzW
114,1093192737921425408,25354366,93,71081,234,884,168212,2009-03-19 18:21:10,0,0,2019-02-06 17:00:33,Members of Arkansas' all-Republican congressional delegation say Trump's State of the Union address struck the righ… https://t.co/6qY2eUI1E5
115,1093182533733416960,25354366,93,71081,234,884,168212,2009-03-19 18:21:10,1,1,2019-02-06 16:20:01,Body of man swept away in flash flood last year found in debris pile along Arkansas Creek. Latest » https://t.co/ZpfnNa8kWo
116,1093172467215028224,25354366,93,71081,234,884,168212,2009-03-19 18:21:10,0,4,2019-02-06 15:40:01,One of Arkansas’ prized prospects has signed his national latter of intent to play for the Razorbacks. Details »… https://t.co/vyPnLUosYi
117,1093162508691615744,25354366,93,71081,234,884,168212,2009-03-19 18:21:10,0,0,2019-02-06 15:00:26,"Closure looming for Arkansas town's only grocery. What it means »
https://t.co/5ZxNctGYlw"
118,1093154296500244481,25354366,93,71081,234,884,168212,2009-03-19 18:21:10,0,1,2019-02-06 14:27:48,"Business operations manager fired after directing ""outburst of abusive language"" toward state officials during meet… https://t.co/oWSxVg8ZZS"
119,1093016436904263680,25354366,93,71081,234,884,168212,2009-03-19 18:21:10,0,0,2019-02-06 05:20:00,ASU attorneys want a freedom of speech lawsuit against the university to be delayed: https://t.co/BqqPVX0ChR
120,1093011411670835200,25354366,93,71081,234,884,168212,2009-03-19 18:21:10,0,0,2019-02-06 05:00:02,A 57-year-old man pleaded guilty to one child pornography count and was given a suspended sentence of five years:… https://t.co/v2uAIpLUBY
121,1093006373573574656,25354366,93,71081,234,884,168212,2009-03-19 18:21:10,0,1,2019-02-06 04:40:01,Two people were questioned by police after an apparent burglary led to shots fired inside a Little Rock home on the… https://t.co/Y3YsBZUi9L
122,1092996705862275072,25354366,93,71081,234,884,168212,2009-03-19 18:21:10,0,0,2019-02-06 04:01:36,"In Tuesday's State of the Union address, President Trump urged Washington to reject ""the politics of revenge, resis… https://t.co/9FkI3BSgvk"
123,1092991269905858561,25354366,93,71081,234,884,168212,2009-03-19 18:21:10,0,4,2019-02-06 03:40:00,"Candi Nolan, a Broadway and TV star who settled in southern Arkansas, died last week at her El Dorado home: https://t.co/qiTntusCh6"
124,1092986238926245888,25354366,93,71081,234,884,168212,2009-03-19 18:21:10,1,1,2019-02-06 03:20:00,Authorities have upgraded charges against 2 people who are accused of killing a man who stole and pawned a pocket w… https://t.co/ZEW7LTlkva
125,1092981218390536192,25354366,93,71081,234,884,168212,2009-03-19 18:21:10,0,0,2019-02-06 03:00:03,The director of AETN announced Monday the launch of an online network that will livestream Capitol events. What the… https://t.co/W6wk1VJ2ja
126,1092976282252525568,25354366,93,71081,234,884,168212,2009-03-19 18:21:10,0,0,2019-02-06 02:40:26,Police released the identity of a woman found dead after a fire early Saturday in Northwest Arkansas. Read more »… https://t.co/6hv6cyMF6C
127,1092971153277120512,25354366,93,71081,234,884,168212,2009-03-19 18:21:10,2,2,2019-02-06 02:20:04,"An Arkansas House panel has backed a proposal to raise minimum teacher salaries in the state by $4,000 over the nex… https://t.co/cygzhr69LV"
128,1092966125954953217,25354366,93,71081,234,884,168212,2009-03-19 18:21:10,0,0,2019-02-06 02:00:05,WATCH LIVE: President Donald Trump to deliver State of the Union address at 8 p.m. » https://t.co/bfJOp9VTXZ https://t.co/UNeJ80C8S7
129,1092961073823535104,25354366,93,71081,234,884,168212,2009-03-19 18:21:10,1,0,2019-02-06 01:40:00,"Arkansas actress who starred in ""Creature from the Black Lagoon"" dies at 92:
https://t.co/eSLPAJWiMS #ARnews"
130,1092956042042863616,25354366,93,71081,234,884,168212,2009-03-19 18:21:10,0,0,2019-02-06 01:20:01,The 32 businesses that a panel approved to sell medical marijuana in Arkansas have been formally awarded their lice… https://t.co/LSDMZevufP
131,1092951020483813376,25354366,93,71081,234,884,168212,2009-03-19 18:21:10,0,0,2019-02-06 01:00:03,UA student dies two days after being hit by car while walking in a crosswalk on campus. What police say happened »… https://t.co/gCZzTzmEIV
132,1092940946562605057,25354366,93,71081,234,884,168212,2009-03-19 18:21:10,1,1,2019-02-06 00:20:02,"ASU attorneys want a freedom of speech lawsuit against the university to be delayed, citing a bill legislators are… https://t.co/bOAXHetwU8"
133,1092930872473460737,25354366,93,71081,234,884,168212,2009-03-19 18:21:10,0,0,2019-02-05 23:40:00,Little Rock law firm elects managing partner » https://t.co/uQJyDQxPGH #ArkDG
134,1092920839593443329,25354366,93,71081,234,884,168212,2009-03-19 18:21:10,0,0,2019-02-05 23:00:08,Prosecutors not pleased with reports that rapper offered free trip to Arkansas teen who plotted to steal jet so he… https://t.co/wosaP4cAam
135,1092910751839342600,25354366,93,71081,234,884,168212,2009-03-19 18:21:10,0,0,2019-02-05 22:20:03,A 57-year-old man pleaded guilty to one child pornography count and was given a suspended sentence of five years:… https://t.co/IclDjXT0cs
136,1092900677507080192,25354366,93,71081,234,884,168212,2009-03-19 18:21:10,2,2,2019-02-05 21:40:01,"Lawmaker revives attempt to eliminate daylight saving time in Arkansas. Details »
https://t.co/1DiphGrKM2 #ArkDG #ARleg"
137,1092890704148381698,25354366,93,71081,234,884,168212,2009-03-19 18:21:10,2,1,2019-02-05 21:00:23,"Arkansas actress who starred in ""Creature from the Black Lagoon"" dies at 92:
https://t.co/eSLPAKdUbs #ArkDG"
138,1092880554893164549,25354366,93,71081,234,884,168212,2009-03-19 18:21:10,0,0,2019-02-05 20:20:03,Authorities have upped the charges against two men who are accused of killing a person who stole a pocket watch bel… https://t.co/TJgw6mQpK0
139,1092865442656518145,25354366,93,71081,234,884,168212,2009-03-19 18:21:10,0,0,2019-02-05 19:20:00,UA student dies two days after being hit by car while walking in a crosswalk on campus. What police say happened »… https://t.co/ZsG6bsLHCd
140,1092850359335354374,25354366,93,71081,234,884,168212,2009-03-19 18:21:10,0,0,2019-02-05 18:20:04,Little Rock law firm elects managing partner » https://t.co/uQJyDQxPGH
141,1092840284998774787,25354366,93,71081,234,884,168212,2009-03-19 18:21:10,0,0,2019-02-05 17:40:02,Prosecutors not pleased with reports that rapper offered free trip to Arkansas teen who plotted to steal jet so he… https://t.co/YmXizEqbVk
142,1092830358670884864,25354366,93,71081,234,884,168212,2009-03-19 18:21:10,0,0,2019-02-05 17:00:35,"Lawmaker revives attempt to eliminate daylight saving time in Arkansas. Details »
https://t.co/1DiphGrKM2"
143,1092820146165551107,25354366,93,71081,234,884,168212,2009-03-19 18:21:10,0,0,2019-02-05 16:20:01,Body found along bank of Arkansas creek; Crime Lab to investigate possible tie to couple swept away in flood. Lates… https://t.co/JDsuNolYkX
144,1092810091429064704,25354366,93,71081,234,884,168212,2009-03-19 18:21:10,0,0,2019-02-05 15:40:03,"Police: Shots fired inside residence along Cantrell Road in west Little Rock, but no one hit by the gunfire: https://t.co/ZkPl8Gjk6o"
145,1092800047371247620,25354366,93,71081,234,884,168212,2009-03-19 18:21:10,0,3,2019-02-05 15:00:09,"Arkansas actress who starred in ""Creature from the Black Lagoon"" dies at 92:
https://t.co/eSLPAKdUbs"
146,1092792881591537668,25354366,93,71081,234,884,168212,2009-03-19 18:21:10,2,0,2019-02-05 14:31:40,UA student dies two days after being hit by car while walking in a crosswalk on campus. What police say happened » https://t.co/Z2gPpHySkd
147,1092659089753206785,25354366,93,71081,234,884,168212,2009-03-19 18:21:10,1,4,2019-02-05 05:40:02,Walmart's hourly workers can now use banked paid time off for unexpected absences without incurring penalties. Deta… https://t.co/nyUjpzEQdr
148,1092654049428754432,25354366,93,71081,234,884,168212,2009-03-19 18:21:10,0,0,2019-02-05 05:20:00,A man charged in connection with dragging a police officer with his pickup pleaded not guilty Monday: https://t.co/utC4BTNw8U
149,1092649132227989505,25354366,93,71081,234,884,168212,2009-03-19 18:21:10,0,1,2019-02-05 05:00:28,The Razorbacks showed their resiliency in Saturday's game against LSU. Details from the game »… https://t.co/pmbotYbMdv
150,1092643982570606592,25354366,93,71081,234,884,168212,2009-03-19 18:21:10,0,1,2019-02-05 04:40:00,"Believing a player was ""slapped on his arm,"" UALR Coach Darrell Walker charged onto the floor to argue the no-call.… https://t.co/LlAtLOS85R"
151,1092638955609210880,25354366,93,71081,234,884,168212,2009-03-19 18:21:10,1,3,2019-02-05 04:20:01,Two Arkansans face animal cruelty citations after authorities said they were seen injuring a cat and a dog in video… https://t.co/VzVcowKKjI
152,1092633924264706048,25354366,93,71081,234,884,168212,2009-03-19 18:21:10,0,3,2019-02-05 04:00:02,"A tiny, all-white public school in rural Madison County secretly enrolled a black girl in the mid-1940s, several ye… https://t.co/OFd1jhtCiT"
153,1092628891653599232,25354366,93,71081,234,884,168212,2009-03-19 18:21:10,0,0,2019-02-05 03:40:02,1 person was killed and four were injured in a crash early Sunday. What authorities say happened »… https://t.co/ZB1H7KPFbr
154,1092623852729978880,25354366,93,71081,234,884,168212,2009-03-19 18:21:10,2,2,2019-02-05 03:20:01,Officials are worried about the aging of the poll workers they rely on to run elections. More on attempts to recrui… https://t.co/WRPALGIQjC
155,1092618834794741761,25354366,93,71081,234,884,168212,2009-03-19 18:21:10,0,0,2019-02-05 03:00:04,"A 60-year-old man died after he drove into a car parked at a rest stop on I-30, police said: https://t.co/AabGXiqyqv"
156,1092613785867685888,25354366,93,71081,234,884,168212,2009-03-19 18:21:10,0,1,2019-02-05 02:40:00,"After a five-day class with two Little Rock entrepreneurs, students have their own canoes. Why the pair are sharing… https://t.co/0fkpvnRK2A"
157,1092608757408903173,25354366,93,71081,234,884,168212,2009-03-19 18:21:10,0,0,2019-02-05 02:20:02,Claims dismissed in Texarkana defamation suit; lawsuit initially filed against two festival volunteers »… https://t.co/fHjzHHzIPu
158,1092603770419191808,25354366,93,71081,234,884,168212,2009-03-19 18:21:10,0,1,2019-02-05 02:00:13,The newest member of the UA Board of Trustees is an agricultural economist and the founder of Ozark Mountain Poultr… https://t.co/nMSFRaKiXz
159,1092598689028288512,25354366,93,71081,234,884,168212,2009-03-19 18:21:10,0,1,2019-02-05 01:40:01,360-Degree PHOTOS: Fans of the Saenger theater hope to bring the Pine Bluff landmark back to life. Get details on t… https://t.co/UBRGjEkHis
160,1092593650469666816,25354366,93,71081,234,884,168212,2009-03-19 18:21:10,2,7,2019-02-05 01:20:00,"After an Arkansas teen attempted to steal a plane so he could attend a rap concert, the rapper invited the 19-year-… https://t.co/baUQuBsKkQ"
161,1092588698393296897,25354366,93,71081,234,884,168212,2009-03-19 18:21:10,0,0,2019-02-05 01:00:19,"U.S. Rep. Rick Crawford, R-Ark., said he sees an opening for passage of a bill on agricultural trade with Cuba. Why… https://t.co/FrpRQPsb0K"
162,1092578558977937408,25354366,93,71081,234,884,168212,2009-03-19 18:21:10,0,0,2019-02-05 00:20:02,"With Gov. Asa Hutchinson's latest tax plan introduced, lawmakers are turning their attention to other key prioritie… https://t.co/ogBrRf8FIy"
163,1092568492572839936,25354366,93,71081,234,884,168212,2009-03-19 18:21:10,0,0,2019-02-04 23:40:02,"Arkansas Supreme Court Justice Courtney Goodson and her husband, Texarkana lawyer John Goodson, are divorcing, acco… https://t.co/tWW9Gq6tWY"
164,1092558474658172929,25354366,93,71081,234,884,168212,2009-03-19 18:21:10,0,0,2019-02-04 23:00:13,The spread of an underground fire in Northwest Arkansas has been contained due to a trench dug along the site's per… https://t.co/bvdnx0v0dl
165,1092548359993331713,25354366,93,71081,234,884,168212,2009-03-19 18:21:10,0,0,2019-02-04 22:20:02,A crash in Northwest Arkansas led police to discover more than 70 pounds of meth hidden in a car. What authorities… https://t.co/zl4Ck2Qjdy
166,1092538298956943360,25354366,93,71081,234,884,168212,2009-03-19 18:21:10,0,0,2019-02-04 21:40:03,Claims dismissed in Texarkana defamation suit; lawsuit initially filed against two festival volunteers »… https://t.co/UVEBWWUMSo
167,1092533272377257984,25354366,93,71081,234,884,168212,2009-03-19 18:21:10,1,1,2019-02-04 21:20:05,"U.S. Rep. Rick Crawford, R-Ark., said he sees an opening for passage of a bill on agricultural trade with Cuba. Why… https://t.co/WVuvwKEZY9"
168,1092528282220879881,25354366,93,71081,234,884,168212,2009-03-19 18:21:10,1,1,2019-02-04 21:00:15,An advocacy group in Arkansas is urging schools to reconsider how they discipline their students. Details on the gr… https://t.co/aFoarzFhZg
169,1092523192080568320,25354366,93,71081,234,884,168212,2009-03-19 18:21:10,0,1,2019-02-04 20:40:01,Walmart's hourly workers can now use banked paid time off for unexpected absences without incurring penalties. What… https://t.co/OmBJphAdEu
170,1092513261487120389,25354366,93,71081,234,884,168212,2009-03-19 18:21:10,0,1,2019-02-04 20:00:34,"State legislators look at next priorities; tax plan set, leaders ready to tackle highway funding »… https://t.co/kH8KRxjbvU"
171,1092508088404529153,25354366,93,71081,234,884,168212,2009-03-19 18:21:10,1,1,2019-02-04 19:40:00,"UPDATE: Officers were investigating a report of gunfire at a residence in the 13400 block of Cantrell Road Monday,… https://t.co/QdBWSeiRAa"
172,1092503065960349703,25354366,93,71081,234,884,168212,2009-03-19 18:21:10,0,0,2019-02-04 19:20:03,The Razorbacks showed their resiliency in Saturday's game against LSU. More from the game »… https://t.co/ZP3UgnwHPc
173,1092498281475858432,25354366,93,71081,234,884,168212,2009-03-19 18:21:10,1,1,2019-02-04 19:01:02,"After a bacterial outbreak at the Arkansas Cancer Institute infected more than 50 people, investigators worked to p… https://t.co/EOtUJGziUd"
174,1092493071604944896,25354366,93,71081,234,884,168212,2009-03-19 18:21:10,0,1,2019-02-04 18:40:20,Officials are worried about the aging of the poll workers they rely on to run elections. More on attempts to recrui… https://t.co/71ZNLEEDIg
175,1092488357677092864,25354366,93,71081,234,884,168212,2009-03-19 18:21:10,1,0,2019-02-04 18:21:36,"DEVELOPING: Officers are investigating a shooting in the 13500 block of Cantrell Road, police said. An Arkansas Dem… https://t.co/HfN34uvumk"
176,1092483015610171393,25354366,93,71081,234,884,168212,2009-03-19 18:21:10,0,0,2019-02-04 18:00:22,Two Arkansans face animal cruelty citations after authorities said they were seen injuring a cat and a dog in video… https://t.co/F23KIBH1yS
177,1092477891768659968,25354366,93,71081,234,884,168212,2009-03-19 18:21:10,2,2,2019-02-04 17:40:01,"After a five-day class with two Little Rock entrepreneurs, students have their own canoes. Why the duo are sharing… https://t.co/0LeWNzPAgI"
178,1092472861120491521,25354366,93,71081,234,884,168212,2009-03-19 18:21:10,0,0,2019-02-04 17:20:01,1 person was killed and four were injured in a crash early Sunday. What troopers say happened »… https://t.co/o0UPVQuyhQ
179,1092462796179161089,25354366,93,71081,234,884,168212,2009-03-19 18:21:10,1,2,2019-02-04 16:40:02,360-Degree PHOTOS: Fans of the Saenger theater hope to bring the Pine Bluff landmark back to life. Get details on t… https://t.co/HmBa610ZPO
180,1092457767154130944,25354366,93,71081,234,884,168212,2009-03-19 18:21:10,1,1,2019-02-04 16:20:03,"With Gov. Asa Hutchinson's latest tax plan introduced, lawmakers are turning their attention to other key prioritie… https://t.co/rP7RnK7hV4"
181,1092452776448274432,25354366,93,71081,234,884,168212,2009-03-19 18:21:10,0,0,2019-02-04 16:00:13,The spread of an underground fire in Northwest Arkansas has been contained due to a trench dug along the site's per… https://t.co/EmmUPDNrs4
182,1092442670436364288,25354366,93,71081,234,884,168212,2009-03-19 18:21:10,0,0,2019-02-04 15:20:03,"Lawyer John Goodson filed for divorce from his wife, Arkansas Supreme Court Justice Courtney Goodson on Thursday, a… https://t.co/ehKUKYkriM"
183,1092437662772985857,25354366,93,71081,234,884,168212,2009-03-19 18:21:10,0,0,2019-02-04 15:00:09,A crash in Northwest Arkansas led police to discover more than 70 pounds of meth hidden in a car. What authorities… https://t.co/Wv3e10Aagy
184,1092432609529991168,25354366,93,71081,234,884,168212,2009-03-19 18:21:10,0,0,2019-02-04 14:40:05,An advocacy group in Arkansas is urging schools to reconsider how they discipline their students. More on the group… https://t.co/VwSL6zxOou
185,1092423561162223616,25354366,93,71081,234,884,168212,2009-03-19 18:21:10,0,1,2019-02-04 14:04:07,"State legislators look at next priorities; tax plan set, leaders ready to tackle highway funding »… https://t.co/zNROLekMWr"
186,1092409941300838402,25354366,93,71081,234,884,168212,2009-03-19 18:21:10,0,0,2019-02-04 13:10:00,Today's Democrat-Gazette front page. Read the day's top stories at https://t.co/9zeUzKZBfe. https://t.co/Fu8BcTOP0Y
187,1092294198135533568,25354366,93,71081,234,884,168212,2009-03-19 18:21:10,2,3,2019-02-04 05:30:05,"A man and woman in Alexander face animal cruelty charges on Sunday after, authorities said, they were seen injuring… https://t.co/NbDLl2yLLu"
188,1092286732261830656,25354366,93,71081,234,884,168212,2009-03-19 18:21:10,1,2,2019-02-04 05:00:25,Four Arkansans are among the 60 people selected this year to be Presidential Leadership Scholars. More on the progr… https://t.co/f0YhG0Nw2c
189,1092279125476282369,25354366,93,71081,234,884,168212,2009-03-19 18:21:10,0,0,2019-02-04 04:30:11,"Proposed work/live spaces appeal to artists in cities in NW Arkansas. Read more »
https://t.co/RcDQsm0whG https://t.co/aLjPk5Y8DK"
190,1092271594020524033,25354366,93,71081,234,884,168212,2009-03-19 18:21:10,0,0,2019-02-04 04:00:16,"LET'S TALK: Change is inevitable -- Embrace it » 
https://t.co/1MyvQJoKHF https://t.co/ucj8AkDAwk"
191,1092264016620212224,25354366,93,71081,234,884,168212,2009-03-19 18:21:10,1,3,2019-02-04 03:30:09,"Jonesboro LB Logan Orr commits to Hogs. Read more » 
https://t.co/ys22Qjt8Ne https://t.co/jox4InjYEo"
192,1092261453363638272,25354366,93,71081,234,884,168212,2009-03-19 18:21:10,1,3,2019-02-04 03:19:58,RECAP: Patriots beat Rams for sixth Super Bowl title: https://t.co/QeWVaeTfC3 https://t.co/KQgFUzSHhE
193,1092256453786779648,25354366,93,71081,234,884,168212,2009-03-19 18:21:10,0,0,2019-02-04 03:00:06,"Isla, a red macaw at the Little Rock Zoo, predicted that spring will come early this year. More on Isla, her feathe… https://t.co/04IO8bdfG8"
194,1092248899694350336,25354366,93,71081,234,884,168212,2009-03-19 18:21:10,1,2,2019-02-04 02:30:05,Small town saviors: Hot Springs architects Anthony Taylor and Bob Kempkes recognized by Preserve Arkansas for role… https://t.co/Dz7Gb68dU5
195,1092241455765168128,25354366,93,71081,234,884,168212,2009-03-19 18:21:10,0,2,2019-02-04 02:00:30,HIGH PROFILE: Sam Sanders was the guy who made it happen — for thousands of deserving Arkansans. More on what Sande… https://t.co/BjATl7BhNW
196,1092233860434329601,25354366,93,71081,234,884,168212,2009-03-19 18:21:10,1,1,2019-02-04 01:30:19,A Philadelphia firm bought a 574-unit self storage facility in Little Rock for $8.3 million. More real estate trans… https://t.co/m1dvVO1gTs
197,1092226294178369538,25354366,93,71081,234,884,168212,2009-03-19 18:21:10,0,0,2019-02-04 01:00:15,"Arkansas man and woman face animal cruelty charges after Facebook videos posted, authorities say »… https://t.co/NvS9wDfHGM"
198,1092218689485705216,25354366,93,71081,234,884,168212,2009-03-19 18:21:10,0,0,2019-02-04 00:30:02,"Many states last year got a windfall of state tax revenue, thanks to the federal Tax Cuts and Jobs Act of 2017. Why… https://t.co/QvheXHw7Uz"
199,1092211156855521280,25354366,93,71081,234,884,168212,2009-03-19 18:21:10,1,0,2019-02-04 00:00:06,"A suspicious package put a Little Rock school on lockdown for more than an hour Friday, though officials said no ex… https://t.co/NaLLXj7HwR"
200,1092203616474140674,25354366,93,71081,234,884,168212,2009-03-19 18:21:10,0,0,2019-02-03 23:30:08,"PAPER TRAILS: Arkansas musicians measure up » PAPER TRAILS: Arkansas musicians measure up » 
https://t.co/DcY5yEBUZz https://t.co/1zroYJP1KP"
201,1092196099979464704,25354366,93,71081,234,884,168212,2009-03-19 18:21:10,0,0,2019-02-03 23:00:16,"Texarkana lawyer John Goodson filed for divorce from Arkansas Supreme Court Justice Courtney Goodson on Thursday, a… https://t.co/6MWeL1T2H4"
202,1092188523241840640,25354366,93,71081,234,884,168212,2009-03-19 18:21:10,0,0,2019-02-03 22:30:10,"WALLY HALL: Rams out to prove they belong in spite of refs » 
https://t.co/uYVK51T14c https://t.co/GfCtLZMxSt"
203,1092180978909528065,25354366,93,71081,234,884,168212,2009-03-19 18:21:10,0,0,2019-02-03 22:00:11,An ex-officer's guilty plea in a 2017 murder led to him being charged in a 20-year-old rape case. Details on the ca… https://t.co/IWxzgjRVyC
204,1092173432073216002,25354366,93,71081,234,884,168212,2009-03-19 18:21:10,0,0,2019-02-03 21:30:12,"LET'S TALK: Change is inevitable -- Embrace it » 
https://t.co/1MyvQJoKHF #ArkDG https://t.co/WGd19sHbkA"
205,1092165856996544517,25354366,93,71081,234,884,168212,2009-03-19 18:21:10,0,0,2019-02-03 21:00:06,"At first, a bacterial outbreak at a Pine Bluff clinic was a mystery. How investigators discovered its source »… https://t.co/tAMwtcZUjo"
206,1092158326694129664,25354366,93,71081,234,884,168212,2009-03-19 18:21:10,0,0,2019-02-03 20:30:11,Four Arkansans are among the 60 people selected this year to be Presidential Leadership Scholars. More on the progr… https://t.co/iOB2QSDouS
207,1092150736396398592,25354366,93,71081,234,884,168212,2009-03-19 18:21:10,1,2,2019-02-03 20:00:01,"In 1946, a tiny, all-white public school in rural Madison County quietly enrolled a black girl, several years befor… https://t.co/y3ACnWOG4q"
208,1092143206614085641,25354366,93,71081,234,884,168212,2009-03-19 18:21:10,0,0,2019-02-03 19:30:06,"A Philadelphia firm bought a 574-unit self storage facility in Little Rock for $8.3 million. More on this, and othe… https://t.co/Ts0MCxwc6J"
209,1092135772298326017,25354366,93,71081,234,884,168212,2009-03-19 18:21:10,0,3,2019-02-03 19:00:33,Five former Razorbacks and ex-coach Bret Bielema are on the rosters as the New England Patriots and the Los Angeles… https://t.co/NrWzen1qxK
210,1092128127755665408,25354366,93,71081,234,884,168212,2009-03-19 18:21:10,0,1,2019-02-03 18:30:11,"PAPER TRAILS: Arkansas musicians measure up » 
https://t.co/DcY5yEBUZz #ArkDG https://t.co/bJxmRWlzK9"
211,1092120550875512833,25354366,93,71081,234,884,168212,2009-03-19 18:21:10,0,1,2019-02-03 18:00:04,"Isla, a red macaw at the Little Rock Zoo, predicted that spring will come early this year. More on Isla, her feathe… https://t.co/o5GjsVh6Rz"
212,1092113046842064896,25354366,93,71081,234,884,168212,2009-03-19 18:21:10,0,0,2019-02-03 17:30:15,HIGH PROFILE: Sam Sanders was the guy who made it happen — for thousands of deserving Arkansans. More on what Sande… https://t.co/TIG4cvfHyh
213,1092105986691788800,25354366,93,71081,234,884,168212,2009-03-19 18:21:10,0,0,2019-02-03 17:02:12,"Many states last year got a windfall of state tax revenue, thanks to the federal Tax Cuts and Jobs Act of 2017, but… https://t.co/RKmI7ZfdNx"
214,1092097921212915713,25354366,93,71081,234,884,168212,2009-03-19 18:21:10,1,0,2019-02-03 16:30:09,"A suspicious package put a Little Rock school on lockdown for more than an hour Friday, though officials said no ex… https://t.co/1A4PTQXcig"
215,1092092253915545601,25354366,93,71081,234,884,168212,2009-03-19 18:21:10,2,0,2019-02-03 16:07:38,An ex-officer's guilty plea in a 2017 murder led him to being charged in a 20-year-old rape case. Read more »… https://t.co/QI2unwhRBY
216,1092082795814551552,25354366,93,71081,234,884,168212,2009-03-19 18:21:10,0,1,2019-02-03 15:30:03,"Texarkana lawyer John Goodson filed for divorce from Arkansas Supreme Court Justice Courtney Goodson on Thursday, a… https://t.co/tj2RBswiIo"
217,1092075264421646338,25354366,93,71081,234,884,168212,2009-03-19 18:21:10,0,0,2019-02-03 15:00:07,"At first, a bacterial outbreak at a Pine Bluff clinic was a mystery. Read about how investigators discovered its so… https://t.co/76x7RUCUaw"
218,1092067690510991360,25354366,93,71081,234,884,168212,2009-03-19 18:21:10,3,13,2019-02-03 14:30:01,"In 1946, a tiny, all-white public school in rural Madison County quietly enrolled a black girl, several years befor… https://t.co/K6IWqW5uMk"
219,1092052329749200897,25354366,93,71081,234,884,168212,2009-03-19 18:21:10,0,0,2019-02-03 13:28:59,Today's Democrat-Gazette front page. Read the day's top stories at https://t.co/9zeUzKZBfe. https://t.co/MGJi2wUxwa
220,1091931818956328960,25354366,93,71081,234,884,168212,2009-03-19 18:21:10,0,1,2019-02-03 05:30:07,"Mushroom startup draws Tyson's eye. More on the Colorado company, Tyson's investment »
https://t.co/vNPOOSSh85 https://t.co/zVgF4wCR3S"
221,1091924271004299267,25354366,93,71081,234,884,168212,2009-03-19 18:21:10,0,0,2019-02-03 05:00:07,"Husband files for divorce from Arkansas Supreme Court justice. Read more »
https://t.co/rV6DfsAA4X https://t.co/LNIWcCNG6n"
222,1091916698666573824,25354366,93,71081,234,884,168212,2009-03-19 18:21:10,0,0,2019-02-03 04:30:02,Get Rick Lee's latest Oaklawn picks and analysis » https://t.co/En83YGc41F https://t.co/6qcGLhWoo0
223,1091909200970686465,25354366,93,71081,234,884,168212,2009-03-19 18:21:10,0,1,2019-02-03 04:00:14,An Arkansas teen will be tried as an adult in the shooting death of a 58-year-old man in North Little Rock. Get the… https://t.co/ohRhiW51IR
224,1091901619116097538,25354366,93,71081,234,884,168212,2009-03-19 18:21:10,0,1,2019-02-03 03:30:07,A major general visited Little Rock Air Force Base this week for an annual readiness check of airmen. Details from… https://t.co/Qa6N77AMPp
225,1091894067636682752,25354366,93,71081,234,884,168212,2009-03-19 18:21:10,0,1,2019-02-03 03:00:06,"Proposed museum tax criticized; Fort Smith’s call for $15.5M levy is too much, residents say. More on their concern… https://t.co/hGb3ZEwGX2"
226,1091886521848872960,25354366,93,71081,234,884,168212,2009-03-19 18:21:10,0,1,2019-02-03 02:30:07,A Little Rock man has accepted a 60-year prison sentence for killing two men in separate holdups last year. More on… https://t.co/I8ioONI6X1
227,1091878960772927488,25354366,93,71081,234,884,168212,2009-03-19 18:21:10,0,0,2019-02-03 02:00:05,"The owner of an in-home care service in Arkansas is accused of billing the state Medicaid program for over $74,000… https://t.co/HzbVu7fOvp"
228,1091871403962449920,25354366,93,71081,234,884,168212,2009-03-19 18:21:10,1,7,2019-02-03 01:30:03,"Arkansas knocks off No. 19 LSU in Baton Rouge. More about the game »
https://t.co/KfVho4dLll https://t.co/SpaS9dYRok"
229,1091863914156097536,25354366,93,71081,234,884,168212,2009-03-19 18:21:10,0,1,2019-02-03 01:00:17,DRIVETIME MAHATMA: Licenses in state taking digital turn » https://t.co/UHMwM849Nn https://t.co/XH540HgGBa
230,1091856343387066368,25354366,93,71081,234,884,168212,2009-03-19 18:21:10,0,0,2019-02-03 00:30:12,"Fire in central Arkansas displaces resident, officials say. Read more »
https://t.co/PLOxOYMCoV https://t.co/b73pXmZrXu"
231,1091848749859655680,25354366,93,71081,234,884,168212,2009-03-19 18:21:10,0,0,2019-02-03 00:00:02,"A woman was arrested in the killing of her daughter's father, whose body was found in a cemetery in Northwest Arkan… https://t.co/p7wtEfEhxe"
232,1091841209042157569,25354366,93,71081,234,884,168212,2009-03-19 18:21:10,1,3,2019-02-02 23:30:04,A major general visited Little Rock Air Force Base this week for an annual readiness check of airmen. More on his v… https://t.co/YZCY3y7dzz
233,1091834401456115715,25354366,93,71081,234,884,168212,2009-03-19 18:21:10,0,1,2019-02-02 23:03:01,"LIVE UPDATES: Arkansas takes on No. 19 LSU in Baton Rouge »
https://t.co/KfVho4dLll https://t.co/bIg5NTixyL"
234,1091826125788114944,25354366,93,71081,234,884,168212,2009-03-19 18:21:10,1,1,2019-02-02 22:30:08,The interim director of the Arkansas Health Insurance Marketplace revealed a proposal to reduce its spending by 40… https://t.co/xHJFslL07e
235,1091818551369965569,25354366,93,71081,234,884,168212,2009-03-19 18:21:10,0,0,2019-02-02 22:00:02,"State officials reveal travel costs, donors » 
https://t.co/eLUHgDQIhm #ArkDG https://t.co/ZuVy6Bs065"
236,1091811005166952450,25354366,93,71081,234,884,168212,2009-03-19 18:21:10,0,1,2019-02-02 21:30:03,"REX NELSON: Arkansas born and bred » 
https://t.co/Teb1nPNt9F https://t.co/cTMgupxluT"
237,1091803476533874688,25354366,93,71081,234,884,168212,2009-03-19 18:21:10,0,0,2019-02-02 21:00:08,Regulators are questioning whether the affiliation of the state Democratic Party chairman with one of Arkansas' fir… https://t.co/VBZHozJRiI
238,1091795953869340672,25354366,93,71081,234,884,168212,2009-03-19 18:21:10,0,0,2019-02-02 20:30:14,"A woman is dead after a fire broke out at a home in Northwest Arkansas early Saturday morning, police said. Details… https://t.co/gIhDvnvTCv"
239,1091788367761682433,25354366,93,71081,234,884,168212,2009-03-19 18:21:10,0,0,2019-02-02 20:00:05,Walmart has altered its time-off policy for employees.  What the change means for workers »… https://t.co/SIIfZpeCPX
240,1091780862901977089,25354366,93,71081,234,884,168212,2009-03-19 18:21:10,0,0,2019-02-02 19:30:16,Get the latest details on Rick Lee's Oaklawn picks and analysis » https://t.co/En83YGc41F #ArkDG https://t.co/ofgMBaf0PX
241,1091773299548397568,25354366,93,71081,234,884,168212,2009-03-19 18:21:10,1,0,2019-02-02 19:00:13,An Arkansas teen will be tried as an adult in the shooting death of a 58-year-old man in North Little Rock. Get the… https://t.co/zRjdZAsjsY
242,1091765756562468865,25354366,93,71081,234,884,168212,2009-03-19 18:21:10,0,0,2019-02-02 18:30:15,"Opposite ends: Experience separates Super Bowl foes on surface » 
https://t.co/tyubSvloEx https://t.co/uNBMFTWLyn"
243,1091758255561416710,25354366,93,71081,234,884,168212,2009-03-19 18:21:10,0,0,2019-02-02 18:00:26,A Little Rock man has accepted a 60-year prison sentence for killing two men in separate holdups last year. More on… https://t.co/6U1hPcnE6Y
244,1091750677192290304,25354366,93,71081,234,884,168212,2009-03-19 18:21:10,0,0,2019-02-02 17:30:19,DRIVETIME MAHATMA: Licenses in state taking digital turn » https://t.co/UHMwM849Nn #ArkDG https://t.co/r4SMyhrjld
245,1091743060088811525,25354366,93,71081,234,884,168212,2009-03-19 18:21:10,0,0,2019-02-02 17:00:03,"The owner of an in-home care service in Arkansas is accused of billing the state Medicaid program for over $74,000… https://t.co/LXlnvcHgj4"
246,1091735564817219584,25354366,93,71081,234,884,168212,2009-03-19 18:21:10,0,0,2019-02-02 16:30:16,The interim director of the Arkansas Health Insurance Marketplace revealed a plan to reduce its spending by 40 perc… https://t.co/80CdqiW59C
247,1091730607061823488,25354366,93,71081,234,884,168212,2009-03-19 18:21:10,0,0,2019-02-02 16:10:34,"A woman was arrested in the killing of her daughter's father, whose body was found in a cemetery in Northwest Arkan… https://t.co/oSnTYTSWKO"
248,1091720449300619264,25354366,93,71081,234,884,168212,2009-03-19 18:21:10,0,0,2019-02-02 15:30:12,"State officials reveal travel costs, donors » 
https://t.co/eLUHgDQIhm #ARNews https://t.co/qVhsJrKrq2"
249,1091712926405353473,25354366,93,71081,234,884,168212,2009-03-19 18:21:10,1,0,2019-02-02 15:00:19,Walmart has altered its time-off policy for employees.  What the change means for workers » … https://t.co/4Vto7ma5WY
250,1091697764961079299,25354366,93,71081,234,884,168212,2009-03-19 18:21:10,0,0,2019-02-02 14:00:04,Regulators are questioning whether the affiliation of the state Democratic Party chairman with one of Arkansas' fir… https://t.co/6zuKuPx4k9
251,1091691701733937153,25354366,93,71081,234,884,168212,2009-03-19 18:21:10,0,0,2019-02-02 13:35:59,Today's Democrat-Gazette front page. Read the day's top stories at https://t.co/9zeUzKZBfe. https://t.co/5mdjzPUZni
252,1091571920569540608,25354366,93,71081,234,884,168212,2009-03-19 18:21:10,0,2,2019-02-02 05:40:00,An Arkansas man is set to spend 30 years in prison after he was convicted of killing two sisters: https://t.co/riGKVQM46s
253,1091566886993711104,25354366,93,71081,234,884,168212,2009-03-19 18:21:10,1,3,2019-02-02 05:20:00,70 pounds of meth and 500 Oxycodone pills were found in Crawford County's largest methamphetamine arrest: https://t.co/toky9Z98Xq #ARnews
254,1091561876272623616,25354366,93,71081,234,884,168212,2009-03-19 18:21:10,0,1,2019-02-02 05:00:06,A bill that would bar sex offenders from distributing treats to children or wearing a mask as part of a Halloween-r… https://t.co/5THQj06dH1
255,1091556819485552640,25354366,93,71081,234,884,168212,2009-03-19 18:21:10,0,1,2019-02-02 04:40:00,"A Conway teen faces an aggravated assault charge after authorities say he chased after another driver, ""tailgating""… https://t.co/AJd9pSqfMC"
256,1091551786597523457,25354366,93,71081,234,884,168212,2009-03-19 18:21:10,0,1,2019-02-02 04:20:00,"Gov. Asa Hutchinson reported that he and his wife accepted more than $11,000 in trips from groups last year: https://t.co/COAbEUeB9J #arpx"
257,1091546793031188480,25354366,93,71081,234,884,168212,2009-03-19 18:21:10,0,0,2019-02-02 04:00:10,Legislation to require applicants for casino licenses to have endorsements from current local officials clears Sena… https://t.co/2jn9WGrZxv
258,1091541718921564160,25354366,93,71081,234,884,168212,2009-03-19 18:21:10,1,0,2019-02-02 03:40:00,A suspicious package that caused a bomb squad to be called to a Little Rock elementary school might have been a mis… https://t.co/s26hbP3ndI
259,1091536688294305793,25354366,93,71081,234,884,168212,2009-03-19 18:21:10,5,10,2019-02-02 03:20:00,A Little Rock soccer team will compete in the Lamar Hunt U.S. Open Cup: https://t.co/ISYYJSC8RK #ArkDG
260,1091531655444131841,25354366,93,71081,234,884,168212,2009-03-19 18:21:10,0,0,2019-02-02 03:00:00,"After more than a year of litigation in federal court and a 10-hour settlement conference, the city of Eureka Sprin… https://t.co/nICSO9pxw5"
261,1091526621385904128,25354366,93,71081,234,884,168212,2009-03-19 18:21:10,0,1,2019-02-02 02:40:00,A 39-year-old man was sentenced to 90 years in prison after he was convicted of three counts of rape and two counts… https://t.co/ucscOirkEX
262,1091521588086915072,25354366,93,71081,234,884,168212,2009-03-19 18:21:10,0,0,2019-02-02 02:20:00,A man and a woman were killed in a wreck when they pulled out of a central Arkansas Dollar General parking lot:… https://t.co/1VAGIXIRHz
263,1091516592809263105,25354366,93,71081,234,884,168212,2009-03-19 18:21:10,1,0,2019-02-02 02:00:09,"Year after a $72.3M projected deficit forced layoffs, UAMS has averted an ""existential crisis,"" its leader says. De… https://t.co/ivSwZVh5y7"
264,1091511521140715520,25354366,93,71081,234,884,168212,2009-03-19 18:21:10,0,0,2019-02-02 01:40:00,David Mitchell said he was delivering magazines Wednesday evening in the River Market when a scooter rider “came ou… https://t.co/Wt8p4u4DKE
265,1091506490635153408,25354366,93,71081,234,884,168212,2009-03-19 18:21:10,1,2,2019-02-02 01:20:01,"All Movie Tavern locations, including the one in Little Rock, will offer $5 tickets on Tuesdays: https://t.co/6FlgCxVIkT"
266,1091501582775185408,25354366,93,71081,234,884,168212,2009-03-19 18:21:10,0,0,2019-02-02 01:00:31,A 21-year-old Arkansas woman is accused of contributing to the death of her 2-year-old son: https://t.co/51ozO0L5Ei #ARcrime
267,1091496423282167808,25354366,93,71081,234,884,168212,2009-03-19 18:21:10,3,2,2019-02-02 00:40:00,"Trucker says his GPS led him down a one-lane dirt road in rural Yell County, where the weight of his 18-wheeler col… https://t.co/m7Vqwu7Fmo"
268,1091486363004948482,25354366,93,71081,234,884,168212,2009-03-19 18:21:10,0,1,2019-02-02 00:00:02,National atheist group publicly blasts Arkansas senator for claiming his Facebook and Twitter accounts are private.… https://t.co/nvhNbNCf2J
269,1091476292061577218,25354366,93,71081,234,884,168212,2009-03-19 18:21:10,0,0,2019-02-01 23:20:01,An Arkansas man is set to spend 30 years in prison after he was convicted of killing two women with a hammer:… https://t.co/u6Z786dDGn
270,1091466222766571520,25354366,93,71081,234,884,168212,2009-03-19 18:21:10,0,0,2019-02-01 22:40:00,"Little Rock panel says no to plans for club whose entertainment would have included ""female entertainers dancing in… https://t.co/JcLzFdLEsc"
271,1091456220282712070,25354366,93,71081,234,884,168212,2009-03-19 18:21:10,0,0,2019-02-01 22:00:15,"The Razorbacks of the Bret Bielema era struggled to ""get to Atlanta,"" the term used for teams that qualify for the… https://t.co/lMs5AfvoSZ"
272,1091446091780886528,25354366,93,71081,234,884,168212,2009-03-19 18:21:10,0,0,2019-02-01 21:20:01,"In late 1963, Lem Tull persuaded fellow highway engineer Bob Crafton to open a consulting engineering company toget… https://t.co/j7B5H0OAsg"
273,1091436026592149504,25354366,93,71081,234,884,168212,2009-03-19 18:21:10,1,2,2019-02-01 20:40:01,"Year after a $72.3M projected deficit forced layoffs, UAMS has averted an ""existential crisis,"" its leader says. De… https://t.co/jDOfRIZXmK"
274,1091426003782643713,25354366,93,71081,234,884,168212,2009-03-19 18:21:10,2,2,2019-02-01 20:00:11,"Trucker says his GPS led him down a one-lane dirt road in rural Yell County, where the weight of his 18-wheeler col… https://t.co/ElCjfpX2Xn"
275,1091421022732075010,25354366,93,71081,234,884,168212,2009-03-19 18:21:10,1,1,2019-02-01 19:40:24,2 people were arrested after police found more than 70 pounds of meth and 500 Oxycodone pills in a car that had bee… https://t.co/TcYdzSgq00
276,1091411023993688066,25354366,93,71081,234,884,168212,2009-03-19 18:21:10,0,0,2019-02-01 19:00:40,"Authorities said the Conway teen chased after the driver, “tailgating” him and trying to run the man off the road: https://t.co/m60mqHnfes"
277,1091400796804079617,25354366,93,71081,234,884,168212,2009-03-19 18:21:10,0,0,2019-02-01 18:20:01,Legislation to require applicants for casino licenses to have endorsements from current local officials clears Sena… https://t.co/vsJbkDU4LJ
278,1091390725646893056,25354366,93,71081,234,884,168212,2009-03-19 18:21:10,0,0,2019-02-01 17:40:00,"After more than a year of litigation in federal court and a 10-hour settlement conference, the city of Eureka Sprin… https://t.co/zYmkNYZUSq"
279,1091380674022526976,25354366,93,71081,234,884,168212,2009-03-19 18:21:10,0,1,2019-02-01 17:00:04,National atheist group publicly blasts Arkansas senator for claiming his Facebook and Twitter accounts are private.… https://t.co/1Dg7N7u1ES
280,1091370592580788224,25354366,93,71081,234,884,168212,2009-03-19 18:21:10,0,0,2019-02-01 16:20:00,"Little Rock panel says no to plans for club whose entertainment would have included ""female entertainers dancing in… https://t.co/9ZcuRLvD62"
281,1091360534853763072,25354366,93,71081,234,884,168212,2009-03-19 18:21:10,0,4,2019-02-01 15:40:02,"The Razorbacks of the Bret Bielema era struggled to ""get to Atlanta,"" the term used for teams that qualify for the… https://t.co/cSMphiVtKL"
282,1091350589513052160,25354366,93,71081,234,884,168212,2009-03-19 18:21:10,2,0,2019-02-01 15:00:31,"Year after a $72.3M projected deficit forced layoffs, UAMS has averted an ""existential crisis,"" its leader says. De… https://t.co/bdnr7UWBTQ"
283,1091340393982107649,25354366,93,71081,234,884,168212,2009-03-19 18:21:10,1,1,2019-02-01 14:20:00,"Trucker says his GPS led him down a one-lane dirt road in rural Yell County, where the weight of his 18-wheeler col… https://t.co/b9eRhNrJOt"
284,1091214689932066816,25354366,93,71081,234,884,168212,2009-03-19 18:21:10,3,5,2019-02-01 06:00:30,The Arkansas Supreme Court unanimously reversed a judge's decision to allow Fayetteville to continue enforcing its… https://t.co/dG7TJivU1P
285,1091209533681266691,25354366,93,71081,234,884,168212,2009-03-19 18:21:10,3,4,2019-02-01 05:40:01,Former President Bill Clinton will speak in Arkansas next month: https://t.co/jGrHBW68vx #ARnews
286,1091204499681755137,25354366,93,71081,234,884,168212,2009-03-19 18:21:10,0,3,2019-02-01 05:20:00,Officials said Thursday that an Arkansas National Guard helicopter in New Mexico helped federal agents seize nearly… https://t.co/Dzoxuja83m
287,1091199557281681408,25354366,93,71081,234,884,168212,2009-03-19 18:21:10,0,2,2019-02-01 05:00:22,A 90-year-old Yell County bridge collapsed under the weight of an 18-wheeler Wednesday night. See what happened » https://t.co/hmgDtKdUmS
288,1091189399646281730,25354366,93,71081,234,884,168212,2009-03-19 18:21:10,0,0,2019-02-01 04:20:00,Both will continue to work with another Arkansan — Press Secretary Sarah Huckabee Sanders: https://t.co/pNq8yXGUsA
289,1091184404511232002,25354366,93,71081,234,884,168212,2009-03-19 18:21:10,0,0,2019-02-01 04:00:09,10 candidates remain in the running for Little Rock police chief. Their names » https://t.co/eVTRroT2TF #ARnews
290,1091174298977476609,25354366,93,71081,234,884,168212,2009-03-19 18:21:10,1,0,2019-02-01 03:20:00,Director of the agency responsible for licensing and inspecting Arkansas nursing homes says she resigned over diffe… https://t.co/IjkxmWqUgq
291,1091164235420389378,25354366,93,71081,234,884,168212,2009-03-19 18:21:10,0,0,2019-02-01 02:40:01,"RESTAURANT NEWS
- DacqShack Cajun Seafood in west LR
- Bones Chophouse readying LR branch
- Gusano's appears to be… https://t.co/BNwzhS8rHH"
292,1091154166687387650,25354366,93,71081,234,884,168212,2009-03-19 18:21:10,1,2,2019-02-01 02:00:00,Gov. Asa Hutchinson announces latest proposal to cut state's top individual income tax rate from 6.9 percent to 5.9… https://t.co/QzOvmQ603G
293,1091144104392695808,25354366,93,71081,234,884,168212,2009-03-19 18:21:10,0,1,2019-02-01 01:20:01,"The superintendent said that 900 out of the district's 3851 students were ill, as well as about 10 percent of the t… https://t.co/lnuPzve05N"
294,1091139135174262784,25354366,93,71081,234,884,168212,2009-03-19 18:21:10,1,1,2019-02-01 01:00:16,"UAMS audit finds $29M deficit; center used restricted funds, system trustees told. What it means » https://t.co/iau4FlIbmE #ARnews"
295,1091129000628506624,25354366,93,71081,234,884,168212,2009-03-19 18:21:10,0,0,2019-02-01 00:20:00,Things got heated as state senators discussed a bill that would change the funding method for secondary vocational… https://t.co/At6hveUPIK
296,1091118933141323777,25354366,93,71081,234,884,168212,2009-03-19 18:21:10,2,0,2019-01-31 23:40:00,10 candidates are left in the running for Little Rock police chief. Their names + qualifications » https://t.co/eVTRroT2TF #ArkDG
297,1091108886214520832,25354366,93,71081,234,884,168212,2009-03-19 18:21:10,1,0,2019-01-31 23:00:04,"Experiment to have charter high school on UALR's campus is ""failing"" in its current form, chancellor says: https://t.co/KAbUD6nboL #ArkDG"
298,1091098801346174981,25354366,93,71081,234,884,168212,2009-03-19 18:21:10,1,0,2019-01-31 22:20:00,A 90-year-old Yell County bridge collapsed under the weight of an 18-wheeler Wednesday night. Photos from the scene… https://t.co/OoXSPKiLGC
299,1091088744923435009,25354366,93,71081,234,884,168212,2009-03-19 18:21:10,0,0,2019-01-31 21:40:02,"Former Arkansas teacher admits having sexual contact with 14-year-old boy, gets probation » https://t.co/VbRLw5Nwul #ARcrime"
300,1091078679797686273,25354366,93,71081,234,884,168212,2009-03-19 18:21:10,0,0,2019-01-31 21:00:03,Gov. Asa Hutchinson announces latest proposal to cut state's top individual income tax rate from 6.9 percent to 5.9… https://t.co/83yrhcbfxj
301,1091063606081314817,25354366,93,71081,234,884,168212,2009-03-19 18:21:10,0,0,2019-01-31 20:00:09,"UAMS audit finds $29M deficit; center used restricted funds, system trustees told. What it means » https://t.co/iau4FlZMec #ArkDG"
302,1091038404454875136,25354366,93,71081,234,884,168212,2009-03-19 18:21:10,0,0,2019-01-31 18:20:00,Director of the agency responsible for licensing and inspecting Arkansas nursing homes says she resigned over diffe… https://t.co/BA4FyVYygS
303,1091018300757344256,25354366,93,71081,234,884,168212,2009-03-19 18:21:10,1,0,2019-01-31 17:00:07,Things got heated as state senators discussed a bill that would change the funding method for secondary vocational… https://t.co/2h0v0drdh9
304,1091008214781456384,25354366,93,71081,234,884,168212,2009-03-19 18:21:10,0,1,2019-01-31 16:20:03,"Experiment to have charter high school on UALR's campus is ""failing"" in its current form, chancellor says: https://t.co/KAbUD6EMgj"
305,1090998137068703744,25354366,93,71081,234,884,168212,2009-03-19 18:21:10,0,0,2019-01-31 15:40:00,"Former Arkansas teacher admits having sexual contact with 14-year-old boy, gets probation » https://t.co/VbRLw5Nwul"
306,1090988239631065088,25354366,93,71081,234,884,168212,2009-03-19 18:21:10,1,0,2019-01-31 15:00:40,Gov. Asa Hutchinson announces latest proposal to cut state's top individual income tax rate from 6.9 percent to 5.9… https://t.co/em1oW1beQl
307,1090981491188920321,25354366,93,71081,234,884,168212,2009-03-19 18:21:10,1,0,2019-01-31 14:33:51,"UAMS audit finds $29M deficit; center used restricted funds, system trustees told. What it means » https://t.co/v4HwmYOEy0"
308,1090847145446518785,25354366,93,71081,234,884,168212,2009-03-19 18:21:10,0,1,2019-01-31 05:40:01,2 teens will represent Arkansas at the U.S. Senate Youth Program: https://t.co/D86BeHV9Sa
309,1090842108875935744,25354366,93,71081,234,884,168212,2009-03-19 18:21:10,0,2,2019-01-31 05:20:00,"Officers arrested a 29-year-old after multiple witnesses said she stabbed an older woman with a fork, leaving sever… https://t.co/z6CBPONMMs"
310,1090837132808278016,25354366,93,71081,234,884,168212,2009-03-19 18:21:10,4,1,2019-01-31 05:00:13,A bill that would make it more difficult for minor political parties to get on the ballot zipped through committee… https://t.co/MnEq26C0dF
311,1090827009226432514,25354366,93,71081,234,884,168212,2009-03-19 18:21:10,0,1,2019-01-31 04:20:00,A bald eagle found struggling to fly when wildlife agents captured it has died; a raptor rehabilitation expert said… https://t.co/ngspjj7LG6
312,1090816946793340929,25354366,93,71081,234,884,168212,2009-03-19 18:21:10,0,0,2019-01-31 03:40:01,"Tyson Foods recalls 5-pound bags of chicken nuggets after customers report finding pieces of ""soft, blue rubber"" in… https://t.co/dn8dBgx840"
313,1090806913258917888,25354366,93,71081,234,884,168212,2009-03-19 18:21:10,3,12,2019-01-31 03:00:08,"A former NASA mathematician featured in the book ""Hidden Figures"" will give a free lecture at Harding University ne… https://t.co/9Hjhf4oz7r"
314,1090796813693652992,25354366,93,71081,234,884,168212,2009-03-19 18:21:10,0,0,2019-01-31 02:20:01,Firefighters responded Wednesday to a blaze that seriously damaged a Northwest Arkansas Mexican restaurant: https://t.co/T3HY1Zkrtp
315,1090786745535418368,25354366,93,71081,234,884,168212,2009-03-19 18:21:10,1,0,2019-01-31 01:40:00,"A hit-and-run victim died Wednesday, weeks after a Springdale crash, authorities said » https://t.co/oCedLfFw4G"
316,1090776715536883712,25354366,93,71081,234,884,168212,2009-03-19 18:21:10,0,0,2019-01-31 01:00:09,A man in Pine Bluff faces a voyeurism charge after a store manager saw him put a camera under a police officer's dr… https://t.co/3WBtpN40Qg
317,1090771646342983680,25354366,93,71081,234,884,168212,2009-03-19 18:21:10,1,0,2019-01-31 00:40:00,Students at 2 Little Rock high schools complain about dress code provisions that they believe to be discriminatory… https://t.co/CQmSoqIiLD
318,1090761685160349696,25354366,93,71081,234,884,168212,2009-03-19 18:21:10,0,0,2019-01-31 00:00:25,School district in Arkansas shuts for the week after more than 300 students reported being sick with the flu. Lates… https://t.co/8llpXSCRwJ
319,1090751514753318913,25354366,93,71081,234,884,168212,2009-03-19 18:21:10,0,0,2019-01-30 23:20:00,"""I would have a problem with Johnny Cash."" | Choice of singer for statue to represent Arkansas in D.C. splits Senat… https://t.co/kzJMk7NYAf"
320,1090741445655445504,25354366,93,71081,234,884,168212,2009-03-19 18:21:10,0,0,2019-01-30 22:40:00,"Tyson Foods recalls chicken nuggets after customers report finding pieces of ""soft, blue rubber"" » https://t.co/QZqLP5hNFX"
321,1090731507470290949,25354366,93,71081,234,884,168212,2009-03-19 18:21:10,1,0,2019-01-30 22:00:30,Former Arkansas lawmaker hired as interim director of agency responsible for Arkansas' health insurance exchange. W… https://t.co/ufHEMnrMKg
322,1090716365852475393,25354366,93,71081,234,884,168212,2009-03-19 18:21:10,0,0,2019-01-30 21:00:20,Fight over local governments setting home design standards in burgeoning Northwest Arkansas enters the state Capito… https://t.co/aiqPDN85MO
323,1090706217931063302,25354366,93,71081,234,884,168212,2009-03-19 18:21:10,1,0,2019-01-30 20:20:01,"Police on Wednesday identified a 35-year-old man suspected of fatally shooting his parents, and identified the vict… https://t.co/HYpEZD85DI"
324,1090701254282616834,25354366,93,71081,234,884,168212,2009-03-19 18:21:10,0,0,2019-01-30 20:00:17,Students at 2 Little Rock high schools complain about dress code provisions that they believe to be discriminatory… https://t.co/U9zeOSSr3P
325,1090691117442625537,25354366,93,71081,234,884,168212,2009-03-19 18:21:10,1,1,2019-01-30 19:20:01,"Little Rock officials say they're planning to end the city's relationship with Lime, citing ""disappointment"" with t… https://t.co/bbcTRLJLIu"
326,1090676022314446848,25354366,93,71081,234,884,168212,2009-03-19 18:21:10,1,0,2019-01-30 18:20:02,School district in Arkansas shuts for the week after more than 300 students reported being sick with the flu. Lates… https://t.co/l4t8QSAx4V
327,1090665950968455169,25354366,93,71081,234,884,168212,2009-03-19 18:21:10,0,0,2019-01-30 17:40:00,"""I would have a problem with Johnny Cash."" | Choice of singer for statue to represent Arkansas in D.C. splits Senat… https://t.co/yOf2wOhByy"
328,1090656019959767040,25354366,93,71081,234,884,168212,2009-03-19 18:21:10,0,0,2019-01-30 17:00:33,Former Arkansas lawmaker hired as interim director of agency responsible for Arkansas' health insurance exchange. W… https://t.co/Est3T2bYS8
329,1090645817130713090,25354366,93,71081,234,884,168212,2009-03-19 18:21:10,0,0,2019-01-30 16:20:00,Fight over local governments setting home design standards in burgeoning Northwest Arkansas enters the state Capito… https://t.co/0lDgBzed25
330,1090630715589513217,25354366,93,71081,234,884,168212,2009-03-19 18:21:10,0,0,2019-01-30 15:20:00,Students at 2 Little Rock high schools complain about dress code provisions that they believe to be discriminatory » https://t.co/NnmGCLjPOp
331,1090615629298700290,25354366,93,71081,234,884,168212,2009-03-19 18:21:10,0,0,2019-01-30 14:20:03,Investigators believe man shot and killed his parents in a Little Rock home before turning the gun on himself. Late… https://t.co/xCqHXgFpgK
332,1090484756494643200,25354366,93,71081,234,884,168212,2009-03-19 18:21:10,0,1,2019-01-30 05:40:00,A bill that would raise an additional $240M annually for road construction is aimed at starting the discussion on a… https://t.co/KITxJqwv6e
333,1090479724508471296,25354366,93,71081,234,884,168212,2009-03-19 18:21:10,1,2,2019-01-30 05:20:01,A school district in western Arkansas has canceled classes until Feb. 4 because more than 300 of its students got s… https://t.co/u8m36jptkY
334,1090474730598121473,25354366,93,71081,234,884,168212,2009-03-19 18:21:10,0,0,2019-01-30 05:00:10,A former Benton County deputy is named in a wrongful death lawsuit filed by the children of a man who died after a… https://t.co/Ygr72850EE
335,1090469655699951616,25354366,93,71081,234,884,168212,2009-03-19 18:21:10,0,0,2019-01-30 04:40:00,At least 5 court interpreters will be present in the courtroom if a 22-year-old is put on trial for murder: https://t.co/FY3aqxT6ZV #ArkDG
336,1090464621365002240,25354366,93,71081,234,884,168212,2009-03-19 18:21:10,0,0,2019-01-30 04:20:00,A proposal to replace Arkansas' statues at the U.S. Capitol with new ones of Daisy Bates and Johnny Cash has failed… https://t.co/nDalUBP1iY
337,1090459627085590529,25354366,93,71081,234,884,168212,2009-03-19 18:21:10,0,0,2019-01-30 04:00:09,The Lincoln Memorial debacle of 10 days ago laid bare our American melee of misinformation with its ready resentmen… https://t.co/3YTrqwekqk
338,1090454556339781632,25354366,93,71081,234,884,168212,2009-03-19 18:21:10,0,1,2019-01-30 03:40:00,A 23-year-old woman was arrested Friday after authorities say she forced her way into her ex's house and kidnapped… https://t.co/I32sUkV5RZ
339,1090449524362039298,25354366,93,71081,234,884,168212,2009-03-19 18:21:10,0,0,2019-01-30 03:20:00,Authorities say a body found in the middle of a road is a 39-year-old Arkansas man: https://t.co/lX87FJ2msw
340,1090444608931332096,25354366,93,71081,234,884,168212,2009-03-19 18:21:10,2,1,2019-01-30 03:00:28,Attorneys for state senator expand on courtroom arguments that a federal judge should dismiss lawsuit alleging the… https://t.co/4RJSmMEKwV
341,1090434423332450306,25354366,93,71081,234,884,168212,2009-03-19 18:21:10,0,0,2019-01-30 02:20:00,A pathologist who worked impaired while employed at the Veterans Health Care System of the Ozarks also worked on 96… https://t.co/b4QgBWIeiC
342,1090429391639900160,25354366,93,71081,234,884,168212,2009-03-19 18:21:10,0,0,2019-01-30 02:00:00,Judge sentences former IT director at Arkansas high school to 25 years in prison for luring a student into sharing… https://t.co/JpeRs5LjOi
343,1090424357413896193,25354366,93,71081,234,884,168212,2009-03-19 18:21:10,0,1,2019-01-30 01:40:00,An Arkansas police department warned of a man impersonating an officer who had pulled over the same driver two time… https://t.co/M2wuaYt64O
344,1090419328531476480,25354366,93,71081,234,884,168212,2009-03-19 18:21:10,0,0,2019-01-30 01:20:01,A school district in western Arkansas has canceled classes until Feb. 4 because around a third of its students stay… https://t.co/MqbcclwrOi
345,1090409257617555456,25354366,93,71081,234,884,168212,2009-03-19 18:21:10,0,1,2019-01-30 00:40:00,Worker freed by firefighters after being stuck for three days in elevator of a Manhattan townhouse owned by Arkansa… https://t.co/mmcLRLECJr
346,1090404227367817216,25354366,93,71081,234,884,168212,2009-03-19 18:21:10,0,1,2019-01-30 00:20:01,Arkansas home to four of listed defendants in lawsuit filed by parent company of Olive Garden over poultry prices.… https://t.co/dwN29DhQjy
347,1090394160610402304,25354366,93,71081,234,884,168212,2009-03-19 18:21:10,0,0,2019-01-29 23:40:01,Endorsements for casino applications would have to come from local officials holding office at the time of applicat… https://t.co/LUZJ0GHwn1
348,1090384117580120065,25354366,93,71081,234,884,168212,2009-03-19 18:21:10,0,0,2019-01-29 23:00:06,A bill that would raise an additional $240M annually for road construction is aimed at starting the discussion on a… https://t.co/4woRWshBab
349,1090374025728180224,25354366,93,71081,234,884,168212,2009-03-19 18:21:10,0,0,2019-01-29 22:20:00,At least 5 court interpreters will be present in the courtroom if a 22-year-old is put on trial for murder: https://t.co/FY3aqxT6ZV #ARnews
350,1090369097446162432,25354366,93,71081,234,884,168212,2009-03-19 18:21:10,0,0,2019-01-29 22:00:25,"North Little Rock dentist accused of billing state Medicaid program for $9,000 worth of services that he didn’t pro… https://t.co/gYU6DSPCB9"
351,1090358934010036225,25354366,93,71081,234,884,168212,2009-03-19 18:21:10,0,0,2019-01-29 21:20:02,Authorities identified a body found in the middle of an Arkansas road as a 39-year-old man: https://t.co/lX87FJ2msw
352,1090354015295160321,25354366,93,71081,234,884,168212,2009-03-19 18:21:10,0,0,2019-01-29 21:00:29,Judge sentences former IT director at Arkansas high school to 25 years in prison for luring a student into sharing… https://t.co/4OqYq7vwt7
353,1090343835677401089,25354366,93,71081,234,884,168212,2009-03-19 18:21:10,2,0,2019-01-29 20:20:02,A Northwest Arkansas police department warned of a man impersonating a police officer who had pulled over at least… https://t.co/jO9LMRKfcQ
354,1090338984897724416,25354366,93,71081,234,884,168212,2009-03-19 18:21:10,0,0,2019-01-29 20:00:46,Worker freed by firefighters after being stuck for three days in elevator of a Manhattan townhouse owned by Arkansa… https://t.co/eDXF0PIsFF
355,1090328727840526336,25354366,93,71081,234,884,168212,2009-03-19 18:21:10,0,0,2019-01-29 19:20:00,A son and daughter filed a wrongful death lawsuit in connection with a crash that led to their father's death. A fo… https://t.co/ptPoCcA2LO
356,1090313636659245056,25354366,93,71081,234,884,168212,2009-03-19 18:21:10,0,0,2019-01-29 18:20:02,The Lincoln Memorial debacle of 10 days ago laid bare our American melee of misinformation with its ready resentmen… https://t.co/lHDBPwordy
357,1090303568622567426,25354366,93,71081,234,884,168212,2009-03-19 18:21:10,0,1,2019-01-29 17:40:02,Attorneys for state senator expand on courtroom arguments that a federal judge should dismiss lawsuit alleging the… https://t.co/V6qD2QlDKi
358,1090293633981575168,25354366,93,71081,234,884,168212,2009-03-19 18:21:10,0,0,2019-01-29 17:00:33,Arkansas home to four of listed defendants in lawsuit filed by parent company of Olive Garden over poultry prices.… https://t.co/FMytadlnJb
359,1090283429692928000,25354366,93,71081,234,884,168212,2009-03-19 18:21:10,0,0,2019-01-29 16:20:00,Endorsements for casino applications would have to come from local officials holding office at the time of applicat… https://t.co/vphlKU17eh
360,1090273371265396736,25354366,93,71081,234,884,168212,2009-03-19 18:21:10,1,0,2019-01-29 15:40:02,"North Little Rock dentist accused of billing state Medicaid program for $9,000 worth of services that he didn’t pro… https://t.co/QDUr4soziF"
361,1090263303643815941,25354366,93,71081,234,884,168212,2009-03-19 18:21:10,1,0,2019-01-29 15:00:02,Judge sentences former IT director at Arkansas high school to 25 years in prison for luring a student into sharing… https://t.co/ViWogshkN3
362,1090254726153809921,25354366,93,71081,234,884,168212,2009-03-19 18:21:10,2,1,2019-01-29 14:25:57,Worker freed by firefighters after being stuck for three days in elevator of a Manhattan townhouse owned by Arkansa… https://t.co/JtElgMBxdi
363,1090122366259208192,25354366,93,71081,234,884,168212,2009-03-19 18:21:10,1,1,2019-01-29 05:40:00,"An Arkansas man who was out on bond in a rape case and fled months ago was arrested Sunday, authorities said: https://t.co/feBcZooLrQ #ArkDG"
364,1090117335757803521,25354366,93,71081,234,884,168212,2009-03-19 18:21:10,0,3,2019-01-29 05:20:00,"A bald eagle who was struggling to fly has been captured in Arkansas and is being treated for lead poisoning, a rap… https://t.co/B0eSd8kM4k"
365,1090112350810710016,25354366,93,71081,234,884,168212,2009-03-19 18:21:10,0,1,2019-01-29 05:00:12,A teenage passenger was killed and a driver was injured after a pickup veered off a highway in Arkansas Sunday:… https://t.co/4g4D16Lq4Q
366,1090107270594260992,25354366,93,71081,234,884,168212,2009-03-19 18:21:10,1,5,2019-01-29 04:40:01,A Little Rock Kroger employee won $1M from a lottery ticket he bought earlier this month » https://t.co/mRvYnuH5pG
367,1090097234513936384,25354366,93,71081,234,884,168212,2009-03-19 18:21:10,0,1,2019-01-29 04:00:08,"With three Boone and Crockett bucks on his wall, Scott Arnold of Berryville knows how to score bucks on the hoof, b… https://t.co/a9xMYKq8nY"
368,1090092169623261184,25354366,93,71081,234,884,168212,2009-03-19 18:21:10,0,0,2019-01-29 03:40:00,PHOTOS: See images of the ice storm that crippled parts of the state a decade ago » https://t.co/TiGrTvKH1C #ArkDG
369,1090087134978023424,25354366,93,71081,234,884,168212,2009-03-19 18:21:10,0,0,2019-01-29 03:20:00,"After an Arkansan's dog died, he confronted his neighbor, who admitted to having a pesticide under his carport to p… https://t.co/UB8BBdsuRZ"
370,1090082119945256960,25354366,93,71081,234,884,168212,2009-03-19 18:21:10,0,0,2019-01-29 03:00:04,A lawsuit accuses one Arkansas police agency of conspiring to frame a man for murder. The allegations » https://t.co/HOTUBlcwDL #ArkDG
371,1090077071794192384,25354366,93,71081,234,884,168212,2009-03-19 18:21:10,0,0,2019-01-29 02:40:01,"In the last week in Helena-West Helena, authorities made an arrest in a 15-year-old's death and a 1-year-old infant… https://t.co/1PHjZNbTSq"
372,1090072036683202560,25354366,93,71081,234,884,168212,2009-03-19 18:21:10,0,1,2019-01-29 02:20:00,Gusano's Pizzeria in LR appears to be permanently closed following an eviction that court records say a deputy carr… https://t.co/xZiwJWMXPs
373,1090067044375105536,25354366,93,71081,234,884,168212,2009-03-19 18:21:10,0,0,2019-01-29 02:00:10,"After dominant performance by Republicans in state and federal elections last year, GOP state senator introduces bi… https://t.co/dz08lSPy2d"
374,1090061971590995970,25354366,93,71081,234,884,168212,2009-03-19 18:21:10,1,2,2019-01-29 01:40:01,"The 53-year-old woman, who worked for the family of Arkansas billionaire investment banker Warren A. Stephens, was… https://t.co/R8bOCaB0pH"
375,1090056945770393600,25354366,93,71081,234,884,168212,2009-03-19 18:21:10,1,0,2019-01-29 01:20:02,North Little Rock open to selling buildings in Argenta district as mayor seeks redevelopment options »… https://t.co/WTMFzR9PVF
376,1090052012606193664,25354366,93,71081,234,884,168212,2009-03-19 18:21:10,1,6,2019-01-29 01:00:26,"""This has by far been the scariest, toughest week of the whole deal."" | ASU coach details wife's latest fight in ca… https://t.co/ImYwwL8I4G"
377,1090046873954586624,25354366,93,71081,234,884,168212,2009-03-19 18:21:10,0,0,2019-01-29 00:40:01,"A North Little Rock dentist is accused of billing the state Medicaid program for $9,000 worth of services that he d… https://t.co/a0hs0CeXFH"
378,1090036856933306369,25354366,93,71081,234,884,168212,2009-03-19 18:21:10,0,0,2019-01-29 00:00:13,"PAPER TRAILS » Little Rock TV reporter, former Miss Arkansas USA gets day in Court (TV) + state's favorite Valentin… https://t.co/7tkbGbLmWE"
379,1090021717689409541,25354366,93,71081,234,884,168212,2009-03-19 18:21:10,0,1,2019-01-28 23:00:03,"Company pays $4.5M for 50,000-square-foot building in west Little Rock + steakhouse in shopping center near I-430 s… https://t.co/12anEYGTZm"
380,1090016672734461953,25354366,93,71081,234,884,168212,2009-03-19 18:21:10,1,1,2019-01-28 22:40:00,"An Arkansas man who has been on the run for months was arrested Sunday, authorities said: https://t.co/feBcZooLrQ"
381,1090011638261055489,25354366,93,71081,234,884,168212,2009-03-19 18:21:10,0,0,2019-01-28 22:20:00,A Little Rock Kroger employee had never purchased a $20 scratch-off ticket before he bought 5 tickets earlier this… https://t.co/j3fsrkDNGA
382,1090001578604548097,25354366,93,71081,234,884,168212,2009-03-19 18:21:10,0,1,2019-01-28 21:40:02,"There's talk of prohibiting overnight stays in congressional offices.

That's unwelcome news for two lawmakers from… https://t.co/PPSpic8g1G"
383,1089991632680820736,25354366,93,71081,234,884,168212,2009-03-19 18:21:10,0,1,2019-01-28 21:00:30,"After dominant performance by Republicans in state and federal elections last year, GOP state senator introduces bi… https://t.co/onB2tYUbFR"
384,1089976575267926018,25354366,93,71081,234,884,168212,2009-03-19 18:21:10,0,0,2019-01-28 20:00:40,"""This has by far been the scariest, toughest week of the whole deal."" | ASU coach details wife's latest fight in ca… https://t.co/WeLeeQaFCn"
385,1089971389132664837,25354366,93,71081,234,884,168212,2009-03-19 18:21:10,0,0,2019-01-28 19:40:04,Forecasters predict that light snow will accumulate in the east and southeast parts of the state late Monday into e… https://t.co/6i4NTvYalg
386,1089951251708678144,25354366,93,71081,234,884,168212,2009-03-19 18:21:10,0,0,2019-01-28 18:20:03,"With three Boone and Crockett bucks on his wall, Scott Arnold of Berryville knows how to score bucks on the hoof, b… https://t.co/k6hxFFMFZU"
387,1089946307022737413,25354366,93,71081,234,884,168212,2009-03-19 18:21:10,1,0,2019-01-28 18:00:24,North Little Rock open to selling buildings in Argenta district as mayor seeks redevelopment options »… https://t.co/E6l3Jp627A
388,1089941180941549568,25354366,93,71081,234,884,168212,2009-03-19 18:21:10,0,1,2019-01-28 17:40:02,A lawsuit accuses one Arkansas police agency of conspiring to frame a man for murder. The allegations » https://t.co/HOTUBlcwDL
389,1089931466467880960,25354366,93,71081,234,884,168212,2009-03-19 18:21:10,0,0,2019-01-28 17:01:26,"PAPER TRAILS » Little Rock TV reporter, former Miss Arkansas USA gets day in Court (TV) + state's favorite Valentin… https://t.co/dtiHXW05tr"
390,1089921041881853952,25354366,93,71081,234,884,168212,2009-03-19 18:21:10,0,0,2019-01-28 16:20:00,"Company pays $4.5M for 50,000-square-foot building in west Little Rock + steakhouse in shopping center near I-430 s… https://t.co/iJfAYUeplk"
391,1089910989561217024,25354366,93,71081,234,884,168212,2009-03-19 18:21:10,0,0,2019-01-28 15:40:04,"There's talk of prohibiting overnight stays in congressional offices.

That's unwelcome news for two lawmakers from… https://t.co/RcA1VMSbZ3"
392,1089901180870950913,25354366,93,71081,234,884,168212,2009-03-19 18:21:10,0,2,2019-01-28 15:01:05,"After dominant performance by Republicans in state and federal elections last year, GOP state senator introduces bi… https://t.co/GYL8644JLV"
393,1089892222466691072,25354366,93,71081,234,884,168212,2009-03-19 18:21:10,0,0,2019-01-28 14:25:29,"""This has by far been the scariest, toughest week of the whole deal."" | ASU coach details wife's latest fight in ca… https://t.co/ZQPz2X18uy"
394,1089757499757088768,25354366,93,71081,234,884,168212,2009-03-19 18:21:10,2,1,2019-01-28 05:30:09,"The National Weather Service says higher temperatures on Monday will cause the precipitation to begin as rain, but… https://t.co/q5CL8aJZ9D"
395,1089749924588281856,25354366,93,71081,234,884,168212,2009-03-19 18:21:10,0,0,2019-01-28 05:00:03,"Bill and Hillary Clinton National Airport/Adams Field saw the highest passenger numbers in five years, its top exec… https://t.co/jC4aZ2oXFF"
396,1089742394520686595,25354366,93,71081,234,884,168212,2009-03-19 18:21:10,0,0,2019-01-28 04:30:07,"REAL ESTATE TRANSACTIONS: Company pays $4.5M for 50,000-square-foot Sedgwick office building in west Little Rock »… https://t.co/bdl37m9Nd2"
397,1089734824942804992,25354366,93,71081,234,884,168212,2009-03-19 18:21:10,2,3,2019-01-28 04:00:03,"HIGH PROFILE: Bob Abbott is first and foremost a clock repairman, but the Pine Bluff entrepreneur is also a fixer o… https://t.co/4gKQYyrbxS"
398,1089727280824356865,25354366,93,71081,234,884,168212,2009-03-19 18:21:10,0,1,2019-01-28 03:30:04,An Arkansas school district broke the law when it released a former teacher's personnel file without first giving h… https://t.co/J9Gtp5l37n
399,1089719820281675776,25354366,93,71081,234,884,168212,2009-03-19 18:21:10,0,0,2019-01-28 03:00:25,"No shot at the end: Hogs can't execute in final seconds at Texas Tech » 
https://t.co/JPjHiHAtZy https://t.co/tsS3UGco1T"
400,1089712213370331143,25354366,93,71081,234,884,168212,2009-03-19 18:21:10,0,0,2019-01-28 02:30:12,"JOHN BRUMMETT: Looking for the adults » 
https://t.co/tJQ5stislM https://t.co/SCIMKc3jJg"
401,1089704655809101826,25354366,93,71081,234,884,168212,2009-03-19 18:21:10,0,1,2019-01-28 02:00:10,"Many Republican lawmakers, including two Arkansas congressmen, save money by sleeping in their Washington offices.… https://t.co/0jzZAdb5pA"
402,1089697091067219968,25354366,93,71081,234,884,168212,2009-03-19 18:21:10,1,3,2019-01-28 01:30:06,An 18-year-old man accused of trying to steal a jet to fly to a rap concert pleaded guilty Thursday. Details from t… https://t.co/kIOTECZIis
403,1089689594524770307,25354366,93,71081,234,884,168212,2009-03-19 18:21:10,0,0,2019-01-28 01:00:19,The University of Arkansas System’s policy on health care for transgender employees hits home for one worker and st… https://t.co/j2PuJA7Lpw
404,1089681980478885888,25354366,93,71081,234,884,168212,2009-03-19 18:21:10,0,0,2019-01-28 00:30:04,Pot firm filing didn't broach Canada stake; licensed cannabis grower touted its Arkansan roster »… https://t.co/DhLMXWeHVL
405,1089674490190200835,25354366,93,71081,234,884,168212,2009-03-19 18:21:10,0,2,2019-01-28 00:00:18,"Cold front to bring winter weather to Arkansas, agency says. When and where it's expected »
https://t.co/m8IunIWpwy https://t.co/jgjobPeaGa"
