Index,ID,User_ID,Friends_Count,Followers_Count,Favourites_Count,Listed_Count,Status_Count,Created_at,Retweet_Count,Favourite_Count,Created_at,Text
1,1094702625315086337,22795270,635,75245,613,841,138872,2009-03-04 16:29:50,9,6,2019-02-10 21:00:19,"Flood waters have receded along River Road in Maumee, but look at what the river left behind. https://t.co/6EFMJrFelN"
2,1094687451535368195,22795270,635,75245,613,841,138872,2009-03-04 16:29:50,0,1,2019-02-10 20:00:01,"When it comes to matters of the heart, a little thing like age presents no limitation. https://t.co/I570CSrMWz"
3,1094674442096128000,22795270,635,75245,613,841,138872,2009-03-04 16:29:50,1,3,2019-02-10 19:08:19,Come for a fresh trim ... and leave with a wealth of knowledge about your health. https://t.co/jLLfyDjiJF
4,1094379095494938624,22795270,635,75245,613,841,138872,2009-03-04 16:29:50,0,1,2019-02-09 23:34:43,"Huron Street was meant to be reopened weeks ago for the ECHL All-Star Game, and no one seems to know when it will b… https://t.co/Njk2snEyjB"
5,1094226930122047488,22795270,635,75245,613,841,138872,2009-03-04 16:29:50,0,4,2019-02-09 13:30:04,"John Cusack explains at the Stranahan Theater he tries to inject a bit of himself into every character he plays. ""A… https://t.co/UCT7w7nRfR"
6,1094068813170122752,22795270,635,75245,613,841,138872,2009-03-04 16:29:50,0,0,2019-02-09 03:01:46,Man found guilty of murdering suspected extortionist over alleged video of him participating in homosexual intercou… https://t.co/3lqLzH4rfj
7,1094039100573827074,22795270,635,75245,613,841,138872,2009-03-04 16:29:50,2,2,2019-02-09 01:03:42,Ice chunks the size of cars: flood warning in effect along Maumee River until Saturday afternoon at the earliest.… https://t.co/YmDqgRXGh9
8,1093953412411072514,22795270,635,75245,613,841,138872,2009-03-04 16:29:50,0,3,2019-02-08 19:23:12,"Local championship contenders headed to #Westminster dog show 🐕
https://t.co/a1OH2ehXZ6 https://t.co/UCJR8Mf1SG"
9,1093941547987623936,22795270,635,75245,613,841,138872,2009-03-04 16:29:50,0,0,2019-02-08 18:36:04,"The tale of #OhioState head coach, @ryandaytime 🏈 https://t.co/HOSQMK7P4H"
10,1093925721561591808,22795270,635,75245,613,841,138872,2009-03-04 16:29:50,0,0,2019-02-08 17:33:10,We're excited too! 😁👏 https://t.co/6fi0PDMoSO
11,1093920217372246021,22795270,635,75245,613,841,138872,2009-03-04 16:29:50,2,2,2019-02-08 17:11:18,"'An opportunity to compete:' History of black police officers in Toledo. 
https://t.co/lD2ACma8Qe https://t.co/bgkBzTQrBG"
12,1093888037958967296,22795270,635,75245,613,841,138872,2009-03-04 16:29:50,1,1,2019-02-08 15:03:26,"We're always ready for the weekend, but definitely not ready for that forecast! 😤 https://t.co/c9U5VyRAr3"
13,1093883040797999105,22795270,635,75245,613,841,138872,2009-03-04 16:29:50,11,5,2019-02-08 14:43:34,BLADE ALERT: Owner of Tea Tree Asian Bistro said he is being prevented from leaving South Korea. https://t.co/zEY95l8R4r
14,1093874826698244096,22795270,635,75245,613,841,138872,2009-03-04 16:29:50,1,2,2019-02-08 14:10:56,Ditto. https://t.co/DlN2T9PbK2
15,1093874510703542272,22795270,635,75245,613,841,138872,2009-03-04 16:29:50,1,1,2019-02-08 14:09:41,The education initiative is a plan that complements Mayor Kapszukiewicz’s push to bring free preschool education to… https://t.co/aiDTJDB2B9
16,1093842021763162112,22795270,635,75245,613,841,138872,2009-03-04 16:29:50,1,1,2019-02-08 12:00:35,Leaders say new rates could be in place by January of 2020. https://t.co/9d6jLP2zT7
17,1093835538547859456,22795270,635,75245,613,841,138872,2009-03-04 16:29:50,0,4,2019-02-08 11:34:49,"Hold on to your hats this morning! It’ll be a cold, windy day with a high of 22° in the #toledo419 area.… https://t.co/3AOu0GMUtW"
18,1093701709292027904,22795270,635,75245,613,841,138872,2009-03-04 16:29:50,2,4,2019-02-08 02:43:02,"Congressman John Dingell, who served Michigan for 59 years in the U.S. House of Representatives, has died. https://t.co/YKdJ9EHH2Z"
19,1093697934456246272,22795270,635,75245,613,841,138872,2009-03-04 16:29:50,0,0,2019-02-08 02:28:02,High-flying entertainment: WWE's 'Smackdown Live' rolls into Huntington Center Tuesday. @JaySkebba https://t.co/IeAR98fbBX
20,1093670250950942720,22795270,635,75245,613,841,138872,2009-03-04 16:29:50,2,3,2019-02-08 00:38:01,🚍 Those affected by the loss of TARTA paratransit service on Sundays may soon see that service return temporarily.… https://t.co/bBGmxc6SFy
21,1093662212835762176,22795270,635,75245,613,841,138872,2009-03-04 16:29:50,15,62,2019-02-08 00:06:05,"🏀 Senior leadership, big-game experience have helped Archbold's boys basketball team stay perfect through 18 games.… https://t.co/kOkourCU4u"
22,1093643722674356224,22795270,635,75245,613,841,138872,2009-03-04 16:29:50,0,0,2019-02-07 22:52:37,It's not too late to win some free 🥧 in our #blade52 contest. Read the story to find out how https://t.co/yTfzQZZ7tw
23,1093619158154121216,22795270,635,75245,613,841,138872,2009-03-04 16:29:50,0,0,2019-02-07 21:15:00,Lonzo Rivers believed Dakoda Rogers was reaching for a gun before he fired two shots into Rogers' car. https://t.co/dAQG86Uqys
24,1093611920991703040,22795270,635,75245,613,841,138872,2009-03-04 16:29:50,2,0,2019-02-07 20:46:14,Justin Haun and Alyssa Haun were struck by a vehicle on July 4 after it traveled off the edge of the road. The driv… https://t.co/EvAV1td3FX
25,1093588332133658625,22795270,635,75245,613,841,138872,2009-03-04 16:29:50,1,4,2019-02-07 19:12:30,"Retail dispensaries have reported more than $500,000 in medical marijuana sales over the last three weeks. https://t.co/okgYYYyzkW"
26,1093570098592448513,22795270,635,75245,613,841,138872,2009-03-04 16:29:50,5,8,2019-02-07 18:00:03,"Stacey Abrams, the former Democratic governor candidate for Georgia, is coming to speak in Toledo at an Authors! ev… https://t.co/pQCUQbKH5v"
27,1093564273236811776,22795270,635,75245,613,841,138872,2009-03-04 16:29:50,2,0,2019-02-07 17:36:54,"Police are searching for another suspect, K’veon Carnell Giles, in the death of 3-year-old Malachi Barnes. https://t.co/1DtXWw8nVB"
28,1093555002264698882,22795270,635,75245,613,841,138872,2009-03-04 16:29:50,1,2,2019-02-07 17:00:04,Looking for something to warm you up this winter? ZaZa Wood-Fired Pizza &amp; Mediterranean Cuisine might have exactly… https://t.co/hTffGMGqMz
29,1093538251040870400,22795270,635,75245,613,841,138872,2009-03-04 16:29:50,1,1,2019-02-07 15:53:30,Nathaniel McKinney was sentenced to 8 years in prison for rape and kidnapping. https://t.co/lO7edmKPak
30,1093509719938027521,22795270,635,75245,613,841,138872,2009-03-04 16:29:50,1,7,2019-02-07 14:00:08,"Owner surrenders bonded 'pit bulls' to rescue after @ToledoPolice  intervention.  
https://t.co/nyHNqTB8kp https://t.co/rmtnqyxflO"
31,1093496956243062785,22795270,635,75245,613,841,138872,2009-03-04 16:29:50,0,3,2019-02-07 13:09:25,A panel convened by Gov. @MikeDeWine agreed that the time has come for Ohio to raise the tax motorists pay at the g… https://t.co/NQ2OcrtFMM
32,1093482428998578176,22795270,635,75245,613,841,138872,2009-03-04 16:29:50,1,4,2019-02-07 12:11:41,Mayor @ElectWade sent a letter to General Motors Co. after meeting with GM leaders on Tuesday. https://t.co/OnScaL2U2u
33,1093477643947773958,22795270,635,75245,613,841,138872,2009-03-04 16:29:50,0,2,2019-02-07 11:52:40,We've got good and bad news...The good news? Temps are expected to reach 55° today! The bad news? It's supposed to… https://t.co/QRTbxNO5AE
34,1093343452761411585,22795270,635,75245,613,841,138872,2009-03-04 16:29:50,0,3,2019-02-07 02:59:27,"“It is cool to sort of go back in the halls and see people enjoying it so much."" @johncusack brings 'Grosse Pointe… https://t.co/FtqN1ag7np"
35,1093308359313362947,22795270,635,75245,613,841,138872,2009-03-04 16:29:50,0,2,2019-02-07 00:40:00,“It was deplorable conditions they were living in.” @ToledoPolice help facilitate rescue of pair of 'pit bulls.' https://t.co/xl7fmkzXnI
36,1093302241870663681,22795270,635,75245,613,841,138872,2009-03-04 16:29:50,1,0,2019-02-07 00:15:41,"After last week's deep freeze, Toledo's trash collection contractor hopes to be caught up and back on a normal sche… https://t.co/mxvHhKzbex"
37,1093300898128977920,22795270,635,75245,613,841,138872,2009-03-04 16:29:50,0,0,2019-02-07 00:10:21,🍕 @Zaza_Toledo and its extensive menu offer a warm respite from winter. 🍽 https://t.co/g19RuiQDGo
38,1093269385660325889,22795270,635,75245,613,841,138872,2009-03-04 16:29:50,1,5,2019-02-06 22:05:08,Feast your eyes on the pies! @SchmuckersOH has been around since 1948 and has meant so much to #Toledo419 ever sinc… https://t.co/X57Zee4wWR
39,1093219053823541248,22795270,635,75245,613,841,138872,2009-03-04 16:29:50,1,4,2019-02-06 18:45:08,"We've visited some pretty remarkable places so far in our series 'The 52,' including @SchmuckersOH 🤤🥧 #Blade52 https://t.co/2J2RZ9pSsN"
40,1093198325061505024,22795270,635,75245,613,841,138872,2009-03-04 16:29:50,2,0,2019-02-06 17:22:45,BLADE ALERT: Defendant in pastors' child sex-trafficking case pleads guilty to lying to investigators.… https://t.co/6wmUdeX9Wr
41,1093197528789671937,22795270,635,75245,613,841,138872,2009-03-04 16:29:50,1,0,2019-02-06 17:19:36,"“We know we have a bug. We don’t know what kind.” 😳
https://t.co/al9DS6sPjv"
42,1093168709177405440,22795270,635,75245,613,841,138872,2009-03-04 16:29:50,1,1,2019-02-06 15:25:05,A man accused of shooting his mother in the face was arraigned Wednesday in Toledo Municipal Court. https://t.co/zNYoWhj3PR
43,1093158636782870529,22795270,635,75245,613,841,138872,2009-03-04 16:29:50,0,4,2019-02-06 14:45:03,"There’s rarely a moment where Toledoans don’t fill the tables, booths, and countertops at @SchmuckersOH, which is w… https://t.co/dnEhQWjM3k"
44,1093153277754122250,22795270,635,75245,613,841,138872,2009-03-04 16:29:50,1,5,2019-02-06 14:23:45,Yes!! 👏👏 https://t.co/Jk3HgEmP5N
45,1093148977363644417,22795270,635,75245,613,841,138872,2009-03-04 16:29:50,1,3,2019-02-06 14:06:40,"ICYMI: James Hines was found in an abandoned house after his mother,  Joycelyn Gordon, was shot in her Upton Avenue… https://t.co/yGSvY2TXxb"
46,1093139768316227584,22795270,635,75245,613,841,138872,2009-03-04 16:29:50,0,1,2019-02-06 13:30:04,Take a slice out of this! We're giving away a $30 gift card to @SchmuckersOH 🥧 Don't miss out on your chance to win… https://t.co/9fEqCDtp6G
47,1093138795770404865,22795270,635,75245,613,841,138872,2009-03-04 16:29:50,1,3,2019-02-06 13:26:13,You won't be getting any sunshine with tomorrow's spring-like conditions. ☹️ https://t.co/ds3RqPvLem
48,1093138095317438464,22795270,635,75245,613,841,138872,2009-03-04 16:29:50,1,1,2019-02-06 13:23:26,"Stretches of Detroit Avenue, Reynolds Road among areas slated for repairs. 🚧 https://t.co/FFbmU7pTJr"
49,1093127503621824513,22795270,635,75245,613,841,138872,2009-03-04 16:29:50,1,2,2019-02-06 12:41:20,Yikes! 😳 Side Cut Metropark braces for potential ice damage. https://t.co/Sa6I5Asdef https://t.co/l57OABm0aU
50,1093122209508409345,22795270,635,75245,613,841,138872,2009-03-04 16:29:50,0,1,2019-02-06 12:20:18,"Lonzo Rivers, Sr., is accused of responding to blackmail threats by fatally shooting Dakoda Rogers. https://t.co/TrFwjqsVwF"
51,1093113485947531271,22795270,635,75245,613,841,138872,2009-03-04 16:29:50,0,0,2019-02-06 11:45:38,"Happy #HumpDay, Toledo! 🐫 We'll have ☁ skies with some 🌧 at times and a high of 43° for your Wednesday.… https://t.co/DHUe4P2xJg"
52,1092955325932732416,22795270,635,75245,613,841,138872,2009-03-04 16:29:50,1,0,2019-02-06 01:17:10,"🚗 Road weary? Help might be on the way if you use stretches of Toledo's Detroit Avenue, Reynolds Road or other area… https://t.co/WVnJKacfF2"
53,1092943459521101826,22795270,635,75245,613,841,138872,2009-03-04 16:29:50,6,10,2019-02-06 00:30:01,"While Side Cut Metropark is accustomed to dealing with floods, it's the ice left over from the polar vortex that ha… https://t.co/7JM47iboy9"
54,1092932320045264896,22795270,635,75245,613,841,138872,2009-03-04 16:29:50,2,4,2019-02-05 23:45:45,"Laura Lloyd-Jenkins is charged with obstructing a federal sex-trafficking investigation into her ex-husband, two ot… https://t.co/64Yx3FyMtP"
55,1092901299228762112,22795270,635,75245,613,841,138872,2009-03-04 16:29:50,3,4,2019-02-05 21:42:29,"BLADE ALERT: Police say James Hines, son of the elderly woman who was shot Tuesday, was found in an abandoned house… https://t.co/Ld70WwrZFU"
56,1092864008015753216,22795270,635,75245,613,841,138872,2009-03-04 16:29:50,0,0,2019-02-05 19:14:18,A judge sentenced Hiraldo Diaz to 4 1/2 years in prison for sexual assault of a young girl. https://t.co/R0TpmzVS8t
57,1092859821009842176,22795270,635,75245,613,841,138872,2009-03-04 16:29:50,0,2,2019-02-05 18:57:40,It's a family treat to eat at this #Toledo419 restaurant. Any guesses where we're heading next on #Blade52? 🍽 https://t.co/DAQOdLewXf
58,1092815213869576192,22795270,635,75245,613,841,138872,2009-03-04 16:29:50,0,0,2019-02-05 16:00:25,A man is facing felony charges related to a fire investigators say was intentionally set at a Pinebrook Parkway apa… https://t.co/PniRwTv2qf
59,1092800548917702657,22795270,635,75245,613,841,138872,2009-03-04 16:29:50,5,10,2019-02-05 15:02:08,There were almost 3 million seconds in January and we're breaking down the best moments from the 31 days into 31 se… https://t.co/Ahb6GQX8U5
60,1092793144603742209,22795270,635,75245,613,841,138872,2009-03-04 16:29:50,0,1,2019-02-05 14:32:43,TRAFFIC ALERT: A crash on WB I-475  before US-23 has the left lane closed. Drivers should expect delays through thi… https://t.co/si24M8pbG2
61,1092785322482716672,22795270,635,75245,613,841,138872,2009-03-04 16:29:50,1,0,2019-02-05 14:01:38,"It's about to be a soggy, soggy week 😟 https://t.co/43bNIxWJod"
62,1092778589634904065,22795270,635,75245,613,841,138872,2009-03-04 16:29:50,0,1,2019-02-05 13:34:53,The company fully intends to continue pursuing its complaint on Feb. 22. https://t.co/sVv6WPm5IH
63,1092763020630151168,22795270,635,75245,613,841,138872,2009-03-04 16:29:50,5,1,2019-02-05 12:33:01,BLADE ALERT: Officers are searching for a tan ‘00 Chrysler Town &amp; Country with an Ohio license plate GLH7557 in con… https://t.co/0NrPS2f7xg
64,1092758821318082561,22795270,635,75245,613,841,138872,2009-03-04 16:29:50,0,1,2019-02-05 12:16:20,"Sorry, shoppers! 🛍 #CharlotteRusse's Toledo area store is on the closing list 😕 https://t.co/5Jm3DwKsuK"
65,1092749050766602240,22795270,635,75245,613,841,138872,2009-03-04 16:29:50,0,0,2019-02-05 11:37:30,It'll be a dry start to your Tuesday with partly sunny skies and a high of 39° Things will start to change in the e… https://t.co/MfJXRFMCgt
66,1092581077271621634,22795270,635,75245,613,841,138872,2009-03-04 16:29:50,1,1,2019-02-05 00:30:02,🌽 Chronicle of cornbread: @BilyeuBladeFood takes a look at the history of a culinary staple. 🍞 https://t.co/SLbn3dxE85
67,1092577293078355968,22795270,635,75245,613,841,138872,2009-03-04 16:29:50,0,0,2019-02-05 00:15:00,The developer of a proposed wind farm project in Seneca County will need to hold off on preconstruction activities… https://t.co/ssSWQaYsk9
68,1092573529642618882,22795270,635,75245,613,841,138872,2009-03-04 16:29:50,0,1,2019-02-05 00:00:03,Ohio’s health director says Toledo’s last abortion clinic violated its own policies when a patient was transferred… https://t.co/MCK5BdtFV8
69,1092569778768830464,22795270,635,75245,613,841,138872,2009-03-04 16:29:50,0,0,2019-02-04 23:45:08,Authorities say Benjamin Ward had just gotten home from a Super Bowl party when he was fatally shot in his South To… https://t.co/VlWa2cng1A
70,1092562193961373698,22795270,635,75245,613,841,138872,2009-03-04 16:29:50,1,1,2019-02-04 23:15:00,"Former pastor Anthony Haynes faces charges of child sex trafficking and child pornography in his trial, which begin… https://t.co/WMGIHak0Cy"
71,1092558033434103808,22795270,635,75245,613,841,138872,2009-03-04 16:29:50,0,0,2019-02-04 22:58:28,EDITORIAL: A rotten culture has been allowed to fester among Ohio's legislators. https://t.co/Ewf9ykTHj1
72,1092506097515196416,22795270,635,75245,613,841,138872,2009-03-04 16:29:50,0,1,2019-02-04 19:32:06,School districts are trying to manage the loss of school days because of cancellations. ❄ https://t.co/nkiavGvRSK
73,1092495340069158914,22795270,635,75245,613,841,138872,2009-03-04 16:29:50,0,1,2019-02-04 18:49:21,Last week’s deep cold snap left Toledo “pretty backed up” on pothole repairs. https://t.co/z4FLMGb2Uf
74,1092483651470852096,22795270,635,75245,613,841,138872,2009-03-04 16:29:50,0,0,2019-02-04 18:02:54,@ToledoPolice are seeking information in connection to the city's latest homicide. https://t.co/37fFKMMuaI https://t.co/K9j4gjQIg7
75,1092482459080577024,22795270,635,75245,613,841,138872,2009-03-04 16:29:50,0,0,2019-02-04 17:58:10,😎 https://t.co/eO7NAZ7Edc
76,1092482273562238978,22795270,635,75245,613,841,138872,2009-03-04 16:29:50,0,0,2019-02-04 17:57:26,".@UToledo students, enjoy a nice slice of pizza between classes....we wish we could join you! 🤤🍕 https://t.co/uW6hhpwZx5"
77,1092453462590308352,22795270,635,75245,613,841,138872,2009-03-04 16:29:50,0,0,2019-02-04 16:02:56,Three people were charged in connection with a Saturday shooting that left one person injured. https://t.co/gBa14Qk7pr
78,1092444552466702337,22795270,635,75245,613,841,138872,2009-03-04 16:29:50,0,1,2019-02-04 15:27:32,“Young and the Restless” actor Kristoff St. John has died at age 52. https://t.co/r87xqVJMy6
79,1092430928637513728,22795270,635,75245,613,841,138872,2009-03-04 16:29:50,0,2,2019-02-04 14:33:24,Sylvania Township police are sporting a new look. 🚓 https://t.co/P0XksggH1z
80,1092416004397940737,22795270,635,75245,613,841,138872,2009-03-04 16:29:50,2,5,2019-02-04 13:34:06,Monday Memories: Women's football has a long tradition in #Toledo419🏈 https://t.co/6o2RlZoRqh https://t.co/t3C7TWJ86R
81,1092402129896198144,22795270,635,75245,613,841,138872,2009-03-04 16:29:50,0,0,2019-02-04 12:38:58,Didn't catch some of the #SuperBowl ads? Watch them here! We list the winners and the losers 📺 https://t.co/TGTaCd1m0X
82,1092388727186427904,22795270,635,75245,613,841,138872,2009-03-04 16:29:50,0,1,2019-02-04 11:45:42,The unusual warm February weather continues today in the #Toledo419 area with chances of rain in the evening and hi… https://t.co/OGFpM7qQBT
83,1092384913280692224,22795270,635,75245,613,841,138872,2009-03-04 16:29:50,1,1,2019-02-04 11:30:33,BLADE ALERT: Toledo Police are investigating the fatal shooting of a 41-year-old man in his South Toledo home. https://t.co/37fFKMMuaI
84,1092257990655295488,22795270,635,75245,613,841,138872,2009-03-04 16:29:50,0,0,2019-02-04 03:06:12,UPDATE: All evacuees near a railroad tanker car explosion and fire in Oregon were allowed to return home about 10 p… https://t.co/rJn1fJ1G9g
85,1092255242920620037,22795270,635,75245,613,841,138872,2009-03-04 16:29:50,3,2,2019-02-04 02:55:17,Police evacuated homes in Oregon after railroad tanker exploded and caught fire near Toledo Refining Co. https://t.co/ke9IC1O14K
86,1092242868155150336,22795270,635,75245,613,841,138872,2009-03-04 16:29:50,0,0,2019-02-04 02:06:07,"🌞 The Big Thaw: Days after an historic low, Toledo's temperature reaches a record high. @mikesigovblade ❄ https://t.co/EIIA8eEROl"
87,1092236405764485122,22795270,635,75245,613,841,138872,2009-03-04 16:29:50,0,2,2019-02-04 01:40:26,“The church and its leadership then and now continue to represent the soul of the African American community.” https://t.co/DZlnbqulgR
88,1092199277105999874,22795270,635,75245,613,841,138872,2009-03-04 16:29:50,4,5,2019-02-03 23:12:54,KEITH BURRIS: Sherrod Brown is a Democrat who has shown the ability to win in Trump country. https://t.co/qf9WcHZByh
89,1092158321409310720,22795270,635,75245,613,841,138872,2009-03-04 16:29:50,1,5,2019-02-03 20:30:09,"Where else can you see presidential limos, steam-powered locomotives, and the Wienermobile? https://t.co/xJ3zf9km7M"
90,1092140153852907520,22795270,635,75245,613,841,138872,2009-03-04 16:29:50,0,3,2019-02-03 19:17:58,For those wondering what a classic video game says about the outcome of today's Super Bowl ... bet it all on the Ra… https://t.co/DbiPYm22nS
91,1092098697087893504,22795270,635,75245,613,841,138872,2009-03-04 16:29:50,0,2,2019-02-03 16:33:14,Savage &amp; Associates new headquarters is a fitting tribute to the Glass City. https://t.co/Bus7wPVPqm
92,1092071054942588928,22795270,635,75245,613,841,138872,2009-03-04 16:29:50,0,0,2019-02-03 14:43:23,"Chinese New Year is akin to Christmas in the U.S., a time when families come together and celebrate. https://t.co/YAxxFG7WMD"
93,1092052608460771328,22795270,635,75245,613,841,138872,2009-03-04 16:29:50,1,2,2019-02-03 13:30:05,"Sherrod Brown will see in the coming weeks if his message resonates in New Hampshire, South Carolina, and Nevada.… https://t.co/GxObCHbDtA"
94,1091848747783516160,22795270,635,75245,613,841,138872,2009-03-04 16:29:50,2,2,2019-02-03 00:00:01,"Motorists can expect to encounter crews working on South Avenue, Bancroft Street, Detroit Avenue, Cherry Street, Re… https://t.co/PGFWC9sdtk"
95,1091828391886667781,22795270,635,75245,613,841,138872,2009-03-04 16:29:50,0,2,2019-02-02 22:39:08,"Tenants and landlords, like cats and dogs. But they united for this reason. https://t.co/GQwuG7dkBU"
96,1091675116784754688,22795270,635,75245,613,841,138872,2009-03-04 16:29:50,0,1,2019-02-02 12:30:04,"Sherrod Brown tests the presidential primary waters as he chats with Iowa farmers.
https://t.co/RQm86I61K1 https://t.co/wFUR9L5j4c"
97,1091527957435351040,22795270,635,75245,613,841,138872,2009-03-04 16:29:50,3,3,2019-02-02 02:45:19,❄ Cold competition: Members of the Toledo Ice Yacht Club have raced up and down the frozen bay for 100 years.… https://t.co/8EXml1cLYo
98,1091513551989161985,22795270,635,75245,613,841,138872,2009-03-04 16:29:50,3,6,2019-02-02 01:48:04,⛪ Can't make it to Church? Several Toledo congregations bring it to you through livestreaming on several platforms.… https://t.co/ofFUT6pMVk
99,1091476565219831810,22795270,635,75245,613,841,138872,2009-03-04 16:29:50,1,1,2019-02-01 23:21:06,Zach Duprey’s friends and family put his casket in the back of a 1948 International pickup truck he built from scra… https://t.co/syqnKFRaH3
100,1091471917981356033,22795270,635,75245,613,841,138872,2009-03-04 16:29:50,0,2,2019-02-01 23:02:38,Opponents of a plan for a facility for Toledo's homeless say there are already too many shelters and group homes in… https://t.co/JlwemiNPfI
101,1091335389451862016,22795270,635,75245,613,841,138872,2009-03-04 16:29:50,0,0,2019-02-01 14:00:07,Are you ready to go to downtown ... Oregon? City leaders on quest to establish a town center. https://t.co/ODdDCEzQYU
102,1091320267534675972,22795270,635,75245,613,841,138872,2009-03-04 16:29:50,4,6,2019-02-01 13:00:02,"The practice of redlining neighborhoods might have began decades ago, but the effects are still being felt today. https://t.co/p95wvgx6Sk"
103,1091312711105945600,22795270,635,75245,613,841,138872,2009-03-04 16:29:50,0,2,2019-02-01 12:30:00,"Who knew the teens could feel so good?? Today's temps reach into the upper teens, and A.M. snow showers 🌨 give way… https://t.co/Xv0kbrdGqN"
104,1091303286001545216,22795270,635,75245,613,841,138872,2009-03-04 16:29:50,0,0,2019-02-01 11:52:33,Mess at the Mall: A sprinkler line break near the Food Court at Franklin Park Mall has sent water rushing out of th… https://t.co/tX7CQWbn5W
105,1091178858643107840,22795270,635,75245,613,841,138872,2009-03-04 16:29:50,3,2,2019-02-01 03:38:07,"🌨 Toledo Public, Toledo Catholic schools among Friday's closings. ❄ https://t.co/JeUubybhFq"
106,1091148505366884353,22795270,635,75245,613,841,138872,2009-03-04 16:29:50,2,1,2019-02-01 01:37:30,"🎨 Local artists, @DIADetroit team up to honor legacy of mid-19th Century painter Robert Duncanson. @RoGedert  🎨 https://t.co/r8ZzCOlCEG"
107,1091123182319353857,22795270,635,75245,613,841,138872,2009-03-04 16:29:50,1,6,2019-01-31 23:56:53,"🎒 “We have a large Spanish speaking community in Toledo, and they can’t always access the help that they need. So w… https://t.co/uughdUKOfT"
108,1091118672628891648,22795270,635,75245,613,841,138872,2009-03-04 16:29:50,0,0,2019-01-31 23:38:58,🌨 From cold to colder: @BladeRdWarrior shares his thoughts as a reporter who has been in the middle of extreme weat… https://t.co/RJ2w0biBaK
109,1091113148109721601,22795270,635,75245,613,841,138872,2009-03-04 16:29:50,1,2,2019-01-31 23:17:01,🏈 Tecmo Talk: What a classic Nintendo game says about this weekend's matchup between the Rams and Patriots.… https://t.co/SuKvj7sTV8
110,1091043285345488899,22795270,635,75245,613,841,138872,2009-03-04 16:29:50,8,41,2019-01-31 18:39:24,.@ToledoFire firefighters continue to amaze us! Check out these photos of a scene of a house fire in East Toledo du… https://t.co/TWP2ZpDF6K
111,1091017222838013952,22795270,635,75245,613,841,138872,2009-03-04 16:29:50,0,1,2019-01-31 16:55:50,"Current 'cold snap' in #Toledo419 doesn't quite measure up to 1994.
https://t.co/KtOBFi9MzC https://t.co/jNA7eI8zVd"
112,1091000466761236482,22795270,635,75245,613,841,138872,2009-03-04 16:29:50,0,0,2019-01-31 15:49:15,Brrrr! #Toledo419 again breaks the low-temperature record. 🥶 https://t.co/eRBEP6GjW8
113,1090988580997120000,22795270,635,75245,613,841,138872,2009-03-04 16:29:50,2,4,2019-01-31 15:02:01,BLADE ALERT: @ToledoFire firefighters are battling another East Toledo house fire in the extreme cold. https://t.co/QWwAzX7Lcf
114,1090980778559848450,22795270,635,75245,613,841,138872,2009-03-04 16:29:50,1,0,2019-01-31 14:31:01,Share with your neighbors! Republic Services will not provide trash pickup today because of the extreme cold. https://t.co/0MChSb85pZ
115,1090973690064498688,22795270,635,75245,613,841,138872,2009-03-04 16:29:50,0,0,2019-01-31 14:02:51,Weather phenomenon has #Toledo419 and much of the Midwest suffering from sub-zero temperatures. #PolarVortex https://t.co/bmzJTmEREw
116,1090968527350177795,22795270,635,75245,613,841,138872,2009-03-04 16:29:50,0,0,2019-01-31 13:42:20,A man who was wanted in connection with a fatal shooting in Monroe was captured by police. https://t.co/HFRNAq3xhE
117,1090963154648121345,22795270,635,75245,613,841,138872,2009-03-04 16:29:50,0,1,2019-01-31 13:20:59,Bo Peep is back — and she's got a new look! https://t.co/8D8hlWtOge
118,1090957562441285633,22795270,635,75245,613,841,138872,2009-03-04 16:29:50,5,17,2019-01-31 12:58:46,We're sharing some positivity along with record cold temperatures 🥶 https://t.co/f8FDvuLU44
119,1090947945602695169,22795270,635,75245,613,841,138872,2009-03-04 16:29:50,3,3,2019-01-31 12:20:33,Don't head out to your mailbox today! @USPS suspends mail delivery in the Toledo area again due to extreme cold. https://t.co/4OYV7Rd7VJ
120,1090939018827743232,22795270,635,75245,613,841,138872,2009-03-04 16:29:50,0,0,2019-01-31 11:45:05,Brisk and bitterly cold in the #Toledo419 with a high of 2°. A chance of snow showers expected in the evening hours… https://t.co/vwZl3qNwOU
121,1090801840642510848,22795270,635,75245,613,841,138872,2009-03-04 16:29:50,2,7,2019-01-31 02:39:59,"“We fight for our progressive values...It’s who we are, it’s how we govern. It’s how we won, and how we will win ag… https://t.co/2JNIUNLKz8"
122,1090765317406683137,22795270,635,75245,613,841,138872,2009-03-04 16:29:50,2,1,2019-01-31 00:14:51,There's a new judge and a new hearing date set for the legal complaint against a developer hoping to put 77 wind tu… https://t.co/bqYwQonF9c
123,1090757804435144706,22795270,635,75245,613,841,138872,2009-03-04 16:29:50,1,0,2019-01-30 23:45:00,"EDITORIAL: On data confusion, it’s the Ohio Department of Education — not Toledo Public Schools — that owes an expl… https://t.co/al8dh5xUud"
124,1090746664736968711,22795270,635,75245,613,841,138872,2009-03-04 16:29:50,1,8,2019-01-30 23:00:44,Soul City Boxing quickly became a place of refuge for Toledo area kids who wanted to stay active. #Blade52… https://t.co/KVo4cjqnno
125,1090686240251351040,22795270,635,75245,613,841,138872,2009-03-04 16:29:50,0,1,2019-01-30 19:00:38,The amended version of controversial lead-safe law addresses aspects ruled unconstitutional by a judge. https://t.co/LGmKltFxYI
126,1090677564459372545,22795270,635,75245,613,841,138872,2009-03-04 16:29:50,4,3,2019-01-30 18:26:09,We're ready to shout this from the rooftops — BRING YOUR PETS INSIDE! 🐱🐶 https://t.co/Z5rNe0HA3b
127,1090666591702929408,22795270,635,75245,613,841,138872,2009-03-04 16:29:50,4,0,2019-01-30 17:42:33,Wife and stepdaughter of Anthony Haynes reportedly choked a girl to prevent her testimony. https://t.co/IJQvapZUPE
128,1090648346543431681,22795270,635,75245,613,841,138872,2009-03-04 16:29:50,0,0,2019-01-30 16:30:03,"To truly appreciate the success of Soul City Boxing, one must understand its roots, and the people it serves 🥊… https://t.co/Hw6jXLYKtO"
129,1090643655436705793,22795270,635,75245,613,841,138872,2009-03-04 16:29:50,6,15,2019-01-30 16:11:25,We're asking ourselves the same thing. 🥶 https://t.co/QnjDkuHeTa
130,1090643234060161025,22795270,635,75245,613,841,138872,2009-03-04 16:29:50,0,4,2019-01-30 16:09:44,"After being dark for the better part of 2018, the lighting system on the Veterans’ Glass City Skyway has been lit a… https://t.co/tlXf2G2XYZ"
131,1090628616722006016,22795270,635,75245,613,841,138872,2009-03-04 16:29:50,3,1,2019-01-30 15:11:39,"Damon Joseph accused of telling undercover agents he wanted to kill as many people as possible, including a rabbi. https://t.co/QmQXiNbCYp"
132,1090622037817806848,22795270,635,75245,613,841,138872,2009-03-04 16:29:50,4,32,2019-01-30 14:45:31,"Ditto! We're also thankful for you too, @ToledoPolice https://t.co/NCAryTsods"
133,1090621866304307201,22795270,635,75245,613,841,138872,2009-03-04 16:29:50,1,2,2019-01-30 14:44:50,A house fire was reported Wednesday morning in East Toledo. https://t.co/lOOsolTvhD https://t.co/GEZuaO9ctz
134,1090617637170745344,22795270,635,75245,613,841,138872,2009-03-04 16:29:50,4,5,2019-01-30 14:28:02,It’s official: Toledo has a record low temperature for Jan. 30. https://t.co/4OYV7Rd7VJ
135,1090606838746439681,22795270,635,75245,613,841,138872,2009-03-04 16:29:50,7,32,2019-01-30 13:45:07,"We're shivering just looking at this photo! Stay warm out there, #Toledo419. 🥶❄️ 📸:The Blade/ Dave Zapotosky https://t.co/jI4Y9Zmqr1"
136,1090597618261127168,22795270,635,75245,613,841,138872,2009-03-04 16:29:50,0,1,2019-01-30 13:08:29,😂😂 https://t.co/oZRvFbNBWu
137,1090597514372399104,22795270,635,75245,613,841,138872,2009-03-04 16:29:50,1,2,2019-01-30 13:08:04,"Soul City Boxing gym is a refuge for kids that reflects #Toledo419’s grit and pain and character, earning it a spot… https://t.co/4eUWvekqH2"
138,1090586437333016576,22795270,635,75245,613,841,138872,2009-03-04 16:29:50,1,4,2019-01-30 12:24:03,An amazing story to start your morning! A woman catches a baby thrown out of a burning apartment building window. 👏👏 https://t.co/H8W04e1wZX
139,1090583621109510144,22795270,635,75245,613,841,138872,2009-03-04 16:29:50,1,1,2019-01-30 12:12:51,Did this wake you up last night? https://t.co/SzUEvICZwc
140,1090579642287878144,22795270,635,75245,613,841,138872,2009-03-04 16:29:50,0,2,2019-01-30 11:57:03,"With Toledo-area temperatures forecast to fall well below zero by sunrise, numerous public agencies announced closi… https://t.co/EvF7FRWPmf"
141,1090577829463502848,22795270,635,75245,613,841,138872,2009-03-04 16:29:50,0,2,2019-01-30 11:49:51,"Bundle up today, #Toledo419! Dangerously low wind chills is expected with a high of -7° 🥶🥶 Stay warm, people! And d… https://t.co/zDuovuex9a"
142,1090435369991106560,22795270,635,75245,613,841,138872,2009-03-04 16:29:50,0,0,2019-01-30 02:23:46,The controversial Seneca Wind project appears headed for a two-month delay. @ecowriterohio https://t.co/z1aAtU794f
143,1090418625960398849,22795270,635,75245,613,841,138872,2009-03-04 16:29:50,0,2,2019-01-30 01:17:14,🚗 One councilman's proposal for Toledo's budget surplus would pave the way for road repairs. @BySarahElms  🚧 https://t.co/8FiLgWNJfF
144,1090326732278767616,22795270,635,75245,613,841,138872,2009-03-04 16:29:50,5,4,2019-01-29 19:12:04,BLADE ALERT: BGSU cancels all classes on Wednesday because of the extreme cold. Thursday has not been decided on ye… https://t.co/IUocYBkslG
145,1090324852530135040,22795270,635,75245,613,841,138872,2009-03-04 16:29:50,0,0,2019-01-29 19:04:36,"Thanks to the arctic blast heading for the area, several public agencies have announced closings or reductions in p… https://t.co/frMgu6NcBj"
146,1090312032749084677,22795270,635,75245,613,841,138872,2009-03-04 16:29:50,15,4,2019-01-29 18:13:40,"Retweet to help! Joseph Master, 17, who is a special needs student, is missing. Call 911 or 419-255-1111 if you see… https://t.co/KYGC3RrPeY"
147,1090309733154725888,22795270,635,75245,613,841,138872,2009-03-04 16:29:50,0,2,2019-01-29 18:04:32,Parents of a youth hockey player are suing an opposing hockey association and its coach after their son was injured… https://t.co/dBXbD02wZE
148,1090308610989715456,22795270,635,75245,613,841,138872,2009-03-04 16:29:50,0,0,2019-01-29 18:00:04,We're lacing up our sneakers this week on 'The 52.' Can you guess where we're heading next? #Blade52 https://t.co/FlU58xi27x
149,1090298303672139776,22795270,635,75245,613,841,138872,2009-03-04 16:29:50,0,1,2019-01-29 17:19:07,Now this is an anniversary we can get behind! 🍻👏 @GBSBrewCo https://t.co/tyXDdzZHFQ
150,1090268521236357122,22795270,635,75245,613,841,138872,2009-03-04 16:29:50,2,0,2019-01-29 15:20:46,Yikes! #Apple users say the bug could allow callers to activate another user’s microphone remotely. https://t.co/Yvys81fD3a
151,1090254099587706881,22795270,635,75245,613,841,138872,2009-03-04 16:29:50,2,0,2019-01-29 14:23:27,BLADE ALERT: Cordell Jenkins pleaded guilty to two counts of sex trafficking of children and one count of sexual ex… https://t.co/F7dvBkabey
152,1090251543348170752,22795270,635,75245,613,841,138872,2009-03-04 16:29:50,4,5,2019-01-29 14:13:18,ICYMI: Best 👏 Kiss 👏 Cam 👏 Footage 👏 Ever!!! https://t.co/VW3lWlpXDf
153,1090249703084773377,22795270,635,75245,613,841,138872,2009-03-04 16:29:50,0,6,2019-01-29 14:05:59,Mother Nature is even giving the college students some days off! 🥶 https://t.co/8lxzpY7Dm7
154,1090245242601816064,22795270,635,75245,613,841,138872,2009-03-04 16:29:50,1,9,2019-01-29 13:48:16,We're not sure what we're giggling at more —@cwilliams13abc's dog impression or @JSmith13ABC's look at @Sashem_Brey… https://t.co/iBBNRtEnQS
155,1090234399289982976,22795270,635,75245,613,841,138872,2009-03-04 16:29:50,2,3,2019-01-29 13:05:11,BLADE UPDATE: Several area schools have been the decision to be closed through Thursday. Check out our complete lis… https://t.co/gB5X4vDWAC
156,1090232191337066497,22795270,635,75245,613,841,138872,2009-03-04 16:29:50,0,5,2019-01-29 12:56:24,"BLADE ALERT: TPS, Sylvania Schools announce schools will be closed through Thursday due to the weather conditions. https://t.co/dMqYwRnMAR"
157,1090227427803045888,22795270,635,75245,613,841,138872,2009-03-04 16:29:50,0,1,2019-01-29 12:37:28,Embattled City Administrator John Jezak and a pair of city councilmen are critical of the HR commissioner’s perform… https://t.co/eMh5d5SwR0
158,1090217740244316162,22795270,635,75245,613,841,138872,2009-03-04 16:29:50,0,2,2019-01-29 11:58:59,School delays and closings are rolling in! 🥶 🚌https://t.co/VtLnQT2w4t
159,1090216593492271104,22795270,635,75245,613,841,138872,2009-03-04 16:29:50,0,3,2019-01-29 11:54:25,"It'll be a cloudy, cold day in the #Toledo419 area with a high of 13°. If you think today is cold, you're not ready… https://t.co/mRbOKiRXWp"
160,1090073000517488641,22795270,635,75245,613,841,138872,2009-03-04 16:29:50,4,1,2019-01-29 02:23:50,An Allegiant Air flight was preparing to depart for Orlando when the plane slid off the north side of the runway at… https://t.co/cdX4RNYL3p
161,1090057374113677313,22795270,635,75245,613,841,138872,2009-03-04 16:29:50,1,1,2019-01-29 01:21:44,🌨 (Below) zero hour: Forecasters warn of coldest air mass to hit Toledo in at least 25 years. @BladeRdWarrior ❄ https://t.co/NgmWgZmQPg
162,1090036813685772291,22795270,635,75245,613,841,138872,2009-03-04 16:29:50,1,2,2019-01-29 00:00:02,Ohio's one-time infusion of cash for road improvements from borrowing against the Turnpike is running out. https://t.co/i4ib461a9S
163,1090031768944693248,22795270,635,75245,613,841,138872,2009-03-04 16:29:50,0,1,2019-01-28 23:40:00,"🏆 Top Workplaces: Employees say @Med1CareLLC, recognized as the top small business employer in The Blade's yearly c… https://t.co/vspmphzSIp"
164,1090027994058510336,22795270,635,75245,613,841,138872,2009-03-04 16:29:50,0,1,2019-01-28 23:25:00,🎖 “I get to work in a great environment with a group of people that motivate me to do better.” Congratulations to… https://t.co/BWIRCdIV5g
165,1090024223232442368,22795270,635,75245,613,841,138872,2009-03-04 16:29:50,0,2,2019-01-28 23:10:01,🚗 Top Workplaces: @YarkAutoGroup lauded for team atmosphere in Blade's yearly competition. 🏆 https://t.co/7HPwszHPR9
166,1089970664306630656,22795270,635,75245,613,841,138872,2009-03-04 16:29:50,3,5,2019-01-28 19:37:11,"Drive carefully out here, Toledo! 🚗🚙 https://t.co/BIDPt61rA6"
167,1089950362377900034,22795270,635,75245,613,841,138872,2009-03-04 16:29:50,1,2,2019-01-28 18:16:31,Three additional members of a Toledo-area gang entered Alford pleas to selling heroin and participating in a gang. https://t.co/MSeR9WbzPn
168,1089936678008033281,22795270,635,75245,613,841,138872,2009-03-04 16:29:50,0,4,2019-01-28 17:22:08,"Mark your calendars, Toledo! Comedian @JimGaffigan is heading to the Glass City in July. https://t.co/1ueQNedlfF"
169,1089899127872409600,22795270,635,75245,613,841,138872,2009-03-04 16:29:50,0,0,2019-01-28 14:52:56,First responders evaluated four residents of a South Toledo apartment complex Monday following a fire. https://t.co/DFRwi98ccL
170,1089890674307145728,22795270,635,75245,613,841,138872,2009-03-04 16:29:50,0,3,2019-01-28 14:19:20,Sports are on our mind for this week's 'The 52.' Where do you think we should head next? #Blade52 ⚾🥊🏀🏈 https://t.co/5tSZWkEzFs
171,1089876616023543808,22795270,635,75245,613,841,138872,2009-03-04 16:29:50,2,3,2019-01-28 13:23:28,BRB...packing our bags and moving south!! #TooCold https://t.co/FO9TKv5fAm
172,1089866294827073536,22795270,635,75245,613,841,138872,2009-03-04 16:29:50,0,3,2019-01-28 12:42:28,"Monday Memories: When @Macys closed in downtown #Toledo419 so did an era. 🛍️
https://t.co/iUTY1Z1bsU https://t.co/dKAqDDixne"
173,1089854645995012096,22795270,635,75245,613,841,138872,2009-03-04 16:29:50,1,1,2019-01-28 11:56:10,"While issues between humans and animals at the Toledo Zoo are rare, they are part of the reality conservationists f… https://t.co/DWe17Ug3sb"
174,1089848484734341120,22795270,635,75245,613,841,138872,2009-03-04 16:29:50,0,0,2019-01-28 11:31:41,Afternoon rain is expected to turn to snow with a high temperature of 34°. The bitter cold is on its way 🥶… https://t.co/ar4IZNAgK3
175,1089713889481248768,22795270,635,75245,613,841,138872,2009-03-04 16:29:50,1,3,2019-01-28 02:36:51,🐶 Capacity crowd shows some bite during Paws and Pucks night at Huntington Center. @ToledoWalleye @ecowriterohio 🐾 https://t.co/bldHKNPdhd
176,1089705651952119813,22795270,635,75245,613,841,138872,2009-03-04 16:29:50,2,5,2019-01-28 02:04:07,Early voting kicks off Tuesday on a special election addressing the Lucas County Jail and Lake Erie. @RDunnBlade https://t.co/WHd3lwjeoK
