Index,ID,User_ID,Friends_Count,Followers_Count,Favourites_Count,Listed_Count,Status_Count,Created_at,Retweet_Count,Favourite_Count,Created_at,Text
1,1094747606608154625,14089276,1158,83649,1599,753,147463,2008-03-06 15:44:28,0,1,2019-02-10 23:59:03,Children and generations enjoy participating in Edison Festival of Light Junior Parade https://t.co/cvQELuDKFx
2,1094739554605690882,14089276,1158,83649,1599,753,147463,2008-03-06 15:44:28,2,0,2019-02-10 23:27:03,Caloosahatchee River boater found dead after falling overboard near Edison Bridge  on Sunday https://t.co/JR6LqZy4CO
3,1094716407172997120,14089276,1158,83649,1599,753,147463,2008-03-06 15:44:28,0,1,2019-02-10 21:55:04,Photos: Edison Festival of Light Junior Fun Run https://t.co/VevyejG40M
4,1094708599853670400,14089276,1158,83649,1599,753,147463,2008-03-06 15:44:28,1,1,2019-02-10 21:24:03,"Sportscaster Warner Wolf arrested, accused of taking 'Plantation' off East Naples sign https://t.co/SKjqJhDblY"
5,1094659788355575815,14089276,1158,83649,1599,753,147463,2008-03-06 15:44:28,0,0,2019-02-10 18:10:05,Cypress Lake High student arrested for bringing gun to school https://t.co/hj4aokOxH2
6,1094651977378742274,14089276,1158,83649,1599,753,147463,2008-03-06 15:44:28,0,2,2019-02-10 17:39:03,"One suspect shot, two others arrested for armed robbery in North Fort Myers Saturday https://t.co/zY7jphlgRA"
7,1094639397184684033,14089276,1158,83649,1599,753,147463,2008-03-06 15:44:28,0,1,2019-02-10 16:49:04,Fort Myers company recognized as a national leader in wearable technology https://t.co/iUOnGhyUMo
8,1094625300208594944,14089276,1158,83649,1599,753,147463,2008-03-06 15:44:28,0,0,2019-02-10 15:53:03,Two-vehicle crash on Evans Avenue at South Avenue sends several to hospital https://t.co/u1FRUFyfnz
9,1094612718143852545,14089276,1158,83649,1599,753,147463,2008-03-06 15:44:28,0,0,2019-02-10 15:03:03,Lee County leaders seek to dodge tax hike for unincorporated area https://t.co/rm4c94G0r5
10,1094604665055035393,14089276,1158,83649,1599,753,147463,2008-03-06 15:44:28,1,6,2019-02-10 14:31:03,Fort Myers closing some downtown streets Sunday for the Edison Junior Parade and Fun Run https://t.co/SvGsEMaVXm
11,1094373137133776896,14089276,1158,83649,1599,753,147463,2008-03-06 15:44:28,0,0,2019-02-09 23:11:03,Where is the Eagle Tree in Fort Myers going? https://t.co/WWo4wg3l9R
12,1094348475586744320,14089276,1158,83649,1599,753,147463,2008-03-06 15:44:28,0,0,2019-02-09 21:33:03,"Two killed in crash on State Road 31, Florida Highway Patrol says https://t.co/jolgSfRafi"
13,1094340424410517504,14089276,1158,83649,1599,753,147463,2008-03-06 15:44:28,0,4,2019-02-09 21:01:03,Tim Tebow's 'Night to Shine' shows special-needs population 'you matter' https://t.co/SQvVtRUhOF
14,1094314248816218114,14089276,1158,83649,1599,753,147463,2008-03-06 15:44:28,0,2,2019-02-09 19:17:02,Fort Myers police make arrest in Feb. 1 shooting near school https://t.co/YwJysfOCrD
15,1094295879526305800,14089276,1158,83649,1599,753,147463,2008-03-06 15:44:28,0,0,2019-02-09 18:04:03,"FHP: Man jumped from moving car, hit by truck in North Fort Myers https://t.co/33gMAtTqmB"
16,1094282037287182338,14089276,1158,83649,1599,753,147463,2008-03-06 15:44:28,0,0,2019-02-09 17:09:03,LCSO: Robbery results in shooting in North Fort Myers https://t.co/e6mGRCoqym
17,1094273984697458690,14089276,1158,83649,1599,753,147463,2008-03-06 15:44:28,0,1,2019-02-09 16:37:03,Advocacy is Parkland student's salve for wounds from 2018 school shooting https://t.co/zQVbZ7WKO5
18,1094056048166617088,14089276,1158,83649,1599,753,147463,2008-03-06 15:44:28,0,0,2019-02-09 02:11:03,Irritant sends more than a dozen people taken to hospital from school dance in Lehigh Acres https://t.co/sggBUFyMcr
19,1094035916778295296,14089276,1158,83649,1599,753,147463,2008-03-06 15:44:28,0,0,2019-02-09 00:51:03,Contractor testifies about his troubles when VR Labs failed to produce promised jobs https://t.co/4OjOKCw2Bu
20,1094027863647506432,14089276,1158,83649,1599,753,147463,2008-03-06 15:44:28,1,0,2019-02-09 00:19:03,Two injured after car crashes into Bonita Springs dental office https://t.co/nitG1RDQvU
21,1094003702556430336,14089276,1158,83649,1599,753,147463,2008-03-06 15:44:28,0,0,2019-02-08 22:43:02,Prosecutors seek death penalty against Sebring man accused of SunTrust Bank mass shooting https://t.co/ZuOJuwmxBi
22,1093989612094218241,14089276,1158,83649,1599,753,147463,2008-03-06 15:44:28,0,0,2019-02-08 21:47:03,Historic Sanibel Island property with famous guest house goes on the market https://t.co/syEmFMNuij
23,1093974027272638467,14089276,1158,83649,1599,753,147463,2008-03-06 15:44:28,0,0,2019-02-08 20:45:07,"Cape Coral police arrest man linked to vehicle burglary, stolen vehicle https://t.co/ID2u7W3zSS"
24,1093938777750491136,14089276,1158,83649,1599,753,147463,2008-03-06 15:44:28,0,2,2019-02-08 18:25:03,Melissa Etheridge in Bonita Springs: Second show added for Southwest Florida Event Center https://t.co/mNH8i4nVge
25,1093930975652970496,14089276,1158,83649,1599,753,147463,2008-03-06 15:44:28,0,1,2019-02-08 17:54:03,7 semifinalists picked in provost search at Florida SouthWestern State College https://t.co/lrCNqVEc6f
26,1093881396186279938,14089276,1158,83649,1599,753,147463,2008-03-06 15:44:28,1,1,2019-02-08 14:37:02,A firsthand account: How Six Mile Cypress Slough came to be preserved https://t.co/WYSPDXotoe
27,1093865799079596032,14089276,1158,83649,1599,753,147463,2008-03-06 15:44:28,0,0,2019-02-08 13:35:04,"Bonita Springs High students hoping to earn pilot's license, drone pilot certificate https://t.co/oAO8dXNu3Y"
28,1093848933099585536,14089276,1158,83649,1599,753,147463,2008-03-06 15:44:28,1,1,2019-02-08 12:28:03,"Losing her: After detox in Southwest Florida, a precipice with few safety nets https://t.co/lD9MsLCpI7"
29,1093676300747898880,14089276,1158,83649,1599,753,147463,2008-03-06 15:44:28,0,0,2019-02-08 01:02:04,VR Labs trial: Former Lee commissioner Tammy Hall's intervention in scandal aired at trial https://t.co/Kvob11lyfY
30,1093668260434898944,14089276,1158,83649,1599,753,147463,2008-03-06 15:44:28,1,0,2019-02-08 00:30:07,"Judge rules to evict Fly Lounge in Fort Myers, but nightclub says it will appeal https://t.co/qLshtU5TFB"
31,1093660443435024384,14089276,1158,83649,1599,753,147463,2008-03-06 15:44:28,1,0,2019-02-07 23:59:03,State halts putting herbicide on nuisance water plants while it gathers public input https://t.co/fzitjJ8ODu
32,1093652387762503681,14089276,1158,83649,1599,753,147463,2008-03-06 15:44:28,0,4,2019-02-07 23:27:02,"Tre Boston launches Beyond Belief Foundation, reflects on year with Arizona Cardinals https://t.co/Ry3t8MDn4G"
33,1093644342743441409,14089276,1158,83649,1599,753,147463,2008-03-06 15:44:28,0,0,2019-02-07 22:55:04,LSCO identifies woman found dead after fire at Lehigh Acres home https://t.co/rR3G3mfTEU
34,1093636282134220800,14089276,1158,83649,1599,753,147463,2008-03-06 15:44:28,0,0,2019-02-07 22:23:03,Threat of violence reported Wednesday at Gateway Charter elementary deemed non-credible https://t.co/dCxUh64X5x
35,1093583314277945344,14089276,1158,83649,1599,753,147463,2008-03-06 15:44:28,0,4,2019-02-07 18:52:34,Photographer shares joys and frustrations of camera trap photography ~ Our World https://t.co/U6kGgDQAaf https://t.co/54M5yPTNf0
36,1093580288368635905,14089276,1158,83649,1599,753,147463,2008-03-06 15:44:28,0,2,2019-02-07 18:40:33,Ten arrested in $42 million insurance fraud case that included clinics in Fort Myers https://t.co/ufYEDOWcBi
37,1093571733880168448,14089276,1158,83649,1599,753,147463,2008-03-06 15:44:28,0,1,2019-02-07 18:06:33,Oasis star basketball guard Taylon Hutchins reinstated after winning FHSAA sectional appeal https://t.co/Yyx4zl8h17
38,1093552251379937280,14089276,1158,83649,1599,753,147463,2008-03-06 15:44:28,0,1,2019-02-07 16:49:08,These are the worst cities to live in America. Is yours one of them? https://t.co/hdm0NI3Q73 https://t.co/mA5vSzIyC3
39,1093540789970501633,14089276,1158,83649,1599,753,147463,2008-03-06 15:44:28,0,2,2019-02-07 16:03:35,At Ember Korean Steakhouse in Fort Myers there's greatness galore — JLB review https://t.co/GprXT3pRmw https://t.co/DXZblGr4W6
40,1093540150703841280,14089276,1158,83649,1599,753,147463,2008-03-06 15:44:28,0,1,2019-02-07 16:01:03,Double fatal crash closes State Road 31 north of Babcock Ranch in Charlotte County https://t.co/HEtEBJm8uV https://t.co/PwZhwYW8q2
41,1093533855217143808,14089276,1158,83649,1599,753,147463,2008-03-06 15:44:28,0,1,2019-02-07 15:36:02,"Birds strike planes in USA more than 40 times a day, FAA data show https://t.co/P3qK9jDKJD"
42,1093524788599898113,14089276,1158,83649,1599,753,147463,2008-03-06 15:44:28,0,1,2019-02-07 15:00:00,Help us investigate cosmetic surgery safety issues. Tell us your story: https://t.co/XvjbeifmBY
43,1093510213758418950,14089276,1158,83649,1599,753,147463,2008-03-06 15:44:28,0,6,2019-02-07 14:02:06,Photos: Boston Red Sox truck arrives in Fort Myers https://t.co/5mFNxTqgV1
44,1093494592668725249,14089276,1158,83649,1599,753,147463,2008-03-06 15:44:28,0,2,2019-02-07 13:00:01,"Many doctors at dangerous clinic were not certified in plastic surgery, but performed the operations anyway, some l… https://t.co/m0iOYpXE6t"
45,1093492340658851846,14089276,1158,83649,1599,753,147463,2008-03-06 15:44:28,0,1,2019-02-07 12:51:04,North Fort Myers man killed in crash on Slater Road; 11th road death in Lee County in 2019 https://t.co/ka5ZBMG3rb https://t.co/tj3Q3WP7XM
46,1093469685822021632,14089276,1158,83649,1599,753,147463,2008-03-06 15:44:28,0,1,2019-02-07 11:21:03,"Review: ‘Spamalot’ at Barbara B. Mann filled with ridiculous whimsy, nostalgic one-liners https://t.co/2ZZTtdv9Us https://t.co/BRKzBTfL9Z"
47,1093309396128415744,14089276,1158,83649,1599,753,147463,2008-03-06 15:44:28,0,1,2019-02-07 00:44:07,"VR Labs trial: Former economic chief ""regrets"" not vetting finances https://t.co/zkLJQiEiH5 https://t.co/Fkr0HivXbz"
48,1093309387425251329,14089276,1158,83649,1599,753,147463,2008-03-06 15:44:28,0,1,2019-02-07 00:44:05,Lee County Sheriff's Office conducting death investigation in Lehigh Acres following house fire… https://t.co/037trmLEPx
49,1093309378394902528,14089276,1158,83649,1599,753,147463,2008-03-06 15:44:28,0,3,2019-02-07 00:44:03,"National Signing Day in Lee County: Bishop Verot, Fort Myers, Lehigh, North Fort Myers athletes sign letters of int… https://t.co/68MXrTRTeY"
50,1093278444052307968,14089276,1158,83649,1599,753,147463,2008-03-06 15:44:28,0,1,2019-02-06 22:41:07,Lee County athletes who participated in National Signing Day on Feb. 6 https://t.co/Qb8VV62PFL
51,1093278437031067649,14089276,1158,83649,1599,753,147463,2008-03-06 15:44:28,0,1,2019-02-06 22:41:06,Florida lawmaker wants to give state power to punish deadly cosmetic surgery clinics https://t.co/f7r8id6cWG https://t.co/0ctzojfTTU
52,1093266245321863168,14089276,1158,83649,1599,753,147463,2008-03-06 15:44:28,0,1,2019-02-06 21:52:39,"Need to make a Valentine's Day reservation? These Southwest Florida restaurants are offering deals, specials… https://t.co/wW5eCF1I3s"
53,1093246719754555392,14089276,1158,83649,1599,753,147463,2008-03-06 15:44:28,2,8,2019-02-06 20:35:04,"Lehigh 4-star defensive end Quashon Fuller stays true to Florida State, spurns Alabama on Signing Day… https://t.co/BCBxAAl8KA"
54,1093216022134382592,14089276,1158,83649,1599,753,147463,2008-03-06 15:44:28,0,3,2019-02-06 18:33:05,Local attorney honored in Tallahassee for more than a decade of pro bono work https://t.co/wX1mQUBz2I https://t.co/yUr021PoON
55,1093194751010996224,14089276,1158,83649,1599,753,147463,2008-03-06 15:44:28,0,3,2019-02-06 17:08:33,Fort Myers company plans $30M office building; Lee County approves incentive grant https://t.co/bvi0tCpNlK https://t.co/cKoBy2CQr4
56,1093184181532643329,14089276,1158,83649,1599,753,147463,2008-03-06 15:44:28,0,1,2019-02-06 16:26:33,"Lee County Sheriff's Office investigating threats at Bonita Springs, Riverdale high schools https://t.co/rF5iWzYx50 https://t.co/RsizSPoTNU"
57,1093178793504604160,14089276,1158,83649,1599,753,147463,2008-03-06 15:44:28,1,1,2019-02-06 16:05:09,Chef brings new tricks to iconic Clancey's in Fort Myers https://t.co/8dIVd8caYw https://t.co/xuZC6vgC1O
58,1093155245767634944,14089276,1158,83649,1599,753,147463,2008-03-06 15:44:28,2,1,2019-02-06 14:31:35,Senate starts carrying out vaping ban in the workplace https://t.co/LAfGTHLj0V https://t.co/UVLLHy6fu7
59,1093111468139065345,14089276,1158,83649,1599,753,147463,2008-03-06 15:44:28,0,1,2019-02-06 11:37:37,JLB asks: What does love mean to you? https://t.co/rhJvVB8rwd https://t.co/ltjyA2C79i
60,1093111456566992897,14089276,1158,83649,1599,753,147463,2008-03-06 15:44:28,0,1,2019-02-06 11:37:34,Fact check: What Trump said (and didn't) during his State of the Union address https://t.co/LY78APbkxy https://t.co/LHHhtfoI6n
61,1093104157840396288,14089276,1158,83649,1599,753,147463,2008-03-06 15:44:28,0,1,2019-02-06 11:08:34,"Edison Festival of Light: Junior Parade carries on Sunday with floats, dancers and new leader… https://t.co/Vg4iLkkray"
62,1092963356669956097,14089276,1158,83649,1599,753,147463,2008-03-06 15:44:28,0,1,2019-02-06 01:49:05,"Trump delivers State of the Union amid turmoil over border wall, shutdown fears https://t.co/OoN9w0eEhh https://t.co/dEhMDBrHH4"
63,1092963349476794369,14089276,1158,83649,1599,753,147463,2008-03-06 15:44:28,0,1,2019-02-06 01:49:03,Watch live as President Donald Trump gives his State of the Union address https://t.co/Y4IGlCSUjs
64,1092949007993696258,14089276,1158,83649,1599,753,147463,2008-03-06 15:44:28,0,1,2019-02-06 00:52:04,"VR Labs scandal: Accused deny stealing ""millions"" in Lee County incentive funds https://t.co/IrgetyQCFq https://t.co/vvkXmHLnu6"
65,1092944740184551424,14089276,1158,83649,1599,753,147463,2008-03-06 15:44:28,0,1,2019-02-06 00:35:06,Man suspected in stabbing Fort Myers Beach library director indicted on first-degree murder charge… https://t.co/tUhWYcXorl
66,1092944731280044032,14089276,1158,83649,1599,753,147463,2008-03-06 15:44:28,0,2,2019-02-06 00:35:04,"Fear, anger, health worries, cautious optimism at discussion on how the Army Corps should manage Lake Okeechobee… https://t.co/1POyRadNob"
67,1092935907659993094,14089276,1158,83649,1599,753,147463,2008-03-06 15:44:28,0,1,2019-02-06 00:00:00,"The creators of @UncertainTerms, a true-crime podcast featuring Florida kids who killed, will be live on Facebook a… https://t.co/13xlRENAJN"
68,1092905707148578817,14089276,1158,83649,1599,753,147463,2008-03-06 15:44:28,1,2,2019-02-05 22:00:00,"Women who died after surgeries at dangerous Florida cosmetic surgery business were mostly working class, black and… https://t.co/uGUQn7wVrc"
69,1092898189546409984,14089276,1158,83649,1599,753,147463,2008-03-06 15:44:28,0,1,2019-02-05 21:30:08,Photos: Glimpse of the Antonov An-124 aircraft is a once in a lifetime https://t.co/62J33oSDOP https://t.co/WEfYw9Ukxu
70,1092898179576586240,14089276,1158,83649,1599,753,147463,2008-03-06 15:44:28,0,1,2019-02-05 21:30:05,CCPD: Co-worker reports friend who talked of 'biggest mass murder ever' https://t.co/JmftQAyIIz https://t.co/e8M0oBXgZ2
71,1092898170512654336,14089276,1158,83649,1599,753,147463,2008-03-06 15:44:28,0,1,2019-02-05 21:30:03,"Fort Myers man killed, woman injured in I-75 crash in Lake City, FHP says https://t.co/VdRnGdhmjo https://t.co/pBCtrXbj7A"
72,1092880807968919552,14089276,1158,83649,1599,753,147463,2008-03-06 15:44:28,0,1,2019-02-05 20:21:04,"Oasis standout Taylon Hutchins, family make case before FHSAA sectional appeal of 6-week suspension… https://t.co/Ev49LWk48G"
73,1092879677411082240,14089276,1158,83649,1599,753,147463,2008-03-06 15:44:28,0,2,2019-02-05 20:16:34,Southwest Florida beaches might get a boost from Florida Sen. Debbie Mayfield's bill revamping renourishment fundin… https://t.co/YnfhTDugMT
74,1092856015916167168,14089276,1158,83649,1599,753,147463,2008-03-06 15:44:28,0,2,2019-02-05 18:42:33,"FSW agrees to pay $300,000 to woman who accused ex-provost of sexual misconduct https://t.co/qnb4UWBVGu"
75,1092853004879900672,14089276,1158,83649,1599,753,147463,2008-03-06 15:44:28,0,1,2019-02-05 18:30:35,Fort Myers decides to move its elections to even years https://t.co/gcYRZWgA93 https://t.co/lVNlHazte2
76,1092831481150431232,14089276,1158,83649,1599,753,147463,2008-03-06 15:44:28,1,1,2019-02-05 17:05:03,Two Lee County students face felony charges in making threats at high and middle schools https://t.co/HVY9HrpAPH
77,1092816543371546624,14089276,1158,83649,1599,753,147463,2008-03-06 15:44:28,0,2,2019-02-05 16:05:42,"Who will win the Quashon Fuller sweepstakes? Will the FSU commit flip to Nick Saban, Alabama?… https://t.co/Liy3q1QQCM"
78,1092816522144169984,14089276,1158,83649,1599,753,147463,2008-03-06 15:44:28,0,2,2019-02-05 16:05:37,Sanibel's 11 best restaurants: JLB picks their island favorites https://t.co/BAzfQmeLB9 https://t.co/GjOJpQtCMN
79,1092808081522585600,14089276,1158,83649,1599,753,147463,2008-03-06 15:44:28,0,1,2019-02-05 15:32:04,Fort Myers police seek suspects in drive-by shooting that wounded one on Sumter Drive https://t.co/eW1o3PetDZ https://t.co/Dqj0b4k87A
80,1092778257764605953,14089276,1158,83649,1599,753,147463,2008-03-06 15:44:28,0,1,2019-02-05 13:33:34,"Rural North Fort Myers land will soon sprout homes and a huge lagoon, developer says, to some neighbors' horror… https://t.co/IXdvkHMIOz"
81,1092745917935960064,14089276,1158,83649,1599,753,147463,2008-03-06 15:44:28,5,15,2019-02-05 11:25:03,Blaze Pizza coming to Fort Myers: Fast-casual chain touts LeBron James as an investor https://t.co/UaXfAOHxdk https://t.co/YDhdrTtqnB
82,1092614804315922434,14089276,1158,83649,1599,753,147463,2008-03-06 15:44:28,0,3,2019-02-05 02:44:03,"Traffic shut down on northbound Fowler Street at Winkler Avenue for the next hour, police say… https://t.co/247UazOuBE"
83,1092606122865811456,14089276,1158,83649,1599,753,147463,2008-03-06 15:44:28,0,1,2019-02-05 02:09:33,Fire station near Six Mile Cypress Slough moves forward; Fort Myers council to move election to even years… https://t.co/yl9QwgwCLA
84,1092588631896649728,14089276,1158,83649,1599,753,147463,2008-03-06 15:44:28,1,1,2019-02-05 01:00:03,VR Labs trial to open in Fort Myers with jury selection on Tuesday https://t.co/UlsbRNYRyg https://t.co/rn2cwBwIZj
85,1092581089309274112,14089276,1158,83649,1599,753,147463,2008-03-06 15:44:28,0,2,2019-02-05 00:30:05,"Hundreds of Florida juvenile killers are eligible for sentencing do-overs and even freedom. How did we get here?

H… https://t.co/GGNiuBBowL"
86,1092570639892865024,14089276,1158,83649,1599,753,147463,2008-03-06 15:44:28,0,3,2019-02-04 23:48:34,Cape Coral council gives final approval for alcohol sales at Sun Splash https://t.co/jqEh8PcNyt https://t.co/9mdNqaoEgZ
87,1092523344094650368,14089276,1158,83649,1599,753,147463,2008-03-06 15:44:28,0,1,2019-02-04 20:40:37,Secret recording of local political figures revealed in court filing https://t.co/xfGM8oo9pb https://t.co/OnJQAlrVIZ
88,1092523333164294144,14089276,1158,83649,1599,753,147463,2008-03-06 15:44:28,0,1,2019-02-04 20:40:35,ECS football coach Tyler Gold leaves the program to take job take top job in Mississippi https://t.co/Ye5lPShMt1 https://t.co/8g5wSMtxJJ
89,1092516788162592768,14089276,1158,83649,1599,753,147463,2008-03-06 15:44:28,0,1,2019-02-04 20:14:34,Authorities investigating possible drive-by shooting at L.A. Great Auto Sales shop in Fort Myers… https://t.co/yI1rZryQaE
90,1092480546762969089,14089276,1158,83649,1599,753,147463,2008-03-06 15:44:28,2,7,2019-02-04 17:50:34,Arrest made in connection to threats of violence at North Fort Myers High School https://t.co/tQaFlB9X0a https://t.co/zEFCqBcnUG
91,1092454258513858561,14089276,1158,83649,1599,753,147463,2008-03-06 15:44:28,1,2,2019-02-04 16:06:06,Edison Festival of Light Grand Parade: Everything you need to know about the 2019 event https://t.co/p0xXeogyxp https://t.co/ep8eRBOUYH
92,1092444305262706688,14089276,1158,83649,1599,753,147463,2008-03-06 15:44:28,1,0,2019-02-04 15:26:33,Cape Coral police: Assault suspect led officers on 110 mph chase through city Sunday https://t.co/Hb7TgH494h
93,1092422527438209026,14089276,1158,83649,1599,753,147463,2008-03-06 15:44:28,0,0,2019-02-04 14:00:01,"“Pray for me, Suzy, Please.” Text message sent by 29-year-old woman to her best friend just before she went into su… https://t.co/3ck7eMYwfp"
94,1092406057492611073,14089276,1158,83649,1599,753,147463,2008-03-06 15:44:28,1,1,2019-02-04 12:54:34,New shark regulations expected to further protect Florida's shrinking population https://t.co/5EhiW5Latj https://t.co/N4OLqLxUeK
95,1092380888564883457,14089276,1158,83649,1599,753,147463,2008-03-06 15:44:28,0,3,2019-02-04 11:14:33,Opinion: Super Bowl MVP Julian Edelman shouldn’t even have been playing in the game https://t.co/Qc8rJG6LvB https://t.co/qQLj1SxWqH
96,1092379882703605760,14089276,1158,83649,1599,753,147463,2008-03-06 15:44:28,0,1,2019-02-04 11:10:34,FGCU researchers study everything from golf swings to cancer treatments https://t.co/eDRDe1Ap2S https://t.co/Z2yNGHGZD1
97,1092259087025287168,14089276,1158,83649,1599,753,147463,2008-03-06 15:44:28,1,2,2019-02-04 03:10:34,Patriots top Rams 13-3 to win sixth NFL title in lowest-scoring Super Bowl ever https://t.co/QptfuHdlGS https://t.co/ZPhdVBMbKL
98,1092239963129708544,14089276,1158,83649,1599,753,147463,2008-03-06 15:44:28,0,1,2019-02-04 01:54:34,'Nobody is above the team': Former Seminoles back FSU decision to cut Deondre Francois https://t.co/tfar7fTyip https://t.co/CvpTRQ56lt
99,1092198817368141824,14089276,1158,83649,1599,753,147463,2008-03-06 15:44:28,3,4,2019-02-03 23:11:04,Lee County Sheriff's Office places more resource officers at North Fort Myers High School https://t.co/yw6svtUpGE https://t.co/us5Kx2cSOX
100,1092181074719825920,14089276,1158,83649,1599,753,147463,2008-03-06 15:44:28,0,0,2019-02-03 22:00:34,Trial to begin in VR Labs scandal; one defendant points finger at the other https://t.co/2WXhZAP3fc https://t.co/sSnihcChtp
101,1092151762541105152,14089276,1158,83649,1599,753,147463,2008-03-06 15:44:28,0,0,2019-02-03 20:04:06,ArtFest Fort Myers artfully conducts 19th event despite huge downtown building project https://t.co/rcKBjuovUk https://t.co/0VkNO6V5rR
102,1092123316767191040,14089276,1158,83649,1599,753,147463,2008-03-06 15:44:28,0,1,2019-02-03 18:11:04,How should you invest in 2019? One chief investment officer offers his take in Naples https://t.co/DTU51KmQTV https://t.co/1w1JV4z9ga
103,1092091111462469632,14089276,1158,83649,1599,753,147463,2008-03-06 15:44:28,1,1,2019-02-03 16:03:05,Immokalee's JC Jackson joining list of Southwest Florida Super Bowl players https://t.co/2Q4E5JuNcc https://t.co/YbNLPRZgUJ
104,1092052103432826882,14089276,1158,83649,1599,753,147463,2008-03-06 15:44:28,0,1,2019-02-03 13:28:05,Skunk ape does exist; Proof of lore found in 3-D artist's property on Pine Island https://t.co/7dofDU6mg6 https://t.co/uDd4thxVaw
105,1092052094935228416,14089276,1158,83649,1599,753,147463,2008-03-06 15:44:28,3,0,2019-02-03 13:28:03,Immokalee's Edgerrin James once again denied bid to Pro Football Hall of Fame https://t.co/3UJQebwwg1
106,1091878329211219969,14089276,1158,83649,1599,753,147463,2008-03-06 15:44:28,0,0,2019-02-03 01:57:34,"As next Lake Boyz trial approaches, a look back at what's happened so far https://t.co/uTuw9BvACt https://t.co/QybNzWpgIP"
107,1091791884203089920,14089276,1158,83649,1599,753,147463,2008-03-06 15:44:28,0,0,2019-02-02 20:14:04,"Before scheduling a cosmetic surgery procedure, make sure you follow these 14 steps https://t.co/eHJQZ2aloK https://t.co/2I1J8luCh1"
108,1091788181605941250,14089276,1158,83649,1599,753,147463,2008-03-06 15:44:28,0,0,2019-02-02 19:59:21,Florida plastic surgery business recruited thousands of patients from across the country – mostly Hispanic and blac… https://t.co/S8P0DIwC71
109,1091779933943156736,14089276,1158,83649,1599,753,147463,2008-03-06 15:44:28,0,2,2019-02-02 19:26:35,Photos: Fun lessons at Strides for Education 5K https://t.co/AbqagWYFu3 https://t.co/mNiwVJPNmp
110,1091764956788183040,14089276,1158,83649,1599,753,147463,2008-03-06 15:44:28,2,8,2019-02-02 18:27:04,Cape Coral's new burrowing owl mascot predicts six more weeks of winter at Ground-Owl Day https://t.co/bE05avUzf5 https://t.co/B5Ehm5QiBr
111,1091741806763507712,14089276,1158,83649,1599,753,147463,2008-03-06 15:44:28,0,1,2019-02-02 16:55:04,Police investigating incident at Orlando International Airport https://t.co/XRsn66PR4P https://t.co/5Q5sileluZ
112,1091717016904335360,14089276,1158,83649,1599,753,147463,2008-03-06 15:44:28,0,0,2019-02-02 15:16:34,Hope for life-changing surgeries left some dead https://t.co/Bbv6BmmtGD https://t.co/7RU9s7aWLG
113,1091709718412779525,14089276,1158,83649,1599,753,147463,2008-03-06 15:44:28,0,2,2019-02-02 14:47:34,Manatees at Mote Marine Laboratory &amp; Aquarium make their predictions for Super Bowl LIII https://t.co/V2zO3oohh9 https://t.co/4Wd63yIjs4
114,1091705187348008960,14089276,1158,83649,1599,753,147463,2008-03-06 15:44:28,0,1,2019-02-02 14:29:34,Construction complete for Cape Coral's 47th Terrace streetscape project https://t.co/vhIvz0mmy5 https://t.co/p2YZFmTGvo
115,1091520359948533760,14089276,1158,83649,1599,753,147463,2008-03-06 15:44:28,1,3,2019-02-02 02:15:07,Hundreds of Florida lifers who were teens when they committed murder have been granted new sentencing hearings in h… https://t.co/Cimm1G5RnQ
116,1091487003277852672,14089276,1158,83649,1599,753,147463,2008-03-06 15:44:28,0,0,2019-02-02 00:02:35,"Seven local attorneys disciplined since August, including missing Zombicon attorney David Brener… https://t.co/2FlYdFUonH"
117,1091454278336565248,14089276,1158,83649,1599,753,147463,2008-03-06 15:44:28,0,0,2019-02-01 21:52:32,Prosecutors won't put convicted ex-commissioner on witness stand in VR Labs trial https://t.co/9UVKGTUtgm
118,1091388359220445184,14089276,1158,83649,1599,753,147463,2008-03-06 15:44:28,0,0,2019-02-01 17:30:36,Edison Fest: Pageant of Light ball moves from Fort Myers to Cape Coral https://t.co/WV6qbWMqXx https://t.co/Ibcj7iZ7w6
119,1091377538322984960,14089276,1158,83649,1599,753,147463,2008-03-06 15:44:28,0,0,2019-02-01 16:47:36,2019 off to a deadly start for Lee County roadways with 10 reported deaths https://t.co/Lg3zKxRMTg https://t.co/oNa4fGV6cy
120,1091353008833626114,14089276,1158,83649,1599,753,147463,2008-03-06 15:44:28,0,0,2019-02-01 15:10:08,Lee Health offers addiction treatment to stem opioid crisis https://t.co/dpkd6KKvWb https://t.co/yUzQM2FcfW
121,1091320261457002498,14089276,1158,83649,1599,753,147463,2008-03-06 15:44:28,1,1,2019-02-01 13:00:00,Florida plastic surgery clinics promoted a risky and increasingly popular and cosmetic procedure – Brazilian butt l… https://t.co/2zeqazEYWf
122,1091317915276570624,14089276,1158,83649,1599,753,147463,2008-03-06 15:44:28,2,0,2019-02-01 12:50:41,"Lee County's Top 10 Most Wanted include suspects in homicides, drug sales, burglary https://t.co/wo8hx8fkGJ https://t.co/rWhvcfyGhA"
123,1091317905134768130,14089276,1158,83649,1599,753,147463,2008-03-06 15:44:28,3,17,2019-02-01 12:50:38,"Pair of baby otters found at Punta Gorda development, taken to Sanibel rehab center https://t.co/nTnLtKjqrO https://t.co/zw9EMbaVEu"
124,1091317894682574848,14089276,1158,83649,1599,753,147463,2008-03-06 15:44:28,0,2,2019-02-01 12:50:36,"High school soccer: North Fort Myers, Estero, Bishop Verot Barron claim district titles https://t.co/efWwxrGR4O https://t.co/dvDHqu8dUT"
125,1091195841002360833,14089276,1158,83649,1599,753,147463,2008-03-06 15:44:28,0,0,2019-02-01 04:45:36,Photos: Shooting near Franklin Park Elementary https://t.co/KU7jLkEWwd https://t.co/iujvGAUKdP
126,1091131404253982721,14089276,1158,83649,1599,753,147463,2008-03-06 15:44:28,0,1,2019-02-01 00:29:33,Fort Myers city manager answers questions about new fire station https://t.co/mGYU97CkIZ
127,1091105240995131392,14089276,1158,83649,1599,753,147463,2008-03-06 15:44:28,6,1,2019-01-31 22:45:35,Eight more dolphins found stranded in Lee County https://t.co/JQRBIjJKWl
128,1091094807710072832,14089276,1158,83649,1599,753,147463,2008-03-06 15:44:28,1,1,2019-01-31 22:04:08,"Authorities arrest 15 in operation targeting opioids, other drugs in Bonita Springs https://t.co/sJxlvJt0x4 https://t.co/pZgDSlCtoc"
129,1091087013254553600,14089276,1158,83649,1599,753,147463,2008-03-06 15:44:28,0,0,2019-01-31 21:33:10,"'It's a mess': Fort Myers road construction projects causing traffic, impacting local businesses… https://t.co/4H41prtWHL"
130,1091072022258405376,14089276,1158,83649,1599,753,147463,2008-03-06 15:44:28,0,0,2019-01-31 20:33:35,Council to weigh allowing more multifamily housing in southwest Cape Coral https://t.co/De2TGfa2PQ https://t.co/TfDa2S5iyh
131,1091057425690562563,14089276,1158,83649,1599,753,147463,2008-03-06 15:44:28,0,1,2019-01-31 19:35:35,"Gov. @RonDeSantisFL announces executive order to eliminate vestiges of Common Core
https://t.co/I1VZI9IUgT via @Thyrie"
132,1091003818563665921,14089276,1158,83649,1599,753,147463,2008-03-06 15:44:28,0,2,2019-01-31 16:02:34,Malia Island Fusion on Sanibel has our critic cautiously giddy — JLB review https://t.co/8jsZHqNall https://t.co/jMCZnBJfJj
133,1090989875095003136,14089276,1158,83649,1599,753,147463,2008-03-06 15:44:28,0,0,2019-01-31 15:07:10,This business helped transform Miami into a national plastic surgery destination. Eight women died.… https://t.co/BEftv56Kwd
134,1090984705724317696,14089276,1158,83649,1599,753,147463,2008-03-06 15:44:28,4,0,2019-01-31 14:46:38,"Rare Bryde's whale found dead in Florida Bay, cause of death still unknown https://t.co/iWwrQq8eAR https://t.co/ISanCSP5K9"
135,1090980521377783808,14089276,1158,83649,1599,753,147463,2008-03-06 15:44:28,0,0,2019-01-31 14:30:00,"NEW EPISODE 🎧

In a new legal twist in a case that’s already gone through four murder trials and four death sentenc… https://t.co/XOVg4WwazL"
136,1090929719518801922,14089276,1158,83649,1599,753,147463,2008-03-06 15:44:28,1,2,2019-01-31 11:08:08,"Edison Festival of Light 2019 events: Parades, car shows, concerts, festivals, runs and more https://t.co/vWlcm8hK8H https://t.co/BwMjSQhCWx"
137,1090914980596072449,14089276,1158,83649,1599,753,147463,2008-03-06 15:44:28,2,3,2019-01-31 10:09:34,"Young mothers, blue-collar clerks, all promised life-changing plastic surgeries - and died. https://t.co/JUOdKLdYEc"
138,1090914977559367680,14089276,1158,83649,1599,753,147463,2008-03-06 15:44:28,1,2,2019-01-31 10:09:33,This business helped transform Miami into a national plastic surgery destination. Eight women died. https://t.co/vGlvJdmc9A
139,1090760969658163200,14089276,1158,83649,1599,753,147463,2008-03-06 15:44:28,0,0,2019-01-30 23:57:35,"Lehigh Acres girl, 14, charged with grand theft auto after stealing Papa John driver's car https://t.co/KyG3tqTiYs"
140,1090754049073328128,14089276,1158,83649,1599,753,147463,2008-03-06 15:44:28,2,18,2019-01-30 23:30:05,"Last Chance U's Brittany Wagner steps out of spotlight of Netflix, into the classroom at South Fort Myers… https://t.co/YPsUnqs0A5"
141,1090750049867333632,14089276,1158,83649,1599,753,147463,2008-03-06 15:44:28,0,0,2019-01-30 23:14:11,Crime Stoppers seeks info on driver of black car connected to Lehigh homicide https://t.co/kcFdC2d599 https://t.co/RxAcdjNH4t
142,1090731528382930944,14089276,1158,83649,1599,753,147463,2008-03-06 15:44:28,1,1,2019-01-30 22:00:35,"CCPD: Crash victim had credit cards stolen from scene, now looking for suspects https://t.co/TrSNjYFR3K"
143,1090725631267004416,14089276,1158,83649,1599,753,147463,2008-03-06 15:44:28,4,5,2019-01-30 21:37:09,Pico the mako shark pings off coast of Naples with great white sharks Nova and Cabot https://t.co/ufhzYHI87F https://t.co/shJPvRLho0
144,1090710521894981632,14089276,1158,83649,1599,753,147463,2008-03-06 15:44:28,0,0,2019-01-30 20:37:07,‘War is hell’: North Naples World War II vet recalls service in South Pacific https://t.co/j0d2beFqgl https://t.co/cvy3aGhG63
145,1090706101987725314,14089276,1158,83649,1599,753,147463,2008-03-06 15:44:28,0,0,2019-01-30 20:19:33,Ex-FSW provost files lawsuit against woman who accused of him of sexual misconduct https://t.co/BCRG6jjaXp
146,1090703091156971521,14089276,1158,83649,1599,753,147463,2008-03-06 15:44:28,0,1,2019-01-30 20:07:35,"SFWMD board Chair Federico Fernandez, member Jaime Weisinger resign as DeSantis asked https://t.co/YrP2V359rs https://t.co/yJxI2bTEdp"
147,1090703081870843904,14089276,1158,83649,1599,753,147463,2008-03-06 15:44:28,0,0,2019-01-30 20:07:33,Mystery tunnel found pointing toward Florida bank branch https://t.co/wQSAPk81AG
148,1090683204716048384,14089276,1158,83649,1599,753,147463,2008-03-06 15:44:28,5,13,2019-01-30 18:48:34,Watch: Special needs wrestler wins Senior Night match https://t.co/KDGjQcsoFG https://t.co/w9Pzsm08F2
149,1090634641810157570,14089276,1158,83649,1599,753,147463,2008-03-06 15:44:28,0,0,2019-01-30 15:35:36,"LYNQ restaurant in south Fort Myers has Blu Sushi roots, worldly menu https://t.co/IBVeHz5Lm0 https://t.co/DVQfcz3sVv"
150,1090591238963621888,14089276,1158,83649,1599,753,147463,2008-03-06 15:44:28,0,2,2019-01-30 12:43:08,"Red tide still clinging to northern Lee, Charlotte counties as end of the season approaches https://t.co/niZuqa37MU https://t.co/zB6Qe1dA3c"
151,1090574995925815296,14089276,1158,83649,1599,753,147463,2008-03-06 15:44:28,0,3,2019-01-30 11:38:35,"John Boehner in Collier: ‘Donald Trump, in my view, by and large, has done the right things’ https://t.co/O83mPQMR2c https://t.co/Q9aLjGQVJq"
152,1090566967755341826,14089276,1158,83649,1599,753,147463,2008-03-06 15:44:28,0,1,2019-01-30 11:06:41,7 offbeat Fort Myers restaurants you NEED to find — JLB Picks https://t.co/vl3m24Zjnf https://t.co/RlRhrwfeOd
153,1090566948914491393,14089276,1158,83649,1599,753,147463,2008-03-06 15:44:28,0,2,2019-01-30 11:06:37,Think you can sing the anthem? Here's how https://t.co/qaknmClKu4 https://t.co/UWgN16ZE9Q
154,1090424755902046213,14089276,1158,83649,1599,753,147463,2008-03-06 15:44:28,0,0,2019-01-30 01:41:35,FHP seeking info on driver who struck bus full of kids Tuesday in Lehigh Acres https://t.co/UJG6GYUXXO https://t.co/fsSZNzNPsw
155,1090412422341382144,14089276,1158,83649,1599,753,147463,2008-03-06 15:44:28,2,4,2019-01-30 00:52:35,Gov. Ron DeSantis calls for $625 million for water projects in environmental priorities https://t.co/Ln0qdo2LWW https://t.co/Sh1xnbuf3r
156,1090389283553169409,14089276,1158,83649,1599,753,147463,2008-03-06 15:44:28,2,1,2019-01-29 23:20:38,What are farmers saying about Ron DeSantis' environmental policy? https://t.co/pdQsbBjOQ4 https://t.co/Z5M6isUDqM
157,1090368518640459776,14089276,1158,83649,1599,753,147463,2008-03-06 15:44:28,1,3,2019-01-29 21:58:07,Cabot the great white shark joins Nova in the Gulf of Mexico https://t.co/S90huTK27o https://t.co/htrXau9WRj
158,1090364612711600129,14089276,1158,83649,1599,753,147463,2008-03-06 15:44:28,3,4,2019-01-29 21:42:36,Bucs to the top: FSW men's basketball No. 1 in NJCAA poll for first time in program history https://t.co/Ul3McicDS4 https://t.co/klj1ozqWC4
159,1090346238757593088,14089276,1158,83649,1599,753,147463,2008-03-06 15:44:28,0,0,2019-01-29 20:29:35,CCPD: Drunken driver in crash that injured pedestrians accepts 5-year plea deal https://t.co/Bk48L9TVQw https://t.co/T92npkPa6B
160,1090329886227554304,14089276,1158,83649,1599,753,147463,2008-03-06 15:44:28,0,0,2019-01-29 19:24:36,FHP: Construction not to blame in SR 82 crash that killed two https://t.co/85H4UkQayJ https://t.co/dnE7k0o0hX
161,1090322581238906880,14089276,1158,83649,1599,753,147463,2008-03-06 15:44:28,0,3,2019-01-29 18:55:35,Gov. Ron DeSantis nominates Sanibel councilman for SFWMD board https://t.co/w1z3yJjaLd https://t.co/JyxUlLdBl1
162,1090298818250268674,14089276,1158,83649,1599,753,147463,2008-03-06 15:44:28,0,1,2019-01-29 17:21:09,"Actor Paul Reiser returns to his first love, stand-up comedy, at Fort Myers' Mann Hall https://t.co/5HHbnKxGY2"
163,1090281825660891136,14089276,1158,83649,1599,753,147463,2008-03-06 15:44:28,0,5,2019-01-29 16:13:38,Topgolf plans to move to stretch of land on Colonial Boulevard off I-75 in Fort Myers https://t.co/VxOrVf9v9Y
164,1090281817721040896,14089276,1158,83649,1599,753,147463,2008-03-06 15:44:28,0,0,2019-01-29 16:13:36,Lunar New Year 2019: Ring in the Year of the Pig at these Fort Myers and Naples restaurants https://t.co/0maRi8AJoi https://t.co/591zjlEJip
165,1090274012792418304,14089276,1158,83649,1599,753,147463,2008-03-06 15:44:28,0,0,2019-01-29 15:42:35,Injury crash blocks northbound lanes of Summerlin Road at Park Meadows Drive in Fort Myers https://t.co/2YxpUcSEAe
166,1090237418299510786,14089276,1158,83649,1599,753,147463,2008-03-06 15:44:28,1,0,2019-01-29 13:17:10,More winter travel woes: Tuesday flight cancellations top 900 nationwide https://t.co/fJhPG7dYXx https://t.co/7TmqTkHryv
167,1090229469543952384,14089276,1158,83649,1599,753,147463,2008-03-06 15:44:28,0,1,2019-01-29 12:45:35,"Skillets opens in Fort Myers with scratch-made waffles, Benedicts, corned beef and more https://t.co/92Xjmi8AX2 https://t.co/BFqvUSXk0O"
168,1090204545077063681,14089276,1158,83649,1599,753,147463,2008-03-06 15:44:28,0,2,2019-01-29 11:06:33,La Trattoria Cafe Napoli in Fort Myers has our critic (still) in love — JLB in 3 Tweets https://t.co/0mVqA03fKc
169,1090201037389029376,14089276,1158,83649,1599,753,147463,2008-03-06 15:44:28,0,0,2019-01-29 10:52:36,Search on for suspect who allegedly beat 68-year-old in McDonald's restroom https://t.co/suinjzSctG https://t.co/rnANDM7tIN
170,1090055685126193152,14089276,1158,83649,1599,753,147463,2008-03-06 15:44:28,0,0,2019-01-29 01:15:02,"From baby monster to baby angel.

Listen to episode 3 of @UncertainTerms now: https://t.co/cjZU9oy0eJ https://t.co/cU0LJClHkF"
171,1090051793533333505,14089276,1158,83649,1599,753,147463,2008-03-06 15:44:28,0,0,2019-01-29 00:59:34,"Four people serious, one critical in two-vehicle crash on state Road 80 by forestry center https://t.co/AaRr9NyupT https://t.co/5lqo32p16W"
172,1090025121744531456,14089276,1158,83649,1599,753,147463,2008-03-06 15:44:28,0,0,2019-01-28 23:13:35,"Lee panel urges killing 2,000-foot buffer between mines and homes https://t.co/CNk3dJtNgS https://t.co/RtJ2sGixwx"
173,1090008901481713664,14089276,1158,83649,1599,753,147463,2008-03-06 15:44:28,0,0,2019-01-28 22:09:08,Attorney: Oasis standout Taylon Hutchins' 6-week suspension is a case of mistaken identity https://t.co/nuDcE3mKhk https://t.co/HCntlBBIC8
174,1090002612919754752,14089276,1158,83649,1599,753,147463,2008-03-06 15:44:28,0,0,2019-01-28 21:44:08,CCPD: Angry condo owner sucker punched man looking for missing cellphone https://t.co/S3Wvd6whB0 https://t.co/Pt5YeaLipi
175,1089939947476332544,14089276,1158,83649,1599,753,147463,2008-03-06 15:44:28,1,0,2019-01-28 17:35:08,Cape Coral Council to discuss allowing alcohol at Sun Splash water park https://t.co/w1QgqDb6pO https://t.co/soxbSZjl0C
176,1089923681038536704,14089276,1158,83649,1599,753,147463,2008-03-06 15:44:28,0,0,2019-01-28 16:30:30,You can listen to the first three episodes of @UncertainTerms on your favorite podcast app. https://t.co/oFSZilY20U
177,1089916150597615619,14089276,1158,83649,1599,753,147463,2008-03-06 15:44:28,0,0,2019-01-28 16:00:34,What were the top 10 coolest Naples wine fest auction lots? https://t.co/E1KMwtz9r9 https://t.co/ANG1FW6G86
178,1089913771588444160,14089276,1158,83649,1599,753,147463,2008-03-06 15:44:28,0,0,2019-01-28 15:51:07,"Fort Myers gets close to four inches of rain Sunday, setting new one-day record for January https://t.co/Jds1zle4hN"
179,1089891986268540928,14089276,1158,83649,1599,753,147463,2008-03-06 15:44:28,0,2,2019-01-28 14:24:33,"Low Lake Okeechobee levels have some concerned, others hopeful https://t.co/nYR42nZP9F"
180,1089866745408499712,14089276,1158,83649,1599,753,147463,2008-03-06 15:44:28,0,3,2019-01-28 12:44:15,Cape Coral planning to replace more than 100 trees downed by Hurricane Irma https://t.co/VPrE1TkcWq https://t.co/Eerjob5oxC
181,1089866734738104320,14089276,1158,83649,1599,753,147463,2008-03-06 15:44:28,0,2,2019-01-28 12:44:12,"Restaurant inspections: Liki Tiki BBQ, local seafood restaurants accrue 20+ violations https://t.co/B2S9E7LB7t https://t.co/9vqLWp9VCw"
182,1089842419409928192,14089276,1158,83649,1599,753,147463,2008-03-06 15:44:28,0,0,2019-01-28 11:07:35,Fatal crash closes portion of State Road 82 near Daniels Parkway https://t.co/b4gbUVnzgB https://t.co/R1LFcgn9RR
183,1089711051203960832,14089276,1158,83649,1599,753,147463,2008-03-06 15:44:28,0,2,2019-01-28 02:25:35,Sebring shooting victims honored at vigil https://t.co/aC0VldOCAe https://t.co/bN4nxjmdQi
184,1089697964153425921,14089276,1158,83649,1599,753,147463,2008-03-06 15:44:28,0,0,2019-01-28 01:33:34,"Sebring comes together, strong, to remember five women gunned down in random shooting https://t.co/CJkH5isLTF https://t.co/HDYaMWxZAP"
