Index,ID,User_ID,Friends_Count,Followers_Count,Favourites_Count,Listed_Count,Status_Count,Created_at,Retweet_Count,Favourite_Count,Created_at,Text
1,1094745371442589697,13323862,477,25737,76,274,20014,2008-02-10 21:54:48,0,0,2019-02-10 23:50:10,"VIDEO: In the past 20 years, about 380 Southern Baptist church leaders and volunteers have faced allegations of sex… https://t.co/J4pcyUdToP"
2,1094742910707347456,13323862,477,25737,76,274,20014,2008-02-10 21:54:48,0,1,2019-02-10 23:40:23,San Antonio centenarians reveal secrets of longevity https://t.co/xCR0ihB4Lw
3,1094734271238021121,13323862,477,25737,76,274,20014,2008-02-10 21:54:48,0,0,2019-02-10 23:06:04,Los TexManiacs sing from the heart on Grammy-nominated album https://t.co/MXzZajI0KJ
4,1094706639675052032,13323862,477,25737,76,274,20014,2008-02-10 21:54:48,1,1,2019-02-10 21:16:16,South San Antonio ISD board wants schools reopened — fast https://t.co/a2I0TJMROr
5,1094627354977226752,13323862,477,25737,76,274,20014,2008-02-10 21:54:48,17,14,2019-02-10 16:01:13,"20 years, 700 victims: Southern Baptist sexual abuse spreads as leaders resist reforms - https://t.co/9DyzKtgSbE https://t.co/Gt27m92O2P"
6,1094457470364409856,13323862,477,25737,76,274,20014,2008-02-10 21:54:48,6,11,2019-02-10 04:46:09,San Antonio Commanders open Alliance play with win against San Diego Fleet https://t.co/sW4iatyFaC
7,1094443680130363393,13323862,477,25737,76,274,20014,2008-02-10 21:54:48,1,3,2019-02-10 03:51:21,Texas wallops West Virginia https://t.co/FbaXFkaehX
8,1094436749173026817,13323862,477,25737,76,274,20014,2008-02-10 21:54:48,2,1,2019-02-10 03:23:49,Spurs winless on painful rodeo road trip https://t.co/pFvJgOrFHD
9,1094417622748352513,13323862,477,25737,76,274,20014,2008-02-10 21:54:48,1,2,2019-02-10 02:07:49,Spurs notebook: Gasol doing best to accept limited role https://t.co/LKlbLnDGMY
10,1094408893369929728,13323862,477,25737,76,274,20014,2008-02-10 21:54:48,1,1,2019-02-10 01:33:07,‘Dynamic Duo’ power UTSA to 10th straight home win https://t.co/RNlUvq3dT2
11,1094404056112603136,13323862,477,25737,76,274,20014,2008-02-10 21:54:48,3,5,2019-02-10 01:13:54,"In NBA soap opera, everybody plays a role https://t.co/ZjJCPB8vyd"
12,1094396688779878401,13323862,477,25737,76,274,20014,2008-02-10 21:54:48,1,1,2019-02-10 00:44:38,Writers’ Roundtable: Why did the Spurs stand pat at the trade deadline? https://t.co/m2GjSyadK1
13,1094395008319438848,13323862,477,25737,76,274,20014,2008-02-10 21:54:48,2,4,2019-02-10 00:37:57,Rich cultures of Asia celebrated at San Antonio’s 2019 Asian Festival https://t.co/AFFlsxFsy2
14,1094382851192225792,13323862,477,25737,76,274,20014,2008-02-10 21:54:48,2,1,2019-02-09 23:49:39,Fire union support will be mixed blessing for Brockhouse https://t.co/CVyemBqny3
15,1094379341667028992,13323862,477,25737,76,274,20014,2008-02-10 21:54:48,3,4,2019-02-09 23:35:42,Brockhouse announces mayoral run https://t.co/IjlEDreLBT
16,1094298007644921857,13323862,477,25737,76,274,20014,2008-02-10 21:54:48,2,2,2019-02-09 18:12:30,San Antonio poet’s home preserved as cultural arts venue https://t.co/LqlktUVLza
17,1094294872838696961,13323862,477,25737,76,274,20014,2008-02-10 21:54:48,851,1020,2019-02-09 18:00:03,"As Southern Baptist leaders reject reforms, sexual abuse continues to spread. Read part 1 of ""Abuse of Faith,"" our… https://t.co/7myul6Z4sK"
18,1094252861834383360,13323862,477,25737,76,274,20014,2008-02-10 21:54:48,4,1,2019-02-09 15:13:07,St. Mary’s project seeks federal nod to interned German Americans https://t.co/NTkk2y3qJs
19,1094191899739598849,13323862,477,25737,76,274,20014,2008-02-10 21:54:48,3,3,2019-02-09 11:10:52,Major tech redevelopment coming to San Antonio’s East Side https://t.co/RJ27JebNdf
20,1094111062847295488,13323862,477,25737,76,274,20014,2008-02-10 21:54:48,1,1,2019-02-09 05:49:39,San Antonio Rampage open road trip with loss to Iowa Wild https://t.co/YYjCVHrXmB
21,1094071291227840514,13323862,477,25737,76,274,20014,2008-02-10 21:54:48,1,1,2019-02-09 03:11:37,Joyful Matt Coleman driving force for Texas https://t.co/E3lzbo57Gh
22,1094066201909776384,13323862,477,25737,76,274,20014,2008-02-10 21:54:48,2,1,2019-02-09 02:51:23,Prosecutors claim King Jay’s grandmother lied in past and describe her as ‘a danger to society’ https://t.co/1Fya4gnaN1
23,1094045293472083968,13323862,477,25737,76,274,20014,2008-02-10 21:54:48,1,1,2019-02-09 01:28:18,"Ebersol, Polian hoping focus on football leads to successful Alliance https://t.co/df5CAOgiv0"
24,1094031438687715328,13323862,477,25737,76,274,20014,2008-02-10 21:54:48,1,1,2019-02-09 00:33:15,How Spurs’ Poeltl found collegiate home in Utah https://t.co/MLjhRqH6ET
25,1094026097333882886,13323862,477,25737,76,274,20014,2008-02-10 21:54:48,5,17,2019-02-09 00:12:02,DeRozan calls for ‘desperate’ effort against Utah https://t.co/AuFXMqvfim
26,1094019203504488450,13323862,477,25737,76,274,20014,2008-02-10 21:54:48,0,1,2019-02-08 23:44:38,Surprise best-sellers at a local bookstore harken from the ancient past https://t.co/cnLskKLYRw
27,1094015764439416832,13323862,477,25737,76,274,20014,2008-02-10 21:54:48,0,0,2019-02-08 23:30:58,San Antonio’s Acelity slashing 260 jobs https://t.co/1wiGBJuNbh
28,1093984664237338625,13323862,477,25737,76,274,20014,2008-02-10 21:54:48,0,1,2019-02-08 21:27:23,"San Antonio Mexican food producer in dire financial straits, bank alleges https://t.co/vNS6NFU4yj"
29,1093977703592706049,13323862,477,25737,76,274,20014,2008-02-10 21:54:48,0,2,2019-02-08 20:59:44,Judge’s ruling preserves golden-cheeked warbler protections near San Antonio https://t.co/tN6V5Oc5XF
30,1093956851979436032,13323862,477,25737,76,274,20014,2008-02-10 21:54:48,0,0,2019-02-08 19:36:52,San Antonio’s party robots are dancing onto a national stage https://t.co/VMJosDLjsU
31,1093933196771762178,13323862,477,25737,76,274,20014,2008-02-10 21:54:48,0,1,2019-02-08 18:02:53,"Alliance of American Football aims for high-scoring, quick games https://t.co/NA7xWoxGKZ"
32,1093929776161718273,13323862,477,25737,76,274,20014,2008-02-10 21:54:48,1,1,2019-02-08 17:49:17,Immigration makes Texas richer https://t.co/P6ox2UBDTA
33,1093924606552010752,13323862,477,25737,76,274,20014,2008-02-10 21:54:48,0,0,2019-02-08 17:28:44,Podcast: Final sentencing for gruesome murder and dismemberment https://t.co/FUe1Dxe5GF
34,1093914092820201472,13323862,477,25737,76,274,20014,2008-02-10 21:54:48,1,0,2019-02-08 16:46:58,Are robots coming for your job? Maybe https://t.co/aEya990wir
35,1093903543013199873,13323862,477,25737,76,274,20014,2008-02-10 21:54:48,1,1,2019-02-08 16:05:03,"As health plan costs hit $1,000 a month, teachers take side jobs, delay care https://t.co/nhU29h7wTB"
36,1093889622424338432,13323862,477,25737,76,274,20014,2008-02-10 21:54:48,0,1,2019-02-08 15:09:44,Kids groom livestock projects as S.A. Stock Show &amp; Rodeo gets rolling https://t.co/guuHTtqzzP
37,1093860393427132417,13323862,477,25737,76,274,20014,2008-02-10 21:54:48,0,0,2019-02-08 13:13:35,Controlling scale and aphids will control sooty mold https://t.co/PJtXaGsZrl
38,1093844784232480769,13323862,477,25737,76,274,20014,2008-02-10 21:54:48,0,0,2019-02-08 12:11:33,San Antonio rep wants to repeal law that created voter-purge fiasco https://t.co/pC8y5O0vTc
39,1093753545503969281,13323862,477,25737,76,274,20014,2008-02-10 21:54:48,0,0,2019-02-08 06:09:00,Blazers’ backcourt overwhelms Spurs https://t.co/b3AVCNkgOf
40,1093741336904241152,13323862,477,25737,76,274,20014,2008-02-10 21:54:48,0,1,2019-02-08 05:20:30,Keaton Wallace’s dunk highlights UTSA’s blowout win against FIU https://t.co/7ksOxSq7vG
41,1093713484863414272,13323862,477,25737,76,274,20014,2008-02-10 21:54:48,1,0,2019-02-08 03:29:49,Walker learns the hard way how far he has to go https://t.co/z8Twpn6tx0
42,1093710047224438785,13323862,477,25737,76,274,20014,2008-02-10 21:54:48,0,0,2019-02-08 03:16:10,Will San Antonio become the fifth major city accredited by the Fire Accreditation International? https://t.co/N1n8Ub7Yrp
43,1093698026147852288,13323862,477,25737,76,274,20014,2008-02-10 21:54:48,0,0,2019-02-08 02:28:24,Different strokes for two top area swimmers https://t.co/x6g1NagQmH
44,1093691093902868480,13323862,477,25737,76,274,20014,2008-02-10 21:54:48,3,5,2019-02-08 02:00:51,"Preserving present and future, Spurs stand pat https://t.co/8lqVPTyIs9"
45,1093684150836563968,13323862,477,25737,76,274,20014,2008-02-10 21:54:48,1,1,2019-02-08 01:33:15,"Commanders, Alliance of American Football making early impact on San Antonio https://t.co/6LF0PqRFil"
46,1093673255683145731,13323862,477,25737,76,274,20014,2008-02-10 21:54:48,13,14,2019-02-08 00:49:58,"As Southern Baptist leaders reject reforms, sexual abuse continues to spread. Read part 1 of ""Abuse of Faith,"" our… https://t.co/6HpfrpVY3G"
47,1093667060746469376,13323862,477,25737,76,274,20014,2008-02-10 21:54:48,0,0,2019-02-08 00:25:21,"Outside the Box, Feb. 8 https://t.co/dc2Q9y8pdX"
48,1093596006082641920,13323862,477,25737,76,274,20014,2008-02-10 21:54:48,1,0,2019-02-07 19:43:00,One of Texas’ oldest music stores turns 90 https://t.co/pvQe4CJo2M
49,1093581106748760064,13323862,477,25737,76,274,20014,2008-02-10 21:54:48,0,1,2019-02-07 18:43:48,Presidential candidate Julian Castro says he believes accuser of Virginia's lieutenant governor https://t.co/R2Ly60vHat
50,1093573504275021824,13323862,477,25737,76,274,20014,2008-02-10 21:54:48,2,2,2019-02-07 18:13:35,Commanders’ Aaron Green ready to represent San Antonio https://t.co/6Yrf6WPsDB
51,1093571773994618883,13323862,477,25737,76,274,20014,2008-02-10 21:54:48,1,0,2019-02-07 18:06:43,"Fried chicken, tacos planned for South Side retail development opening this summer https://t.co/XWyIJ65zQC"
52,1093559627730599937,13323862,477,25737,76,274,20014,2008-02-10 21:54:48,0,1,2019-02-07 17:18:27,Review: No Southern stars for Mr. C’s Fried Chicken &amp; Waffles in San Antonio https://t.co/4hBut0ppkC
53,1093513150383689731,13323862,477,25737,76,274,20014,2008-02-10 21:54:48,1,1,2019-02-07 14:13:46,Gun debate overshadows San Antonio area school district’s quiet progress on security https://t.co/5tMbu4fkGx
54,1093482332131127297,13323862,477,25737,76,274,20014,2008-02-10 21:54:48,1,1,2019-02-07 12:11:18,Third year is the charm for college rodeo events https://t.co/lZShCnAiFt
55,1093361901218816000,13323862,477,25737,76,274,20014,2008-02-10 21:54:48,0,0,2019-02-07 04:12:45,Texas nearly leads wire-to-wire in win over Baylor https://t.co/0TjEX2zadx
56,1093351632899923968,13323862,477,25737,76,274,20014,2008-02-10 21:54:48,0,0,2019-02-07 03:31:57,Senators hush critics at first property tax reform hearing https://t.co/LAoCWZakOq
57,1093349957489356800,13323862,477,25737,76,274,20014,2008-02-10 21:54:48,0,0,2019-02-07 03:25:17,Pop expects quiet trade deadline day for Spurs https://t.co/9nRSOUzQNW
58,1093334488443174912,13323862,477,25737,76,274,20014,2008-02-10 21:54:48,0,2,2019-02-07 02:23:49,Texas puts together top-3 class for second straight year https://t.co/T9oHWKelOO
59,1093329288970031105,13323862,477,25737,76,274,20014,2008-02-10 21:54:48,0,0,2019-02-07 02:03:10,GI footprint for Trump’s border mission to grow https://t.co/EX7ic5HidJ
60,1093325855680548865,13323862,477,25737,76,274,20014,2008-02-10 21:54:48,0,0,2019-02-07 01:49:31,Texas A&amp;M benefits from early signing period https://t.co/PPkQH8aovl
61,1093324103405191169,13323862,477,25737,76,274,20014,2008-02-10 21:54:48,1,0,2019-02-07 01:42:33,San Antonio’s Confluence Park honored for design https://t.co/U9fObkRNWB
62,1093308520424984576,13323862,477,25737,76,274,20014,2008-02-10 21:54:48,0,0,2019-02-07 00:40:38,Cisneros distances new investment firm from ConnectSA https://t.co/EkzHwHcLKP
63,1093286085826936839,13323862,477,25737,76,274,20014,2008-02-10 21:54:48,0,0,2019-02-06 23:11:29,Texas puts together top-3 class for second straight year https://t.co/R5bAFxMraw
64,1093265260063195137,13323862,477,25737,76,274,20014,2008-02-10 21:54:48,0,1,2019-02-06 21:48:44,Can the Alliance of American Football provide paths to NFL? https://t.co/pGQG1x7fEk
65,1093235561488437249,13323862,477,25737,76,274,20014,2008-02-10 21:54:48,0,1,2019-02-06 19:50:43,San Antonio Christian TE wants to chase big dreams at Michigan https://t.co/blB1wQ4FyA
66,1093232032740724739,13323862,477,25737,76,274,20014,2008-02-10 21:54:48,0,1,2019-02-06 19:36:42,Pop a bottle of bubbly pét-nat this Valentine’s Day instead of Champagne https://t.co/XS0wLKZxrY
67,1093228504865538048,13323862,477,25737,76,274,20014,2008-02-10 21:54:48,0,0,2019-02-06 19:22:41,Former San Antonio Councilman Ray Lopez has raised more money than his four Texas House competitors — combined https://t.co/g1oozEIcLb
68,1093224951040147456,13323862,477,25737,76,274,20014,2008-02-10 21:54:48,1,0,2019-02-06 19:08:34,Listen: How does losing Derrick White hurt the Spurs? https://t.co/4w7UUWM3NS
69,1093219690061746178,13323862,477,25737,76,274,20014,2008-02-10 21:54:48,0,0,2019-02-06 18:47:39,Success comes early for Cotulla barrel racer Hailey Kinsel https://t.co/iJ9Az9iZ13
70,1093214542044241922,13323862,477,25737,76,274,20014,2008-02-10 21:54:48,0,1,2019-02-06 18:27:12,"UTSA’s Jhivvan Jackson, Keaton Wallace playing at blistering pace https://t.co/yjMeoN8Xod"
71,1093211005486854144,13323862,477,25737,76,274,20014,2008-02-10 21:54:48,0,0,2019-02-06 18:13:09,A perfect cocktail-charcuterie pairing for Valentine’s Day https://t.co/u9i10cnB9b
72,1093205699390328833,13323862,477,25737,76,274,20014,2008-02-10 21:54:48,0,0,2019-02-06 17:52:04,Everything you need to know about cooking with booze https://t.co/VDJPCmUjGM
73,1093200598722363392,13323862,477,25737,76,274,20014,2008-02-10 21:54:48,0,0,2019-02-06 17:31:48,Recipe: Seared Scallops with Onions and Rum https://t.co/DcNGNFJhrL
74,1093199783420981248,13323862,477,25737,76,274,20014,2008-02-10 21:54:48,0,0,2019-02-06 17:28:33,Recipe: Glazed Carrots with Cognac Butter https://t.co/bsBbs1tynm
75,1093198632680067072,13323862,477,25737,76,274,20014,2008-02-10 21:54:48,0,0,2019-02-06 17:23:59,Recipe: Chocolate Whiskey Bundt Cake https://t.co/8yrEm7ApBD
76,1093181304747814912,13323862,477,25737,76,274,20014,2008-02-10 21:54:48,0,5,2019-02-06 16:15:08,Darius Rucker will switch to rock again after his San Antonio Rodeo country music concert https://t.co/sTwNH2KIsP
77,1093165566926434304,13323862,477,25737,76,274,20014,2008-02-10 21:54:48,0,0,2019-02-06 15:12:35,Podcast: Loco for fideo and an old-school Texas barbecue cut https://t.co/Rm4dpgfGFS
78,1093120680940445696,13323862,477,25737,76,274,20014,2008-02-10 21:54:48,1,0,2019-02-06 12:14:14,Vaqueros’ performance to open San Antonio Stock Show and Rodeo https://t.co/pLdHw6Lby0
79,1092992585512243200,13323862,477,25737,76,274,20014,2008-02-10 21:54:48,0,1,2019-02-06 03:45:13,Riders on horseback head to the San Antonio Stock Show &amp; Rodeo from Eagle Pass https://t.co/FYQXhqeCyK
80,1092985712197160961,13323862,477,25737,76,274,20014,2008-02-10 21:54:48,3,0,2019-02-06 03:17:55,San Antonio doctor killed while cycling remembered for surgical skill and wit https://t.co/wxghoDIZb0
81,1092973562229592064,13323862,477,25737,76,274,20014,2008-02-10 21:54:48,1,3,2019-02-06 02:29:38,"San Antonio Commanders, Alliance of American Football hope to build sustainable league https://t.co/W3WsgjuZy7"
82,1092949424781910017,13323862,477,25737,76,274,20014,2008-02-10 21:54:48,3,2,2019-02-06 00:53:43,"Migrant caravan of 1,800 is the first to reach the Texas border https://t.co/xOvnabMMDI"
83,1092935702503964672,13323862,477,25737,76,274,20014,2008-02-10 21:54:48,4,9,2019-02-05 23:59:11,San Antonio Missions introduce new manager Sweet ahead of first Triple-A season with Milwaukee Brewers https://t.co/OyJKWKwib8
84,1092932241116798977,13323862,477,25737,76,274,20014,2008-02-10 21:54:48,0,0,2019-02-05 23:45:26,Briles still trying to outlast the outrage https://t.co/A4ETyihEZj
85,1092930485767032833,13323862,477,25737,76,274,20014,2008-02-10 21:54:48,0,2,2019-02-05 23:38:28,Recipe: Hibiscus Chambord Royale cocktail https://t.co/HW4NCrpIU5
86,1092927061419790338,13323862,477,25737,76,274,20014,2008-02-10 21:54:48,0,1,2019-02-05 23:24:51,"Spurs’ Gay, Warriors’ Cousins are brothers in injury https://t.co/iMdz5YmAN4"
87,1092921737107386368,13323862,477,25737,76,274,20014,2008-02-10 21:54:48,3,3,2019-02-05 23:03:42,"San Antonio developer planning housing, retail near Toyota Field https://t.co/Ho78PKMfeE"
88,1092920071171858432,13323862,477,25737,76,274,20014,2008-02-10 21:54:48,1,1,2019-02-05 22:57:05,"As frustration mounts, Texas readies for tilt with Baylor https://t.co/M0glKK5UgC"
89,1092907872197988353,13323862,477,25737,76,274,20014,2008-02-10 21:54:48,0,1,2019-02-05 22:08:36,HS Q&amp;A: S.A. Lutheran’s Claire Rankin swimming toward gold https://t.co/UeFyMXxQXd
90,1092904398563561472,13323862,477,25737,76,274,20014,2008-02-10 21:54:48,0,0,2019-02-05 21:54:48,"San Antonio’s new Frost Bank Tower gets likened to drill bit, Bart Simpson https://t.co/Vtt27k400K"
91,1092874786915663873,13323862,477,25737,76,274,20014,2008-02-10 21:54:48,0,0,2019-02-05 19:57:08,"Cirque Italia, world’s first traveling water circus, returns to San Antonio https://t.co/QYi2uUYkRa"
92,1092871277193412609,13323862,477,25737,76,274,20014,2008-02-10 21:54:48,4,8,2019-02-05 19:43:11,"In State of State Address, Gov. Abbott emphasizes education — and makes a peace offering https://t.co/sSajndlVCf"
93,1092867751838957570,13323862,477,25737,76,274,20014,2008-02-10 21:54:48,0,0,2019-02-05 19:29:11,Simple ways to bring more veggies to your dinner plate https://t.co/UdIfRct2w2
94,1092866007927013380,13323862,477,25737,76,274,20014,2008-02-10 21:54:48,1,0,2019-02-05 19:22:15,Wagner QB’s mastery of the option turns into college football opportunity https://t.co/sb7hbWepEd
95,1092864278967787525,13323862,477,25737,76,274,20014,2008-02-10 21:54:48,0,0,2019-02-05 19:15:23,Recipe: Grilled Vegetable Jambalaya https://t.co/PcqPvsM97M
96,1092838225851400200,13323862,477,25737,76,274,20014,2008-02-10 21:54:48,2,1,2019-02-05 17:31:51,Former San Antonio Mayor Henry Cisneros launches infrastructure investment firm https://t.co/H4HwnEtvzp
97,1092831214581571585,13323862,477,25737,76,274,20014,2008-02-10 21:54:48,0,0,2019-02-05 17:04:00,Podcast: Learning to live with e-scooters https://t.co/urBbEnHCvc
98,1092787720202665984,13323862,477,25737,76,274,20014,2008-02-10 21:54:48,2,4,2019-02-05 14:11:10,"Inspired by Houston, San Antonio considers bail reform for most misdemeanor cases https://t.co/E3OzLRxO0U"
99,1092757905483411456,13323862,477,25737,76,274,20014,2008-02-10 21:54:48,1,2,2019-02-05 12:12:41,Youth livestock show still heart of the San Antonio rodeo https://t.co/F7s348ip0Z
100,1092660495650340864,13323862,477,25737,76,274,20014,2008-02-10 21:54:48,0,0,2019-02-05 05:45:37,Spurs open rodeo trip with a thud in Sacramento https://t.co/Noy2sOdNbz
101,1092639510561730561,13323862,477,25737,76,274,20014,2008-02-10 21:54:48,0,1,2019-02-05 04:22:14,Spurs notebook: Derrick White could be shelved until after the All-Star break https://t.co/VBTbfvUiMk
102,1092634373764067328,13323862,477,25737,76,274,20014,2008-02-10 21:54:48,0,0,2019-02-05 04:01:49,"Texas stages furious comeback, but falls to No. 1 Baylor https://t.co/dyjHpsV74t"
103,1092626218489397248,13323862,477,25737,76,274,20014,2008-02-10 21:54:48,0,0,2019-02-05 03:29:25,"Fail or succeed, AAF could change the game https://t.co/jstquZI3ug"
104,1092598553917173761,13323862,477,25737,76,274,20014,2008-02-10 21:54:48,1,4,2019-02-05 01:39:29,Gunslingers highlight San Antonio’s difficult history with pro football https://t.co/NqcdwvICWN
105,1092577618447216640,13323862,477,25737,76,274,20014,2008-02-10 21:54:48,0,0,2019-02-05 00:16:18,Optimism wanes amid slowed fourth quarter Texas job growth https://t.co/HEBcKQQevi
106,1092568824627560448,13323862,477,25737,76,274,20014,2008-02-10 21:54:48,0,0,2019-02-04 23:41:21,The Sheldon Vexler Theatre kicks off 2019 with Ken Ludwig farce ‘Leadign Ladies’ https://t.co/ano8wyCoUQ
107,1092567004547084296,13323862,477,25737,76,274,20014,2008-02-10 21:54:48,0,0,2019-02-04 23:34:07,"Homebuilders in San Antonio were busy in 2018, just not constructing affordable homes https://t.co/3MUNI7xupz"
108,1092530870102224901,13323862,477,25737,76,274,20014,2008-02-10 21:54:48,8,30,2019-02-04 21:10:32,"A miles-long procession, horse-drawn caisson and hundreds of officers bid farewell to Chucky the police dog https://t.co/EGpEVbK08n"
109,1092515635685408768,13323862,477,25737,76,274,20014,2008-02-10 21:54:48,0,1,2019-02-04 20:10:00,Recipe: Smoked Shoulder Clod https://t.co/Go687vi1yj
110,1092510301688422405,13323862,477,25737,76,274,20014,2008-02-10 21:54:48,0,3,2019-02-04 19:48:48,"Beef shoulder clod reigned before brisket became the barbecue king, https://t.co/EXkfcP0LkA"
111,1092509348071436301,13323862,477,25737,76,274,20014,2008-02-10 21:54:48,1,1,2019-02-04 19:45:01,"Before he was Virginia's governor, Ralph Northam was an ‘eligible bachelor’ in San Antonio https://t.co/f69HZay3B3"
112,1092501851461816320,13323862,477,25737,76,274,20014,2008-02-10 21:54:48,0,0,2019-02-04 19:15:13,Erik Walsh a San Antonio hometown hire 24 years in the making https://t.co/ClkLFTiIux
113,1092450438258049024,13323862,477,25737,76,274,20014,2008-02-10 21:54:48,0,0,2019-02-04 15:50:55,First signs of border wall construction spotted at National Butterfly Center https://t.co/0MRYbslX0T
114,1092425219296452613,13323862,477,25737,76,274,20014,2008-02-10 21:54:48,1,0,2019-02-04 14:10:43,"San Antonio’s greenhouse gas emissions are tied mostly to energy use in buildings, vehicles’ exhaust https://t.co/5Ntkam2evy"
115,1092380302310367233,13323862,477,25737,76,274,20014,2008-02-10 21:54:48,2,4,2019-02-04 11:12:14,"Texas Power Brokers: Entrepreneur talks San Antonio tech, learning business in a pizza parlor https://t.co/P6ZZQuPJXK"
116,1092260958364467202,13323862,477,25737,76,274,20014,2008-02-10 21:54:48,0,0,2019-02-04 03:18:00,Legal challenges compound against state’s faulted list of voters it said might not be citizens https://t.co/CrZP8oRncs
117,1092250462416453633,13323862,477,25737,76,274,20014,2008-02-10 21:54:48,6,5,2019-02-04 02:36:17,San Antonio ISD bond construction begins https://t.co/qO8eOoU8A5
118,1092221049582878721,13323862,477,25737,76,274,20014,2008-02-10 21:54:48,1,0,2019-02-04 00:39:25,Walsh a San Antonio hometown hire 24 years in the making https://t.co/LnGQUW3mMU
119,1092216263294754821,13323862,477,25737,76,274,20014,2008-02-10 21:54:48,1,2,2019-02-04 00:20:24,"Fellow officers, first responders to give Sheriff’s K-9 Chucky full honors in San Antonio https://t.co/U52CmPUx2B"
120,1092167901644316672,13323862,477,25737,76,274,20014,2008-02-10 21:54:48,0,0,2019-02-03 21:08:13,Spurs ready to take show on the (rodeo) road https://t.co/pp7XdZzt7X
121,1092162673825988608,13323862,477,25737,76,274,20014,2008-02-10 21:54:48,0,2,2019-02-03 20:47:27,Spurs notebook: Gasol searches for traction as second-team center https://t.co/XZts7GS5jQ
122,1092124094219386888,13323862,477,25737,76,274,20014,2008-02-10 21:54:48,1,1,2019-02-03 18:14:09,Meet the 2019 San Antonio Stock Show &amp; Rodeo entertainers playing concerts https://t.co/TwhiMORQ09
123,1092122402308411404,13323862,477,25737,76,274,20014,2008-02-10 21:54:48,2,3,2019-02-03 18:07:26,Virginia Governor was an ‘eligible bachelor’ in San Antonio https://t.co/AfLeyevRvV
124,1092094060800720896,13323862,477,25737,76,274,20014,2008-02-10 21:54:48,1,0,2019-02-03 16:14:48,Cowboy Church services a fixture at rodeo https://t.co/4dsPo0Enk8
125,1092064262170861570,13323862,477,25737,76,274,20014,2008-02-10 21:54:48,0,2,2019-02-03 14:16:24,"Cuellar, the moderate Laredo congressman who represents part of San Antonio, has been targeted by https://t.co/zRm1v5CrNG"
126,1091908424944832512,13323862,477,25737,76,274,20014,2008-02-10 21:54:48,0,2,2019-02-03 03:57:09,"Aldridge, Spurs beat Pelicans to finish homestand 4-0 https://t.co/FtOTN7o2Ch"
127,1091900268537614337,13323862,477,25737,76,274,20014,2008-02-10 21:54:48,0,0,2019-02-03 03:24:45,"Texas A&amp;M battles, but no match for No. 1 Tennessee https://t.co/JIAgcfK7DH"
128,1091897301398970369,13323862,477,25737,76,274,20014,2008-02-10 21:54:48,2,12,2019-02-03 03:12:57,Wallace scores 45 as UTSA beats Marshall in overtime https://t.co/XL7HrakJNG
129,1091892092471783424,13323862,477,25737,76,274,20014,2008-02-10 21:54:48,0,1,2019-02-03 02:52:15,"Smithson Valley, Klinksiek come full circle with title https://t.co/2jTPt9482r"
130,1091878439861317632,13323862,477,25737,76,274,20014,2008-02-10 21:54:48,0,1,2019-02-03 01:58:00,"Texas can’t hold late lead, falls to Iowa State https://t.co/umf6oFaOuJ"
131,1091866056656863233,13323862,477,25737,76,274,20014,2008-02-10 21:54:48,0,1,2019-02-03 01:08:48,"In trade demands, history sides with the players https://t.co/qjsCPuhRmP"
132,1091860795523284992,13323862,477,25737,76,274,20014,2008-02-10 21:54:48,1,0,2019-02-03 00:47:54,San Antonio-area school board asks trustee to resign https://t.co/iy55YvfPjM
133,1091855617743044608,13323862,477,25737,76,274,20014,2008-02-10 21:54:48,0,0,2019-02-03 00:27:19,Fisher isn’t missing scramble for recruits https://t.co/g81VE2egfR
134,1091853830126489600,13323862,477,25737,76,274,20014,2008-02-10 21:54:48,0,0,2019-02-03 00:20:13,A late transfer boosts Tom Herman’s class at Texas https://t.co/7PrUqV5BRB
135,1091852127264276482,13323862,477,25737,76,274,20014,2008-02-10 21:54:48,2,2,2019-02-03 00:13:27,Bexar County Rodéo Breakfast celebrates San Antonio Stock Show &amp; Rodeo https://t.co/UjXGydhz91
136,1091832921466523649,13323862,477,25737,76,274,20014,2008-02-10 21:54:48,1,1,2019-02-02 22:57:08,"Victims of San Antonio priests recall pain, anger — and reckoning https://t.co/ze3WqkBxVC"
137,1091827749793263616,13323862,477,25737,76,274,20014,2008-02-10 21:54:48,0,0,2019-02-02 22:36:35,Brockhouse prepares to make his big move https://t.co/WzE9OUzK3a
138,1091820667941634048,13323862,477,25737,76,274,20014,2008-02-10 21:54:48,2,0,2019-02-02 22:08:26,Family gathers to mourn baby King Jay at community memorial service https://t.co/1QgVLKRoAs
139,1091818953121415169,13323862,477,25737,76,274,20014,2008-02-10 21:54:48,5,18,2019-02-02 22:01:38,Western Heritage Parade and Cattle Drive kicks off San Antonio Stock Show &amp; Rodeo https://t.co/TwSvQBsx9b
140,1091808426789867521,13323862,477,25737,76,274,20014,2008-02-10 21:54:48,0,0,2019-02-02 21:19:48,How will citation program for low-level crime work? San Antonio officials look to Austin https://t.co/auAi18mJuj
141,1091761218463977473,13323862,477,25737,76,274,20014,2008-02-10 21:54:48,0,0,2019-02-02 18:12:13,"Weather, horses and railroad helped save San Antonio’s annual fair in late 1880s https://t.co/ujZpsGFa1f"
142,1091715650437959681,13323862,477,25737,76,274,20014,2008-02-10 21:54:48,2,0,2019-02-02 15:11:08,San Antonio native shares stories about her city and herself https://t.co/n3X9iBIbiy
143,1091580161806479360,13323862,477,25737,76,274,20014,2008-02-10 21:54:48,0,1,2019-02-02 06:12:45,"Vaqueros, bandits and troops long have been fixtures of historic border town https://t.co/AWJIvcaRgT"
144,1091554998515847168,13323862,477,25737,76,274,20014,2008-02-10 21:54:48,0,1,2019-02-02 04:32:46,San Antonio Rampage earn shutout victory on Pink in the Rink night https://t.co/Del9pxajzj
145,1091549624282816512,13323862,477,25737,76,274,20014,2008-02-10 21:54:48,1,9,2019-02-02 04:11:25,Harlan reaches lofty goal as a first-year program https://t.co/faAcGJzjo5
146,1091530391884914688,13323862,477,25737,76,274,20014,2008-02-10 21:54:48,1,2,2019-02-02 02:54:59,"Report describes scene at San Antonio area home where mom, daughters were shot https://t.co/QBU7wcuQES"
147,1091511159826644998,13323862,477,25737,76,274,20014,2008-02-10 21:54:48,0,3,2019-02-02 01:38:34,Trinity kicks off 150th anniversary by giving back to San Antonio https://t.co/5EwhBEyNM9
148,1091496976749875201,13323862,477,25737,76,274,20014,2008-02-10 21:54:48,0,0,2019-02-02 00:42:12,"Architect Mike Lance, 81, left his mark on San Antonio https://t.co/z1SwZN67jY"
149,1091493544764809216,13323862,477,25737,76,274,20014,2008-02-10 21:54:48,0,0,2019-02-02 00:28:34,UTSA looking to secure elusive conference road win at Marshall https://t.co/ftmdeWE1tZ
150,1091486570232852480,13323862,477,25737,76,274,20014,2008-02-10 21:54:48,0,2,2019-02-02 00:00:51,Bilingual educators honored at San Antonio group’s 40th annual gathering https://t.co/js9saHp1MY
151,1091464843876593664,13323862,477,25737,76,274,20014,2008-02-10 21:54:48,3,5,2019-02-01 22:34:31,"With Pelicans in turmoil, Spurs remain vigilant https://t.co/B5JDso2N9I"
152,1091461300738318337,13323862,477,25737,76,274,20014,2008-02-10 21:54:48,0,0,2019-02-01 22:20:27,Meeting with Iowa State chance for Texas to shake road struggles https://t.co/Vn9MwJFh9g
153,1091426173656186881,13323862,477,25737,76,274,20014,2008-02-10 21:54:48,1,1,2019-02-01 20:00:52,"San Antonio struggled to add jobs in 2018, and 2019 isn’t looking any better https://t.co/y3NU06Ju1a"
154,1091422835615170561,13323862,477,25737,76,274,20014,2008-02-10 21:54:48,1,1,2019-02-01 19:47:36,Spurs notebook: All-Star Game always brings goosebumps to LaMarcus Aldridge https://t.co/7H1t97TnDY
155,1091419305139494913,13323862,477,25737,76,274,20014,2008-02-10 21:54:48,9,12,2019-02-01 19:33:34,"Former Jay, A&amp;M star Josh Reynolds ready to suit up for Rams in Super Bowl https://t.co/sC4ADYhFOU"
156,1091412226576138241,13323862,477,25737,76,274,20014,2008-02-10 21:54:48,0,0,2019-02-01 19:05:26,Family joins Walsh as he achieves dream of being named San Antonio’s city manager https://t.co/Mem0qFUivc
157,1091410450280054784,13323862,477,25737,76,274,20014,2008-02-10 21:54:48,0,0,2019-02-01 18:58:23,Texas-sized shrimp dream at long last proves viable https://t.co/Ea6hquigVB
158,1091406969162907648,13323862,477,25737,76,274,20014,2008-02-10 21:54:48,0,2,2019-02-01 18:44:33,"Next Tribe, a social networking group for women 45 and older, launches in San Antonio https://t.co/eLlQREESym"
159,1091403545168039937,13323862,477,25737,76,274,20014,2008-02-10 21:54:48,1,1,2019-02-01 18:30:57,Open up to feng shui and embrace joy in home design and life https://t.co/NjDWQ6s9Tt
160,1091401777222688769,13323862,477,25737,76,274,20014,2008-02-10 21:54:48,0,0,2019-02-01 18:23:55,These 6 classic San Antonio carousels take nostalgia and history by the reins https://t.co/orwL7OT0Qu
161,1091400024263741441,13323862,477,25737,76,274,20014,2008-02-10 21:54:48,0,0,2019-02-01 18:16:57,Podcast: Looking back on the murder trial of Christian Bautista https://t.co/vbU6H7VGo9
162,1091391079734280192,13323862,477,25737,76,274,20014,2008-02-10 21:54:48,0,1,2019-02-01 17:41:25,"Children’s Hospital, Baylor researchers in San Antonio to develop training for maternal cardiac arrest https://t.co/9S0Nl3q7Yr"
163,1091352929485901824,13323862,477,25737,76,274,20014,2008-02-10 21:54:48,0,0,2019-02-01 15:09:49,52 Weeks of Burgers: Fletcher’s Hamburgers https://t.co/mEWBUDFVAA
164,1091351717763985408,13323862,477,25737,76,274,20014,2008-02-10 21:54:48,0,1,2019-02-01 15:05:00,"Texas officials launched voter purge with big splash, little accuracy https://t.co/g09dpGd74Z"
165,1091351286287687680,13323862,477,25737,76,274,20014,2008-02-10 21:54:48,0,1,2019-02-01 15:03:17,"Retail Roundup: Adventure park, Southtown shop opening https://t.co/v9YIzgPjEC"
166,1091344170034311169,13323862,477,25737,76,274,20014,2008-02-10 21:54:48,0,0,2019-02-01 14:35:00,San Antonio designer’s boutique closing months after her death https://t.co/r4o2rbw1Kk
167,1091323145674518530,13323862,477,25737,76,274,20014,2008-02-10 21:54:48,0,1,2019-02-01 13:11:28,Tips for all the landscape pruning you should be doing now https://t.co/knvznDNx8U
168,1091309017870278656,13323862,477,25737,76,274,20014,2008-02-10 21:54:48,2,2,2019-02-01 12:15:20,Texas voter fraud fiasco the latest salvo in 26-year battle https://t.co/QktcKZpufy
169,1091206352893104129,13323862,477,25737,76,274,20014,2008-02-10 21:54:48,0,0,2019-02-01 05:27:22,Least flashy All-Star suits Spurs just fine https://t.co/nicI8QNF6p
170,1091201185678274560,13323862,477,25737,76,274,20014,2008-02-10 21:54:48,1,0,2019-02-01 05:06:50,Madison junior’s rise 11 years in the making https://t.co/MgHwU6DJMq
171,1091197622424080390,13323862,477,25737,76,274,20014,2008-02-10 21:54:48,0,1,2019-02-01 04:52:41,White’s big night covers for Spurs’ sins https://t.co/b0kKw6wFBf
172,1091185380957790209,13323862,477,25737,76,274,20014,2008-02-10 21:54:48,3,3,2019-02-01 04:04:02,Jackson’s 46 not enough as UTSA loses at Western Kentucky https://t.co/sBAPoQF7Ih
173,1091178381608132609,13323862,477,25737,76,274,20014,2008-02-10 21:54:48,0,0,2019-02-01 03:36:13,DeRozan takes All-Star snub in stride https://t.co/28SdiCPONZ
174,1091155757935022080,13323862,477,25737,76,274,20014,2008-02-10 21:54:48,0,0,2019-02-01 02:06:20,"Feds, Bexar deputies raid 4 San Antonio sites, seize luxury autos https://t.co/SpJWMAkGKN"
175,1091145210548154368,13323862,477,25737,76,274,20014,2008-02-10 21:54:48,0,0,2019-02-01 01:24:25,Texas music star Aaron Watson excited about San Antonio Stock Show &amp; Rodeo performance https://t.co/zJkbEK0dfC
176,1091132881412505600,13323862,477,25737,76,274,20014,2008-02-10 21:54:48,3,3,2019-02-01 00:35:25,"San Antonio airport losing more than a dozen flights, including nonstop to Toronto https://t.co/5viUjUE6Xt"
177,1091120627656937472,13323862,477,25737,76,274,20014,2008-02-10 21:54:48,1,0,2019-01-31 23:46:44,Commission says San Antonio archdiocese’s records on accused priests ‘heartbreaking’ https://t.co/mYL7ECrVww
178,1091113701384617984,13323862,477,25737,76,274,20014,2008-02-10 21:54:48,1,1,2019-01-31 23:19:12,Witte Museum’s ‘Planet Pioneers’ exhibit explores space travel https://t.co/M50WsUY95o
179,1091110195789512705,13323862,477,25737,76,274,20014,2008-02-10 21:54:48,0,0,2019-01-31 23:05:17,Killer’s purchase of high-capacity magazines at issue in Sutherland Springs hearing https://t.co/Fs9qnbkAvo
180,1091068116887633920,13323862,477,25737,76,274,20014,2008-02-10 21:54:48,0,0,2019-01-31 20:18:04,Texas wildlife managers are proposing expanding opportunities for hunters in 41 counties of the Blackland Prairie a… https://t.co/Hmt9ir1WAz
181,1091066354302619650,13323862,477,25737,76,274,20014,2008-02-10 21:54:48,1,0,2019-01-31 20:11:04,"Mario, Barrios, city’s top boxing prospects should be busy in 2019 https://t.co/xQMLZzsaA8"
182,1091061075099963392,13323862,477,25737,76,274,20014,2008-02-10 21:54:48,0,0,2019-01-31 19:50:05,"Mario, Barrios, city’s top boxing prospects should be busy in 2019 https://t.co/uYEs6eIr5F"
183,1091052351266476032,13323862,477,25737,76,274,20014,2008-02-10 21:54:48,1,2,2019-01-31 19:15:25,Podcast: Sharp increase in 'working poor' households in San Antonio https://t.co/sbkn7ZecGh
184,1091041898658234370,13323862,477,25737,76,274,20014,2008-02-10 21:54:48,2,3,2019-01-31 18:33:53,Tragedy and serendipity made San Antonio man’s kidney transplant possible https://t.co/vV6m9IaHBV
185,1091040144935841792,13323862,477,25737,76,274,20014,2008-02-10 21:54:48,0,0,2019-01-31 18:26:55,‘Pretty callous’ return of girl’s belongings stokes tensions between families after Anaqua Springs killing https://t.co/uFepHi0J0w
186,1091026204549963776,13323862,477,25737,76,274,20014,2008-02-10 21:54:48,0,0,2019-01-31 17:31:32,"Review: Babil Cafe in San Antonio’s South Texas Medical Center puts Mediterranean, Iraqi food in sharper focus https://t.co/QWlNcaeFck"
187,1091017338823036929,13323862,477,25737,76,274,20014,2008-02-10 21:54:48,0,1,2019-01-31 16:56:18,"San Antonio firefighters union ready to come back to negotiating table, according to letter https://t.co/Q99BVcpFDy"
188,1091013661894889473,13323862,477,25737,76,274,20014,2008-02-10 21:54:48,0,0,2019-01-31 16:41:41,Virginia companies get $900K in city incentives to add 600 jobs in San Antonio https://t.co/sXDZnj5fgD
189,1091011946386784261,13323862,477,25737,76,274,20014,2008-02-10 21:54:48,2,0,2019-01-31 16:34:52,"Report: Cybersecurity, IT jobs in high demand in San Antonio https://t.co/PmmKcz5DX6"
190,1090995508888387585,13323862,477,25737,76,274,20014,2008-02-10 21:54:48,0,0,2019-01-31 15:29:33,San Antonio’s NuStar Energy posts $206 million gain a year after restructuring https://t.co/sGrhzl5eGC
191,1090992082364391425,13323862,477,25737,76,274,20014,2008-02-10 21:54:48,1,0,2019-01-31 15:15:56,"Valero reports rising revenues, solid profits https://t.co/kvk9NFF4BV"
192,1090986915317366784,13323862,477,25737,76,274,20014,2008-02-10 21:54:48,0,0,2019-01-31 14:55:24,Cullen/Frost’s earnings climb almost 26% in 2018 https://t.co/ed7B5dVPQc
193,1090976575712043009,13323862,477,25737,76,274,20014,2008-02-10 21:54:48,0,0,2019-01-31 14:14:19,Tragedy and serendipity made San Antonio man’s kidney transplant possible https://t.co/NeSen3Nb1i
194,1090916097203810304,13323862,477,25737,76,274,20014,2008-02-10 21:54:48,0,0,2019-01-31 10:14:00,Texas industrial polluters targeted in new report by environmental group https://t.co/b1eAhbIjpp
195,1090830806019387392,13323862,477,25737,76,274,20014,2008-02-10 21:54:48,1,1,2019-01-31 04:35:05,"San Antonio’s new city manager to get maximum pay, no bonuses https://t.co/XhjmVrUC5B"
196,1090828972936622081,13323862,477,25737,76,274,20014,2008-02-10 21:54:48,0,0,2019-01-31 04:27:48,LSU puts away Texas A&amp;M behind 36 points from Tremont Waters https://t.co/Xii2LIFFr0
197,1090818602675159041,13323862,477,25737,76,274,20014,2008-02-10 21:54:48,0,1,2019-01-31 03:46:35,Clark charges past O’Connor to maintain 28-6A lead https://t.co/UoPMD23Aqg
198,1090802952175058944,13323862,477,25737,76,274,20014,2008-02-10 21:54:48,0,0,2019-01-31 02:44:24,UTSA ready to move forward following record-setting comeback https://t.co/muHmPEmIiS
199,1090789299531014150,13323862,477,25737,76,274,20014,2008-02-10 21:54:48,0,1,2019-01-31 01:50:09,San Antonio medical students offer hands-on lessons to high schoolers https://t.co/zCxoFcGZ00
200,1090771953240207361,13323862,477,25737,76,274,20014,2008-02-10 21:54:48,1,0,2019-01-31 00:41:13,A safe place for sex trafficking victims to heal is ready to open in San Antonio https://t.co/HaQiMpcaak
201,1090770191309516800,13323862,477,25737,76,274,20014,2008-02-10 21:54:48,0,0,2019-01-31 00:34:13,San Antonio’s rodeo royalty turn to the bling queen to add dazzle to their boots https://t.co/HkIRlZBRDv
202,1090754526343323649,13323862,477,25737,76,274,20014,2008-02-10 21:54:48,2,2,2019-01-30 23:31:58,UTSA’s Sturm among final cuts as San Antonio Commanders announce roster https://t.co/O1NzJG11he
203,1090728333397106688,13323862,477,25737,76,274,20014,2008-02-10 21:54:48,2,3,2019-01-30 21:47:54,Spurs’ bench getting busy from distance https://t.co/l309VDil8Y
204,1090726563950284802,13323862,477,25737,76,274,20014,2008-02-10 21:54:48,0,1,2019-01-30 21:40:52,Spurs notebook: Aldridge isn’t sweating All-Star announcement https://t.co/Anclf3STQY
205,1090716234574897153,13323862,477,25737,76,274,20014,2008-02-10 21:54:48,0,0,2019-01-30 20:59:49,Longhorns get back on same page in win over Jayhawks https://t.co/lKraMNWQoX
206,1090702412023848960,13323862,477,25737,76,274,20014,2008-02-10 21:54:48,0,0,2019-01-30 20:04:53,‘We need to move past this’: San Antonio advocate plans memorial service for baby King Jay https://t.co/kPua1d2360
207,1090700673015050241,13323862,477,25737,76,274,20014,2008-02-10 21:54:48,3,11,2019-01-30 19:57:59,Smithson Valley QB Levi Williams’ college path takes detour to Wyoming https://t.co/jr58Ejf2BZ
208,1090691975127465984,13323862,477,25737,76,274,20014,2008-02-10 21:54:48,0,3,2019-01-30 19:23:25,Texas Institute of Letters honors San Antonio Express-News veteran https://t.co/ZFLHxdKjsj
209,1090688463031148544,13323862,477,25737,76,274,20014,2008-02-10 21:54:48,0,1,2019-01-30 19:09:28,Listen: Why was Popovich upset despite Rudy Gay’s game-winning shot? https://t.co/FJp7JPy2wd
210,1090683238836854785,13323862,477,25737,76,274,20014,2008-02-10 21:54:48,1,0,2019-01-30 18:48:42,San Antonio archdiocese report on sex abuse accusations set for Thursday https://t.co/F0NScSfMQO
211,1090681450607898630,13323862,477,25737,76,274,20014,2008-02-10 21:54:48,0,0,2019-01-30 18:41:36,Getting back on track won’t be easy for Aggies https://t.co/2nHS01l5K5
212,1090676269488984065,13323862,477,25737,76,274,20014,2008-02-10 21:54:48,0,0,2019-01-30 18:21:01,"San Antonio home inspired by O’Neil Ford undergoes massive, careful renovation in Alamo Heights https://t.co/Oe25ZO8kzD"
213,1090675762993065984,13323862,477,25737,76,274,20014,2008-02-10 21:54:48,0,0,2019-01-30 18:19:00,Finger: San Antonio football legend's CTE diagnosis re-emphasizes need to make the sport safer https://t.co/Ij2vCT6lTc
214,1090674465443319810,13323862,477,25737,76,274,20014,2008-02-10 21:54:48,0,2,2019-01-30 18:13:50,Up your queso game this Super Bowl with sausage and green chiles https://t.co/BU8oFcJU0k
215,1090670773025624070,13323862,477,25737,76,274,20014,2008-02-10 21:54:48,0,1,2019-01-30 17:59:10,"Texas lawmakers get a $4,300 raise before taking a single vote in 86th session https://t.co/I8PCRUdFsW"
216,1090662224446849025,13323862,477,25737,76,274,20014,2008-02-10 21:54:48,0,1,2019-01-30 17:25:12,"San Antonio millennials have gone loco for fideo, making it hot again https://t.co/ll6Yor2E95"
217,1090660529331417089,13323862,477,25737,76,274,20014,2008-02-10 21:54:48,1,2,2019-01-30 17:18:28,Recipe: Mexican Noodle Soup (Sopa de Fideo) https://t.co/shuyWtH08D
218,1090658861093138432,13323862,477,25737,76,274,20014,2008-02-10 21:54:48,0,0,2019-01-30 17:11:50,Recipe: Baked Fideo Casserole (Sopa Seca) https://t.co/ACJyhlEWod
219,1090657055374000140,13323862,477,25737,76,274,20014,2008-02-10 21:54:48,1,0,2019-01-30 17:04:40,Lawmakers shame DPS leaders for driver license office wait times: ‘Fix the damn thing’ https://t.co/aCkUHHeXzq
220,1090629364818067456,13323862,477,25737,76,274,20014,2008-02-10 21:54:48,0,0,2019-01-30 15:14:38,"Podcast: San Antonio is hot for sourdough, rodeo barbecue and Ácenar on the River Walk https://t.co/23l4tBJtSH"
221,1090613749587865600,13323862,477,25737,76,274,20014,2008-02-10 21:54:48,0,0,2019-01-30 14:12:35,Attendees at first Transportation Department gathering seek change https://t.co/hSfbsb7fHP
222,1090610292424404992,13323862,477,25737,76,274,20014,2008-02-10 21:54:48,0,0,2019-01-30 13:58:50,Two San Antonio convicted felons challenge state election law https://t.co/w9CYURDaOl
223,1090473669523062784,13323862,477,25737,76,274,20014,2008-02-10 21:54:48,0,4,2019-01-30 04:55:57,"With season on the brink, Texas takes down No. 11 Kansas https://t.co/xXGzZW5qKh"
224,1090471987263213568,13323862,477,25737,76,274,20014,2008-02-10 21:54:48,0,0,2019-01-30 04:49:16,Gay saves the day in surprise nail-biter https://t.co/fpzXGdUhoI
225,1090446009229025280,13323862,477,25737,76,274,20014,2008-02-10 21:54:48,0,0,2019-01-30 03:06:02,DeRozan says rest working wonders for him https://t.co/V5jYy79KKJ
226,1090427025821712384,13323862,477,25737,76,274,20014,2008-02-10 21:54:48,2,1,2019-01-30 01:50:36,"Like other San Antonio school districts, Southwest ISD is expanding its pre-k https://t.co/CTNxEwiJWG"
227,1090414861086089216,13323862,477,25737,76,274,20014,2008-02-10 21:54:48,0,0,2019-01-30 01:02:16,Immigration courts open in fits and starts after government shutdown lifts https://t.co/wnrJm57MQG
228,1090402937959010305,13323862,477,25737,76,274,20014,2008-02-10 21:54:48,0,0,2019-01-30 00:14:53,Lamar Smith — a GOP lion in San Antonio — reflects on three decades in Congress https://t.co/wNOWI2Swk8
229,1090401219632336898,13323862,477,25737,76,274,20014,2008-02-10 21:54:48,3,5,2019-01-30 00:08:04,Tommy Nobis’ story reemphasizes the need to make football safer https://t.co/KhLKanVOlP
230,1090397820895531009,13323862,477,25737,76,274,20014,2008-02-10 21:54:48,1,1,2019-01-29 23:54:33,‘Everyone’s on pins and needles:’ Texas retailers worried about tariffs https://t.co/4n3ZcPBgKv
231,1090355182377017345,13323862,477,25737,76,274,20014,2008-02-10 21:54:48,0,0,2019-01-29 21:05:07,HS Q&amp;A: Steele’s Sydney Cajero decision to stick with basketball paying off https://t.co/L1BCsJUMTu
232,1090334597886423042,13323862,477,25737,76,274,20014,2008-02-10 21:54:48,1,1,2019-01-29 19:43:20,"LULAC sues Texas over “witch hunt,” move to eliminate nearly 100,000 voters they claim aren’t citizens https://t.co/xue4MzYsr4"
233,1090305574649122818,13323862,477,25737,76,274,20014,2008-02-10 21:54:48,1,1,2019-01-29 17:48:00,San Antonio shelter dog to star in Animal Planet’s ‘Dog Bowl’ https://t.co/8FOAj3OY52
234,1090269699387076608,13323862,477,25737,76,274,20014,2008-02-10 21:54:48,1,1,2019-01-29 15:25:27,Podcast: The Walsh era set to begin in San Antonio https://t.co/P95iNB33bx
235,1090220361197776896,13323862,477,25737,76,274,20014,2008-02-10 21:54:48,0,0,2019-01-29 12:09:24,Need an indoor activity? Grow succulents https://t.co/JhmpGNW75C
236,1090133456770777093,13323862,477,25737,76,274,20014,2008-02-10 21:54:48,1,2,2019-01-29 06:24:04,"Clear sticks at tight end, working to survive roster cut with San Antonio Commanders https://t.co/QlmjG3Km3J"
237,1090131767527436289,13323862,477,25737,76,274,20014,2008-02-10 21:54:48,6,4,2019-01-29 06:17:21,One in three households in San Antonio struggle to afford necessities https://t.co/20vbz5kwFL
238,1090072165553184768,13323862,477,25737,76,274,20014,2008-02-10 21:54:48,0,0,2019-01-29 02:20:31,TxDOT to seek San Antonio input on its 30-year plan https://t.co/izOyGPxp1H
239,1090041582487785472,13323862,477,25737,76,274,20014,2008-02-10 21:54:48,1,2,2019-01-29 00:18:59,San Antonio Missions return to full operations after shutdown — for now https://t.co/syizB5GN3q
240,1090017800033325057,13323862,477,25737,76,274,20014,2008-02-10 21:54:48,0,0,2019-01-28 22:44:29,"As losses pile up, Texas braces for visit from No. 11 Kansas https://t.co/oIWFlghZ9W"
241,1090009198556073985,13323862,477,25737,76,274,20014,2008-02-10 21:54:48,0,0,2019-01-28 22:10:18,Chad: It’s not worth watching Patriots in Super Bowl anymore https://t.co/HJC8JR5P0l
242,1089978490273837056,13323862,477,25737,76,274,20014,2008-02-10 21:54:48,0,0,2019-01-28 20:08:17,Carlos Uresti’s Helotes estate heading for foreclosure https://t.co/6gRUZDreMt
243,1089975097383895040,13323862,477,25737,76,274,20014,2008-02-10 21:54:48,0,0,2019-01-28 19:54:48,Study: students in San Antonio’s Pre-K 4 SA program did better on state tests https://t.co/xFbSADQOyy
244,1089968298194812929,13323862,477,25737,76,274,20014,2008-02-10 21:54:48,0,0,2019-01-28 19:27:47,‘Anastasia’ to make its San Antonio debut at the Majestic Theatre https://t.co/YaY9ISapSB
245,1089963190505664512,13323862,477,25737,76,274,20014,2008-02-10 21:54:48,0,0,2019-01-28 19:07:29,Spurs notebook: The search for defensive consistency is on https://t.co/iiZHLretyp
246,1089956271611088896,13323862,477,25737,76,274,20014,2008-02-10 21:54:48,1,2,2019-01-28 18:40:00,All the barbecue lessons I learned from the 2019 San Antonio Stock Show &amp; Rodeo Bar-B-Que Cook-Off &amp; Festival https://t.co/dyOcTiO6Vn
247,1089954592169906177,13323862,477,25737,76,274,20014,2008-02-10 21:54:48,0,3,2019-01-28 18:33:19,First-time fatherhood a balancing act for Spurs’ Bertans https://t.co/jjeWvmtBXX
248,1089949455133143040,13323862,477,25737,76,274,20014,2008-02-10 21:54:48,0,0,2019-01-28 18:12:55,Convicted felon disputes claim that he’s ineligible for special election to fill San Antonio’s open House seat https://t.co/euNKy6LzG4
249,1089944372404203520,13323862,477,25737,76,274,20014,2008-02-10 21:54:48,0,1,2019-01-28 17:52:43,King Cake flavor is more popular than ever — but the taste has actually evolved over time https://t.co/VzqHR9oUtS
250,1089942723212263427,13323862,477,25737,76,274,20014,2008-02-10 21:54:48,0,2,2019-01-28 17:46:10,Recipe: New Orleans King Cake https://t.co/hYVYj6vItu
251,1089929079145537536,13323862,477,25737,76,274,20014,2008-02-10 21:54:48,1,0,2019-01-28 16:51:57,Recipe: Green Chile and Sausage Queso https://t.co/3dBfszdqAH
252,1089918845253574657,13323862,477,25737,76,274,20014,2008-02-10 21:54:48,0,0,2019-01-28 16:11:17,"The number of deaths from prostate cancer was not increased by finasteride, study led by San Antonio researcher fin… https://t.co/3wePM8LlU9"
253,1089781020147286019,13323862,477,25737,76,274,20014,2008-02-10 21:54:48,0,1,2019-01-28 07:03:37,Popovich won’t let Spurs slide in win over Wizards https://t.co/7X2uqqQUzz
254,1089718152945156096,13323862,477,25737,76,274,20014,2008-02-10 21:54:48,2,2,2019-01-28 02:53:48,"Former Houston teammates Ward, Ayers reunited with San Antonio Commanders https://t.co/K9Wvv3Sr4e"
255,1089716470370783232,13323862,477,25737,76,274,20014,2008-02-10 21:54:48,0,0,2019-01-28 02:47:07,Bexar County sheriff sidelines jail chief after man is released without required GPS tracker https://t.co/TpcwGPun6K
256,1089685857391525890,13323862,477,25737,76,274,20014,2008-02-10 21:54:48,0,0,2019-01-28 00:45:28,Thousands of medical pros gather for health care simulation conference https://t.co/xIEMDuD4Kb
