Index,ID,User_ID,Friends_Count,Followers_Count,Favourites_Count,Listed_Count,Status_Count,Created_at,Retweet_Count,Favourite_Count,Created_at,Text
1,1094716652195901440,10424112,2287,72873,1920,866,158032,2007-11-20 21:26:19,0,0,2019-02-10 21:56:03,"High school boys soccer: Canterbury, Fort Myers, Mariner advance to regional finals https://t.co/ZQliOhoYNC"
2,1094637635367251968,10424112,2287,72873,1920,866,158032,2007-11-20 21:26:19,1,1,2019-02-10 16:42:04,Fort Myers company recognized as a national leader in wearable technology https://t.co/S1IbDzGz1b
3,1094603909119778817,10424112,2287,72873,1920,866,158032,2007-11-20 21:26:19,0,2,2019-02-10 14:28:03,"Broadway's 'Waitress' at Artis—Naples includes two young Naples, Fort Myers actresses https://t.co/RtXSa8MwTr"
4,1094479615651917824,10424112,2287,72873,1920,866,158032,2007-11-20 21:26:19,0,0,2019-02-10 06:14:09,"Sunday's front: Citing Marco policeman's role in arrests, prosecutors dropped charges in cases. The policeman is on… https://t.co/2pZEINPGCo"
5,1094415011487932416,10424112,2287,72873,1920,866,158032,2007-11-20 21:26:19,4,2,2019-02-10 01:57:26,"Martini glass event at Artis—Naples raises more than $500,000 for veterans. https://t.co/PqtvFyUCT0"
6,1094372132094644232,10424112,2287,72873,1920,866,158032,2007-11-20 21:26:19,0,4,2019-02-09 23:07:03,Everglades City Seafood Festival attracts thousands to small town https://t.co/uJTqGz1BZD
7,1094362838615896064,10424112,2287,72873,1920,866,158032,2007-11-20 21:26:19,0,2,2019-02-09 22:30:07,Video: Cars on 5th event draws hundreds of car lovers downtown https://t.co/UT6B4rPmwc
8,1094353257844101120,10424112,2287,72873,1920,866,158032,2007-11-20 21:26:19,0,6,2019-02-09 21:52:03,Photos: Cars on 5th event draws hundreds of car lovers downtown https://t.co/zmRKMMQxPS
9,1094340674349080576,10424112,2287,72873,1920,866,158032,2007-11-20 21:26:19,0,2,2019-02-09 21:02:03,Southwest Florida golf: Naples connection that brought the Chubb Classic back to Lely Resort https://t.co/JjQKtEkB55
10,1094298438043344897,10424112,2287,72873,1920,866,158032,2007-11-20 21:26:19,0,4,2019-02-09 18:14:13,"High school girls basketball: Gulf Coast, Barron, Fort Myers, Neumann win district titles https://t.co/TOao9kzKC9"
11,1094290344299151361,10424112,2287,72873,1920,866,158032,2007-11-20 21:26:19,0,0,2019-02-09 17:42:03,Brent Batten: FGCU proposes water quality research on underused Bayshore parcel https://t.co/9RLgqG7AVt
12,1094282305881935872,10424112,2287,72873,1920,866,158032,2007-11-20 21:26:19,1,5,2019-02-09 17:10:07,"Exotic martini glass auction raises nearly $200,000 in Naples for vets https://t.co/PqtvFyUCT0"
13,1094266691780050944,10424112,2287,72873,1920,866,158032,2007-11-20 21:26:19,0,0,2019-02-09 16:08:04,Advocacy is Parkland student's salve for wounds from 2018 school shooting https://t.co/chRB2lSXno
14,1094258636929593344,10424112,2287,72873,1920,866,158032,2007-11-20 21:26:19,0,1,2019-02-09 15:36:04,"Love you! Naples-area readers told us, in memorable ways, how they'd perfect their Valentine's Day https://t.co/wcGCf3b8Kt"
15,1094250589347815426,10424112,2287,72873,1920,866,158032,2007-11-20 21:26:19,0,0,2019-02-09 15:04:05,"SWFL Forecast: Warmer, few more clouds, isolated showers https://t.co/I1e7YQFRDv"
16,1094108265426886656,10424112,2287,72873,1920,866,158032,2007-11-20 21:26:19,0,1,2019-02-09 05:38:32,Saturday's front page: Judge orders depositions of directors in David Lawrence Center's dispute with affiliated fou… https://t.co/m1g4vjhiX8
17,1094045981623099392,10424112,2287,72873,1920,866,158032,2007-11-20 21:26:19,1,1,2019-02-09 01:31:03,Relief money for Hurricane Irma reaching citrus growers https://t.co/Mm1HRqC0wi
18,1094037968761901057,10424112,2287,72873,1920,866,158032,2007-11-20 21:26:19,0,1,2019-02-09 00:59:12,Car crashes into Bonita dental office injuring two people https://t.co/oTunHKm2ZP
19,1094029876456239104,10424112,2287,72873,1920,866,158032,2007-11-20 21:26:19,6,1,2019-02-09 00:27:03,Sportscaster Warner Wolf charged with criminal mischief https://t.co/vGk4gj3btn
20,1094021833093984256,10424112,2287,72873,1920,866,158032,2007-11-20 21:26:19,0,0,2019-02-08 23:55:05,"Noisy neighbors? Naples businesses, residents struggle to co-exist https://t.co/RNYvC6hpsd"
21,1094013770131795968,10424112,2287,72873,1920,866,158032,2007-11-20 21:26:19,0,0,2019-02-08 23:23:03,Lawsuit between David Lawrence Center and foundation pushes on https://t.co/OtyP4OCNvp
22,1093993890376486914,10424112,2287,72873,1920,866,158032,2007-11-20 21:26:19,1,3,2019-02-08 22:04:03,Prosecutors seek death penalty against Sebring man accused of SunTrust Bank mass shooting https://t.co/j51vkRQ5Dh
23,1093978286684807168,10424112,2287,72873,1920,866,158032,2007-11-20 21:26:19,1,3,2019-02-08 21:02:03,Historic Sanibel Island property with famous guest house goes on the market https://t.co/8spBPkjt3Y
24,1093952114022322176,10424112,2287,72873,1920,866,158032,2007-11-20 21:26:19,1,2,2019-02-08 19:18:03,"Which U.S. city loves to ship pastrami sandwiches the most? Naples, apparently https://t.co/XUQ1yNNTeU"
25,1093944062317658114,10424112,2287,72873,1920,866,158032,2007-11-20 21:26:19,0,0,2019-02-08 18:46:03,"Marco Island city employee terminated prior to DUI, drug possession charges dropped https://t.co/fxJnlc0T56"
26,1093907321602957312,10424112,2287,72873,1920,866,158032,2007-11-20 21:26:19,0,0,2019-02-08 16:20:03,Watch former Naples High teacher during hearing https://t.co/2gQozGx9AE
27,1093899267343814657,10424112,2287,72873,1920,866,158032,2007-11-20 21:26:19,0,0,2019-02-08 15:48:03,Trial delayed for former Naples High teacher accused of sex with student https://t.co/ZgAA2FYs1z
28,1093893255706656768,10424112,2287,72873,1920,866,158032,2007-11-20 21:26:19,0,0,2019-02-08 15:24:10,"State attorney's office declined to prosecute multiple Marco Island criminal charges last month due to 'Brady cop'
https://t.co/PYom7YW8Ok"
29,1093891213349011462,10424112,2287,72873,1920,866,158032,2007-11-20 21:26:19,1,0,2019-02-08 15:16:03,"Bonita Springs High students hoping to earn pilot's license, drone pilot certificate https://t.co/k34OpCd1qF"
30,1093843404029640704,10424112,2287,72873,1920,866,158032,2007-11-20 21:26:19,1,0,2019-02-08 12:06:04,SWFL Forecast: Tracking a few changes for the weekend https://t.co/0ntUqTDeGg
31,1093744936376324096,10424112,2287,72873,1920,866,158032,2007-11-20 21:26:19,0,2,2019-02-08 05:34:48,Friday's front: Construction surge in Naples area has some residents worried that small-town charm will be lost to… https://t.co/UbPoJCT1jW
32,1093677555180285952,10424112,2287,72873,1920,866,158032,2007-11-20 21:26:19,2,1,2019-02-08 01:07:03,State halts putting herbicide on nuisance water plants while it gathers public input https://t.co/9GnAzBX5nf
33,1093663463115837440,10424112,2287,72873,1920,866,158032,2007-11-20 21:26:19,0,0,2019-02-08 00:11:03,Bonita Springs Fire District debuts new station on old site; public attends grand reopening https://t.co/RZPsNCtR5R
34,1093649385219596289,10424112,2287,72873,1920,866,158032,2007-11-20 21:26:19,0,1,2019-02-07 23:15:07,"Clarinetist of the 'silky sound,' Tony Palumbo, made Naples jazz a livelier scene https://t.co/eADbXHP5K9"
35,1093641569712959489,10424112,2287,72873,1920,866,158032,2007-11-20 21:26:19,0,0,2019-02-07 22:44:03,"Trial of Naples High teacher accused of sex with student, 17, set to begin Friday https://t.co/tT3mVbjcba"
36,1093633516498272256,10424112,2287,72873,1920,866,158032,2007-11-20 21:26:19,0,0,2019-02-07 22:12:03,These are the worst cities to live in America. Is yours one of them? https://t.co/h3jKJ2eiez
37,1093625465963724802,10424112,2287,72873,1920,866,158032,2007-11-20 21:26:19,1,10,2019-02-07 21:40:04,Gov. Ron DeSantis pushes for new teacher bonus program https://t.co/9m82YnjiVV
38,1093617669922848768,10424112,2287,72873,1920,866,158032,2007-11-20 21:26:19,1,5,2019-02-07 21:09:05,"Is Naples becoming the next Miami? Locals think so, but experts say it's impossible https://t.co/tE4tQkwtYw"
39,1093609860548231170,10424112,2287,72873,1920,866,158032,2007-11-20 21:26:19,0,0,2019-02-07 20:38:03,Mystery of Florida's beached wooden cross may be solved https://t.co/3WgKa3z90H
40,1093600321761394690,10424112,2287,72873,1920,866,158032,2007-11-20 21:26:19,0,1,2019-02-07 20:00:09,Corkscrew Road might get another traffic light in Estero https://t.co/iMSiqAgHfw
41,1093584695604989953,10424112,2287,72873,1920,866,158032,2007-11-20 21:26:19,0,2,2019-02-07 18:58:03,Photographer shares joys and frustrations of camera trap photography ~ Our World https://t.co/CLXXOoxLN0
42,1093576890030395392,10424112,2287,72873,1920,866,158032,2007-11-20 21:26:19,1,10,2019-02-07 18:27:02,Top 5 things to do this weekend in Southwest Florida https://t.co/74VGavd98t
43,1093568856323489794,10424112,2287,72873,1920,866,158032,2007-11-20 21:26:19,0,2,2019-02-07 17:55:07,"See what the fight over the wall boils down to: 200 miles on a 2,000-mile border https://t.co/fckhic5QI1"
44,1093556275173122049,10424112,2287,72873,1920,866,158032,2007-11-20 21:26:19,0,2,2019-02-07 17:05:07,"Birds strike planes in USA more than 40 times a day, FAA data show https://t.co/xN0ExUp91F"
45,1093548454842957824,10424112,2287,72873,1920,866,158032,2007-11-20 21:26:19,0,0,2019-02-07 16:34:03,"How to stop robocalls, block numbers on your iPhone, Android and even landline https://t.co/Mcv1ghm3Ib"
46,1093534610947039235,10424112,2287,72873,1920,866,158032,2007-11-20 21:26:19,0,0,2019-02-07 15:39:02,Ex-Marco cop will drop Baker Act lawsuit in exchange for city not seeking attorneys' fees https://t.co/EB6FygACsh
47,1093524793960222720,10424112,2287,72873,1920,866,158032,2007-11-20 21:26:19,1,0,2019-02-07 15:00:02,Help us investigate cosmetic surgery safety issues. Tell us your story: https://t.co/NY4ssjiAOF
48,1093509952692543494,10424112,2287,72873,1920,866,158032,2007-11-20 21:26:19,0,1,2019-02-07 14:01:03,We're all on the path to old age; NPR's Ina Jaffe points out its rocks for us in Naples talk https://t.co/dbl6cJCb1E
49,1093500643359277059,10424112,2287,72873,1920,866,158032,2007-11-20 21:26:19,0,1,2019-02-07 13:24:04,"Brent Batten: Criminal justice reform on the president's agenda, and Florida's too https://t.co/10Myw91F8Q"
50,1093494586784178176,10424112,2287,72873,1920,866,158032,2007-11-20 21:26:19,0,1,2019-02-07 13:00:00,"Many doctors at dangerous clinic were not certified in plastic surgery, but performed the operations anyway, some l… https://t.co/dAxgmKdLQx"
51,1093486795260653569,10424112,2287,72873,1920,866,158032,2007-11-20 21:26:19,1,2,2019-02-07 12:29:02,SWFL Forecast: Warmer weather prevails Thursday https://t.co/BjT7XMWUzj
52,1093444033458987010,10424112,2287,72873,1920,866,158032,2007-11-20 21:26:19,0,0,2019-02-07 09:39:07,Thursday's front: Cosmetic surgery clinics are targets of FL legislation so those that harm patients could be close… https://t.co/ksfEkHntZk
53,1093299814610227209,10424112,2287,72873,1920,866,158032,2007-11-20 21:26:19,1,0,2019-02-07 00:06:02,Man who died during tomato-gathering work near Immokalee was 68 https://t.co/3GhaVeY3Qd
54,1093275405765804033,10424112,2287,72873,1920,866,158032,2007-11-20 21:26:19,0,0,2019-02-06 22:29:03,Florida lawmaker wants to give state power to punish deadly cosmetic surgery clinics https://t.co/2SdhK3I6u5
55,1093267353612312577,10424112,2287,72873,1920,866,158032,2007-11-20 21:26:19,0,3,2019-02-06 21:57:03,Naples City Council: No commercial landscaping on Sundays https://t.co/Y9bMoAKWWi
56,1093259548859740161,10424112,2287,72873,1920,866,158032,2007-11-20 21:26:19,0,1,2019-02-06 21:26:02,South Florida family wins court battle to drill for oil in Everglades https://t.co/P1IGCe3sNq
57,1093250239845330944,10424112,2287,72873,1920,866,158032,2007-11-20 21:26:19,1,1,2019-02-06 20:49:03,"Man accused of shooting at Collier deputy sentenced to probation, forfeits guns https://t.co/UKvCykm7mX"
58,1093240673128644610,10424112,2287,72873,1920,866,158032,2007-11-20 21:26:19,0,0,2019-02-06 20:11:02,CCSO deputy injured after crash during traffic stop https://t.co/b8O2ZBWYcH
59,1093214503381229568,10424112,2287,72873,1920,866,158032,2007-11-20 21:26:19,0,0,2019-02-06 18:27:03,"Hot Ticket: Michael Bublé, Los Lobos among top concerts Feb. 15-22 in Florida https://t.co/qvkuNWo7El"
60,1093204940531617794,10424112,2287,72873,1920,866,158032,2007-11-20 21:26:19,0,1,2019-02-06 17:49:03,"At La Trattoria, rustic simplicity and a squid-ink pasta our critic can't forget — JLB review https://t.co/waVEjn8C5F"
61,1093196887216263173,10424112,2287,72873,1920,866,158032,2007-11-20 21:26:19,0,2,2019-02-06 17:17:03,"National Signing Day 2019: Ten from Naples High commit, including two Division I athletes https://t.co/eMzGZvEJuX"
62,1093155245880823809,10424112,2287,72873,1920,866,158032,2007-11-20 21:26:19,0,1,2019-02-06 14:31:35,TheatreZone's 'Aida' gets its groove from Elton John-Tim Rice collaboration https://t.co/6i8coBuyRG https://t.co/GhqGqJQENh
63,1093146681573498881,10424112,2287,72873,1920,866,158032,2007-11-20 21:26:19,0,0,2019-02-06 13:57:33,TheatreZone's 'Aida' gets its groove from Elton John-Tim Rice collaboration https://t.co/6i8coBuyRG
64,1093135242129358849,10424112,2287,72873,1920,866,158032,2007-11-20 21:26:19,0,1,2019-02-06 13:12:05,In the Know: Island Gypsy launches poolside cafe in Naples https://t.co/jfCiBJkmzY https://t.co/BK9q6ZiIk6
65,1093135234764161024,10424112,2287,72873,1920,866,158032,2007-11-20 21:26:19,0,0,2019-02-06 13:12:04,Highlights from Trump's State of the Union address https://t.co/b8TllM7EVj https://t.co/JlMldns7av
66,1093126171233927168,10424112,2287,72873,1920,866,158032,2007-11-20 21:26:19,0,0,2019-02-06 12:36:03,State of the Union: The chance of Trump's agenda getting through Congress and other takeaways… https://t.co/L6rdQE1dah
67,1093118376635846666,10424112,2287,72873,1920,866,158032,2007-11-20 21:26:19,0,2,2019-02-06 12:05:04,SWFL Forecast: Warmer temperatures Wednesday https://t.co/Zc28F7Jbft https://t.co/bqosz7lAWI
68,1093102389379231744,10424112,2287,72873,1920,866,158032,2007-11-20 21:26:19,0,0,2019-02-06 11:01:33,In the Know: Island Gypsy launches poolside cafe in Naples https://t.co/jfCiBJkmzY
69,1093083521135054848,10424112,2287,72873,1920,866,158032,2007-11-20 21:26:19,0,3,2019-02-06 09:46:34,"Wednesday's front page: In his first State of the Union address to a divided Congress, President Trump called for b… https://t.co/mrkobojTNQ"
70,1093012808705335296,10424112,2287,72873,1920,866,158032,2007-11-20 21:26:19,1,1,2019-02-06 05:05:35,Photos: Island Gypsy Poolside Cafe https://t.co/d0KgfsW3bF https://t.co/MmLaEEqVu6
71,1092963354333765638,10424112,2287,72873,1920,866,158032,2007-11-20 21:26:19,0,0,2019-02-06 01:49:04,"Trump delivers State of the Union amid turmoil over border wall, shutdown fears https://t.co/KjM0a70J0q https://t.co/NnTG0rF96u"
72,1092963344816910337,10424112,2287,72873,1920,866,158032,2007-11-20 21:26:19,0,0,2019-02-06 01:49:02,Watch live as President Donald Trump gives his State of the Union address https://t.co/A0BmI5926F
73,1092962093563731969,10424112,2287,72873,1920,866,158032,2007-11-20 21:26:19,0,0,2019-02-06 01:44:04,"Video: ""Aida"" features romance, betrayal and song https://t.co/rmo8p4QbGb https://t.co/wbVEzuXxzZ"
74,1092933282373619712,10424112,2287,72873,1920,866,158032,2007-11-20 21:26:19,0,2,2019-02-05 23:49:34,"Collier may consider more buses, longer hours on certain public transit routes https://t.co/prCWmPnkWf https://t.co/lArpVb0lXo"
75,1092933275734036482,10424112,2287,72873,1920,866,158032,2007-11-20 21:26:19,1,1,2019-02-05 23:49:33,"More than 16,000 fish released in Gulf to ease effects of red tide https://t.co/mTbKQzvvVW"
76,1092920809201520642,10424112,2287,72873,1920,866,158032,2007-11-20 21:26:19,0,0,2019-02-05 23:00:01,"The creators of @UncertainTerms, a true-crime podcast featuring Florida kids who killed, will be live on Facebook a… https://t.co/LWY4I65ncz"
77,1092908741148594177,10424112,2287,72873,1920,866,158032,2007-11-20 21:26:19,0,1,2019-02-05 22:12:03,Community Foundation of Collier County awards more than $3.7 million in grants https://t.co/KNoaW8Hmiz https://t.co/n9TrziKFDb
78,1092905710097117184,10424112,2287,72873,1920,866,158032,2007-11-20 21:26:19,0,2,2019-02-05 22:00:01,"Women who died after surgeries at dangerous Florida cosmetic surgery business were mostly working class, black and… https://t.co/4ya2OueDVN"
79,1092901822392496128,10424112,2287,72873,1920,866,158032,2007-11-20 21:26:19,0,0,2019-02-05 21:44:34,"When, where and how to watch President Donald Trump's 2019 State of the Union address https://t.co/cFT1bkX4qV https://t.co/baqdv5hu23"
80,1092896033753903104,10424112,2287,72873,1920,866,158032,2007-11-20 21:26:19,0,0,2019-02-05 21:21:34,PHOTOS: What JLB ate (and more) at La Trattoria in downtown Naples https://t.co/H56E1IJPHn https://t.co/DxrU93s3Jh
81,1092895023450906624,10424112,2287,72873,1920,866,158032,2007-11-20 21:26:19,0,0,2019-02-05 21:17:33,"Higher admission price, other changes at this year's Cars on Fifth event in downtown Naples https://t.co/NAPv0I59c8"
82,1092892001740021763,10424112,2287,72873,1920,866,158032,2007-11-20 21:26:19,0,1,2019-02-05 21:05:32,Photos: 2018 Cars on Fifth https://t.co/1Nqd21rgbe
83,1092886846642614272,10424112,2287,72873,1920,866,158032,2007-11-20 21:26:19,1,2,2019-02-05 20:45:03,Sheriff's Office civilian jail technician fired after arrest on sexual abuse charges https://t.co/xZLDzUzBha https://t.co/zdF1QqJI9p
84,1092874895640260608,10424112,2287,72873,1920,866,158032,2007-11-20 21:26:19,0,1,2019-02-05 19:57:34,"FSW agrees to pay $300,000 to woman who accused ex-provost of sexual misconduct https://t.co/f26EFLdSnF https://t.co/AO2FC4kmMR"
85,1092862068141617153,10424112,2287,72873,1920,866,158032,2007-11-20 21:26:19,0,0,2019-02-05 19:06:36,"FSW agrees to pay $300,000 to woman who accused ex-provost of sexual misconduct https://t.co/3QGZGagr3S https://t.co/16LRphkzMM"
86,1092849855502835712,10424112,2287,72873,1920,866,158032,2007-11-20 21:26:19,0,2,2019-02-05 18:18:04,Kevin Nealon wants to pump up Naples with his comedy https://t.co/cR8RfHmfUo https://t.co/9RakZwarhY
87,1092842679937847296,10424112,2287,72875,1920,866,158032,2007-11-20 21:26:19,0,1,2019-02-05 17:49:33,Guitar great Al Di Meola will perform in Bonita Springs on Saturday https://t.co/eCZDPEZP5h https://t.co/MDCKnmrdKl
88,1092832743870816261,10424112,2287,72875,1920,866,158032,2007-11-20 21:26:19,1,1,2019-02-05 17:10:04,New shark regulations expected to further protect Florida's shrinking population https://t.co/60SA4BZmpA https://t.co/wEJPY87jC3
89,1092774228208709632,10424112,2287,72875,1920,866,158032,2007-11-20 21:26:19,1,3,2019-02-05 13:17:33,Pizza pride: Five spots to celebrate National Pizza Day from Naples to North Fort Myers https://t.co/mSHNhOnfSX https://t.co/1pldLKSMCf
90,1092756493982588928,10424112,2287,72875,1920,866,158032,2007-11-20 21:26:19,0,4,2019-02-05 12:07:05,SWFL Forecast: Warmer and sunnier Tuesday https://t.co/waCxbU73Pc https://t.co/ONKuzs4ulP
91,1092756484889268224,10424112,2287,72875,1920,866,158032,2007-11-20 21:26:19,0,0,2019-02-05 12:07:03,Brent Batten: Fire prevention fee hits church in the collection plate https://t.co/iy91M0CXuL https://t.co/MaK0k0ypPp
92,1092588647889674241,10424112,2287,72875,1920,866,158032,2007-11-20 21:26:19,0,0,2019-02-05 01:00:07,"Hundreds of Florida juvenile killers are eligible for sentencing do-overs and even freedom. How did we get here?

H… https://t.co/18vQUH4HsY"
93,1092551396723847168,10424112,2287,72875,1920,866,158032,2007-11-20 21:26:19,1,1,2019-02-04 22:32:06,Guadalupe Social Services in Immokalee asking for donations to replace soup kettle https://t.co/R3kgUXph4T https://t.co/F3eUaObXLB
94,1092551387668307969,10424112,2287,72875,1920,866,158032,2007-11-20 21:26:19,0,0,2019-02-04 22:32:04,"Interim CEO of NCH Healthcare System on right track, observers say https://t.co/10DvuVU4hg https://t.co/ERALhGj5cg"
95,1092528124816846848,10424112,2287,72875,1920,866,158032,2007-11-20 21:26:19,0,0,2019-02-04 20:59:37,Funding agreement for Alligator Alley fire station set to expire in June https://t.co/5wXRsgKSIJ https://t.co/0UZdW3l4JM
96,1092528110002569218,10424112,2287,72875,1920,866,158032,2007-11-20 21:26:19,0,3,2019-02-04 20:59:34,NFL: Immokalee's J.C. Jackson makes Collier history in Super Bowl win with Patriots https://t.co/8ZNMDDhqRX https://t.co/2a5A8CMnQE
97,1092504453108850688,10424112,2287,72875,1920,866,158032,2007-11-20 21:26:19,5,6,2019-02-04 19:25:34,Immokalee's JC Jackson the 8th Southwest Florida NFL player to be crowned Super Bowl champ https://t.co/rwXu47F0oY
98,1092489228540305408,10424112,2287,72875,1920,866,158032,2007-11-20 21:26:19,0,0,2019-02-04 18:25:04,Mast wants Army Corps to notify public of health risks from Lake Okeechobee discharges https://t.co/nmONsGy1Tn https://t.co/Uq82Y0snTl
99,1092460042568097792,10424112,2287,72873,1920,866,158032,2007-11-20 21:26:19,0,0,2019-02-04 16:29:05,Former Naples City Manager Bill Moss to run for City Council https://t.co/5aDjI67mtL https://t.co/Iq3hCClYM4
100,1092457272515547136,10424112,2287,72873,1920,866,158032,2007-11-20 21:26:19,0,0,2019-02-04 16:18:05,"Hoffmann family buys local businesses, creates new marketing company https://t.co/qzlqhzez9J https://t.co/VPk9LHJF4S"
101,1092422524317646848,10424112,2287,72873,1920,866,158032,2007-11-20 21:26:19,0,1,2019-02-04 14:00:00,"“Pray for me, Suzy, Please.” Text message sent by 29-year-old woman to her best friend just before she went into su… https://t.co/UkvyCDLHzh"
102,1092417380356055040,10424112,2287,72873,1920,866,158032,2007-11-20 21:26:19,0,0,2019-02-04 13:39:34,"Editorial: Fertilizer ordinance in Collier, new jobs in Lee, highlight week's agendas https://t.co/Dk4deNQy35 https://t.co/xnKOGa4HBD"
103,1092403794061668352,10424112,2287,72873,1920,866,158032,2007-11-20 21:26:19,1,2,2019-02-04 12:45:35,"Restaurant inspections: Roach, rodent activity force three Naples restaurants to temporarily close… https://t.co/PeYPjR2JMu"
104,1092378249684934658,10424112,2287,72873,1920,866,158032,2007-11-20 21:26:19,0,1,2019-02-04 11:04:04,In the Know: Work begins on senior community on Orange Blossom Drive https://t.co/S7xBHDdkC3 https://t.co/WyzbNsol1G
105,1092259084588396547,10424112,2287,72873,1920,866,158032,2007-11-20 21:26:19,0,2,2019-02-04 03:10:33,Patriots top Rams 13-3 to win sixth NFL title in lowest-scoring Super Bowl ever https://t.co/aTcrnkOwz6 https://t.co/oQQgCqbVWe
106,1092214683522613248,10424112,2287,72873,1920,866,158032,2007-11-20 21:26:19,0,0,2019-02-04 00:14:07,Patriots fans share their hopes and dreams at Foxboro Sports Tavern https://t.co/41BUl8LsMq https://t.co/Co7jBrDulf
107,1092214673661779968,10424112,2287,72873,1920,866,158032,2007-11-20 21:26:19,1,1,2019-02-04 00:14:05,Swamp Buggy Races: Greenling earns redemption with Winter Classic title https://t.co/jFDFphKR6S https://t.co/qWoA6O2gkY
108,1092214664765759489,10424112,2287,72873,1920,866,158032,2007-11-20 21:26:19,0,0,2019-02-04 00:14:03,National Weather Service in Miami issues dense fog advisory for coastal Collier until 10 p.m.… https://t.co/9rGOiUTEaM
109,1092184471288242176,10424112,2287,72873,1920,866,158032,2007-11-20 21:26:19,0,1,2019-02-03 22:14:04,Video: Low-cost cosmetic surgery has been deadly for some https://t.co/gQILpg08VQ https://t.co/20jzedRcub
110,1092151755108868096,10424112,2287,72873,1920,866,158032,2007-11-20 21:26:19,1,3,2019-02-03 20:04:04,"Steve Forbes to give speech on ethical leadership in Naples, says timing is ideal https://t.co/l35OyHc4ar https://t.co/Eb1MjcQRH7"
111,1092091108035686400,10424112,2287,72873,1920,866,158032,2007-11-20 21:26:19,0,3,2019-02-03 16:03:04,Immokalee's JC Jackson joining list of Southwest Florida Super Bowl players https://t.co/tWL80sQxHq https://t.co/WViWdHtS6N
112,1092058760825122817,10424112,2287,72873,1920,866,158032,2007-11-20 21:26:19,0,4,2019-02-03 13:54:32,Southwest Florida weather forecast: Expect partly cloudy skies with warm temperatures Sunday https://t.co/fJl3Ut0dVF
113,1092052093030952965,10424112,2287,72873,1920,866,158032,2007-11-20 21:26:19,2,2,2019-02-03 13:28:02,Brent Batten: Algae messes spurred politicians at all levels to face FL water problems https://t.co/qhnORtXDhN
114,1092045803814739968,10424112,2287,72873,1920,866,158032,2007-11-20 21:26:19,0,0,2019-02-03 13:03:03,"Sharing stories about food, family: How to participate in Storytellers Project https://t.co/634ODoRTvr https://t.co/CIYWPSKxs5"
115,1091933217672888320,10424112,2287,72873,1920,866,158032,2007-11-20 21:26:19,1,2,2019-02-03 05:35:40,Sunday's front page: Two clinics helped make Miami a national destination for plastic surgery but left eight women… https://t.co/96l2cpOChO
116,1091867253493006337,10424112,2287,72873,1920,866,158032,2007-11-20 21:26:19,0,2,2019-02-03 01:13:33,Photos: Great Naples Rubber Duck Race https://t.co/oNnlCrW7eh https://t.co/pBggHuqEP3
117,1091791888573640704,10424112,2287,72873,1920,866,158032,2007-11-20 21:26:19,0,2,2019-02-02 20:14:05,"Before scheduling a cosmetic surgery procedure, make sure you follow these 14 steps https://t.co/AIwbbmm7gd https://t.co/808w39579R"
118,1091788087318007808,10424112,2287,72873,1920,866,158032,2007-11-20 21:26:19,2,1,2019-02-02 19:58:59,Florida plastic surgery business recruited thousands of patients from across the country – mostly Hispanic and blac… https://t.co/wXVa6xpKWZ
119,1091754894661275648,10424112,2287,72873,1920,866,158032,2007-11-20 21:26:19,0,0,2019-02-02 17:47:05,Collier County Sheriff's Office: Man dies in work-related incident https://t.co/CkpGBxGeiZ https://t.co/FtFxS0kpAd
120,1091746206311636992,10424112,2287,72873,1920,866,158032,2007-11-20 21:26:19,0,2,2019-02-02 17:12:33,Video: How to avoid event ticket scams https://t.co/gKJrS8TP0z https://t.co/XoSxDRmtaF
121,1091745074583502848,10424112,2287,72873,1920,866,158032,2007-11-20 21:26:19,0,0,2019-02-02 17:08:04,The subject steps out of the painting: de Borchgrave costumes in Naples: https://t.co/9CKJKvk2JG https://t.co/w4oH0HfX2l
122,1091741808411852800,10424112,2287,72873,1920,866,158032,2007-11-20 21:26:19,0,2,2019-02-02 16:55:05,Police investigating incident at Orlando International Airport https://t.co/4s98ZdGZC1 https://t.co/dvPtzdF1l2
123,1091717019748069376,10424112,2287,72873,1920,866,158032,2007-11-20 21:26:19,0,0,2019-02-02 15:16:35,Hope for life-changing surgeries left some dead https://t.co/gVRer02Hcz https://t.co/ivS7b3NVHp
124,1091712989760245764,10424112,2287,72873,1920,866,158032,2007-11-20 21:26:19,0,1,2019-02-02 15:00:34,Ticket resellers can make local shows an expensive night out https://t.co/CcADmXfn5J https://t.co/Xc83TKRJbX
125,1091683046040862721,10424112,2287,72873,1920,866,158032,2007-11-20 21:26:19,3,1,2019-02-02 13:01:35,Manatees at Mote Marine Laboratory &amp; Aquarium make their predictions for Super Bowl LIII https://t.co/EOXIjCTIUq https://t.co/u3v9JtC7lf
126,1091570944261406720,10424112,2287,72873,1920,866,158032,2007-11-20 21:26:19,0,2,2019-02-02 05:36:08,"Saturday's front page: In his first proposed budget, new Gov. Ron DeSantis calls for boosts in spending on FL schoo… https://t.co/K9p62mWZez"
127,1091523616246624256,10424112,2287,72873,1920,866,158032,2007-11-20 21:26:19,0,4,2019-02-02 02:28:04,Champions for Learning honors two Mentors of the Year who helped teen students in Collier https://t.co/ZoQXs0JqvL https://t.co/WPJzgJSpx3
128,1091517822990249984,10424112,2287,72873,1920,866,158032,2007-11-20 21:26:19,0,2,2019-02-02 02:05:03,Hundreds of Florida lifers who were teens when they committed murder have been granted new sentencing hearings in h… https://t.co/Q5ecjI0DoR
129,1091501844356943872,10424112,2287,72873,1920,866,158032,2007-11-20 21:26:19,1,1,2019-02-02 01:01:33,Swamp Buggy Races: Winter Classic returns Sunday after rain out https://t.co/ysQ5Mm9GRO https://t.co/eKmsVkcAMk
130,1091491902442983425,10424112,2287,72873,1920,866,158032,2007-11-20 21:26:19,0,5,2019-02-02 00:22:03,"Gov. Ron DeSantis wants tax cuts, more for Florida schools https://t.co/pLxaNy0qJT"
131,1091443586682433537,10424112,2287,72873,1920,866,158032,2007-11-20 21:26:19,0,0,2019-02-01 21:10:03,Michael Sullivan https://t.co/DhxTQ9KAav https://t.co/dzkVfvNYEy
132,1091441701367865344,10424112,2287,72873,1920,866,158032,2007-11-20 21:26:19,0,0,2019-02-01 21:02:34,Collier County-owned land proposed for bus barn draws interest from buyers https://t.co/W1KuDuRJgK https://t.co/T36JaNzcVp
133,1091424085752442880,10424112,2287,72873,1920,866,158032,2007-11-20 21:26:19,0,1,2019-02-01 19:52:34,Naples native battling inoperable brain cancer embraces holistic medicine as last resort https://t.co/zeDKyhgZIs https://t.co/FD5TEHzLNF
134,1091408740853592064,10424112,2287,72873,1920,866,158032,2007-11-20 21:26:19,0,0,2019-02-01 18:51:35,Barry Nicholls https://t.co/2mcUsOB860 https://t.co/DbpbwK73s3
135,1091407865405829120,10424112,2287,72873,1920,866,158032,2007-11-20 21:26:19,0,0,2019-02-01 18:48:07,Dave Osborn https://t.co/Eb0ATXEUls https://t.co/1b5VMzXL61
136,1091406605608935424,10424112,2287,72873,1920,866,158032,2007-11-20 21:26:19,0,0,2019-02-01 18:43:06,Lacey King https://t.co/y3gyj7QLf4 https://t.co/GkoP8muDU6
137,1091405347925852160,10424112,2287,72873,1920,866,158032,2007-11-20 21:26:19,1,0,2019-02-01 18:38:06,Photos: Isabelle de Borchgrave's intricate paper costumes on display at Artis-Naples https://t.co/SMVCdzeQta https://t.co/jlsVZNW0tK
138,1091377540034322434,10424112,2287,72873,1920,866,158032,2007-11-20 21:26:19,0,1,2019-02-01 16:47:37,No one hurt in ceiling collapse at Chase Bank near Golden Gate https://t.co/YSkkUDMCQT
139,1091377534137073665,10424112,2287,72873,1920,866,158032,2007-11-20 21:26:19,0,2,2019-02-01 16:47:35,Video: Bakers at Tony's Off Third prepare treats for Valentine's Day https://t.co/2hDUAaoSoe https://t.co/3qNYlxeU5j
140,1091344196823183360,10424112,2287,72873,1920,866,158032,2007-11-20 21:26:19,3,7,2019-02-01 14:35:07,Immokalee's JC Jackson goes from NFL longshot to a win away from being Super Bowl champion https://t.co/sdUqU7umvy https://t.co/gjNx8xRnpb
141,1091344187167920128,10424112,2287,72873,1920,866,158032,2007-11-20 21:26:19,0,3,2019-02-01 14:35:05,"Pair of baby otters found at Punta Gorda development, taken to Sanibel rehab center https://t.co/aeAUJTe4p4 https://t.co/YYAqnllION"
142,1091320259624153098,10424112,2287,72873,1920,866,158032,2007-11-20 21:26:19,2,0,2019-02-01 13:00:00,Florida plastic surgery clinics promoted a risky and increasingly popular and cosmetic procedure – Brazilian butt l… https://t.co/hNiuuS5mh4
143,1091317913523347457,10424112,2287,72873,1920,866,158032,2007-11-20 21:26:19,1,4,2019-02-01 12:50:40,Naples Senior Center has sights on $15 million fundraising goal for new complex https://t.co/6q1IUiFQxB https://t.co/dBOAh0S9qn
144,1091317902957899776,10424112,2287,72873,1920,866,158032,2007-11-20 21:26:19,0,0,2019-02-01 12:50:38,"Editorial: Goss a good choice for water management board, effective action would be another https://t.co/bl4DqGnYfg https://t.co/D4D3mWgGuL"
145,1091317891893420033,10424112,2287,72873,1920,866,158032,2007-11-20 21:26:19,0,1,2019-02-01 12:50:35,"High school soccer: Barron Collier, North, Estero and Bishop Verot claim district titles https://t.co/oWi7REe7Rt https://t.co/qJ1IBAr0Lc"
146,1091208457703837707,10424112,2287,72873,1920,866,158032,2007-11-20 21:26:19,0,2,2019-02-01 05:35:44,Friday's front page: Beach replenishment funding -- who gets the money? Allocations would be revamped under FL legi… https://t.co/2WtzaVrZmU
147,1091133314948165633,10424112,2287,72873,1920,866,158032,2007-11-20 21:26:19,0,3,2019-02-01 00:37:09,Immokalee Area Master Plan gets a new chance at approval https://t.co/DyOsnfNUmh https://t.co/yY2v6KE0J3
148,1091115062666752000,10424112,2287,72873,1920,866,158032,2007-11-20 21:26:19,0,0,2019-01-31 23:24:37,Mayfield bill would revamp how state beach renourishment funding is decided https://t.co/oXOHVGqQSG https://t.co/9GetOv2UXU
149,1091115052319485953,10424112,2287,72873,1920,866,158032,2007-11-20 21:26:19,2,1,2019-01-31 23:24:35,"Eight more dolphins found stranded in Lee County, none in Collier https://t.co/70yjpjqnSv"
150,1091096825019285504,10424112,2287,72873,1920,866,158032,2007-11-20 21:26:19,0,3,2019-01-31 22:12:09,"Authorities arrest 15 in operation targeting opioids, other drugs in Bonita Springs https://t.co/obrfPjcsd8 https://t.co/nsmv7HjAMU"
151,1091082722909466625,10424112,2287,72873,1920,866,158032,2007-11-20 21:26:19,0,2,2019-01-31 21:16:07,CCSO: Immokalee man accused of aggravated assault involving 5-year-old https://t.co/bOJSqNrq5h https://t.co/wGGRJkA0TH
152,1091076690690756608,10424112,2287,72873,1920,866,158032,2007-11-20 21:26:19,0,1,2019-01-31 20:52:08,Everglades Wonder Gardens in Bonita Springs marks new chapter with butterfly release https://t.co/Amv2jBgtI5 https://t.co/P7qHRxAvWi
153,1091064097297227776,10424112,2287,72873,1920,866,158032,2007-11-20 21:26:19,1,1,2019-01-31 20:02:06,Photos: 100 butterflies released at Everglades Wonder Gardens https://t.co/ULc50rOgDU https://t.co/XuIYbMTp62
154,1091057673443962880,10424112,2287,72873,1920,866,158032,2007-11-20 21:26:19,2,6,2019-01-31 19:36:34,"Gov. @RonDeSantisFL announces executive order to eliminate vestiges of Common Core
https://t.co/EnPRcSRU6r via @Thyrie"
155,1091035911293362178,10424112,2287,72873,1920,866,158032,2007-11-20 21:26:19,0,0,2019-01-31 18:10:06,Estero Council to consider naming Estero Parkway for Don Eslick https://t.co/Bgsfs2aw71 https://t.co/nUjMp0HuaI
156,1090977901942472704,10424112,2287,72873,1920,866,158032,2007-11-20 21:26:19,0,0,2019-01-31 14:19:35,"""Modern Love"" stories revealed at ""Storytellers""; next one in Naples is March 20, with ""Food and Family"" theme… https://t.co/bqwp2tQWsa"
157,1090973367845322752,10424112,2287,72873,1920,866,158032,2007-11-20 21:26:19,0,0,2019-01-31 14:01:34,Top 5 things to do this weekend in Southwest Florida https://t.co/MbMd97PPHp https://t.co/UISn3U3aq0
158,1090972977515163653,10424112,2287,72873,1920,866,158032,2007-11-20 21:26:19,2,2,2019-01-31 14:00:01,"NEW EPISODE 🎧

In a new legal twist in a case that’s already gone through four murder trials and four death sentenc… https://t.co/3eraKtEaC3"
159,1090963047684857859,10424112,2287,72873,1920,866,158032,2007-11-20 21:26:19,2,3,2019-01-31 13:20:34,Rubber duck race Saturday in North Naples will raise money to prevent child drownings https://t.co/Fq8u3T7Tbi
160,1090945690262368256,10424112,2287,72873,1920,866,158032,2007-11-20 21:26:19,0,5,2019-01-31 12:11:36,SWFL Forecast: Another chilly start but warmer weather ahead https://t.co/cKsZqhq2e2 https://t.co/f0fPsz0iYj
161,1090944073081352192,10424112,2287,72873,1920,866,158032,2007-11-20 21:26:19,0,1,2019-01-31 12:05:10,Top 5 things to do this weekend https://t.co/M0xrffep45 https://t.co/y9VfGZxhuA
162,1090944059680542727,10424112,2287,72873,1920,866,158032,2007-11-20 21:26:19,0,1,2019-01-31 12:05:07,"Patti LaBelle, Adam Sandler among hot tickets in Florida Feb. 8-15 https://t.co/MzTkNOKC95 https://t.co/ia6gT0qQOz"
163,1090936117048688640,10424112,2287,72873,1920,866,158032,2007-11-20 21:26:19,0,0,2019-01-31 11:33:33,Brent Batten: Local or statewide control? FL debate of issues to include short-term rentals https://t.co/TY0wVCK32w
164,1090914981791424512,10424112,2287,72873,1920,866,158032,2007-11-20 21:26:19,4,13,2019-01-31 10:09:34,"Young mothers, blue-collar clerks, all promised life-changing plastic surgeries - and died. https://t.co/LzOOY4bovI"
165,1090914978733801472,10424112,2287,72873,1920,866,158032,2007-11-20 21:26:19,0,0,2019-01-31 10:09:33,This business helped transform Miami into a national plastic surgery destination. Eight women died. https://t.co/iUbjTLgTNA
166,1090845619395059712,10424112,2287,72873,1920,866,158032,2007-11-20 21:26:19,0,0,2019-01-31 05:33:57,"Thursday's front page: Alert system will warn of storms, flooding, brush fires via text messages, phone calls, emai… https://t.co/gEi9fSFdPG"
167,1090792365818822657,10424112,2287,72873,1920,866,158032,2007-11-20 21:26:19,0,0,2019-01-31 02:02:20,https://t.co/AeEsNf6S5K
168,1090772549124804609,10424112,2287,72873,1920,866,158032,2007-11-20 21:26:19,0,0,2019-01-31 00:43:35,Jurors begin deliberating in trial of man accused of killing woman outside East Naples bar in 2017… https://t.co/zBUOTrew1z
169,1090759838232076288,10424112,2287,72873,1920,866,158032,2007-11-20 21:26:19,0,1,2019-01-30 23:53:05,"Collier County unveils new emergency notification system for storms, brush fires, evacuations… https://t.co/Z9KztazTwI"
170,1090756821436878848,10424112,2287,72873,1920,866,158032,2007-11-20 21:26:19,1,0,2019-01-30 23:41:06,Three candidates qualify to run for vacant Naples City Council seat https://t.co/bIVJL9fnAp https://t.co/5Dl1i3HGiE
171,1090709383598694400,10424112,2287,72873,1920,866,158032,2007-11-20 21:26:19,2,2,2019-01-30 20:32:36,Naples Estates fire delays fixes to clubhouse damaged by Irma https://t.co/2GrTk3PEiT https://t.co/94UpdltdGC
172,1090697296012926976,10424112,2287,72873,1920,866,158032,2007-11-20 21:26:19,0,0,2019-01-30 19:44:34,"SFWMD board Chair Federico Fernandez, member Jaime Weisinger resign as DeSantis asked https://t.co/a9HbD8EEH8"
173,1090687870090633216,10424112,2287,72873,1920,866,158032,2007-11-20 21:26:19,0,0,2019-01-30 19:07:06,"Naples restaurants: Atmosphere, cocktails shine at new The Hampton Social — JLB review https://t.co/3WF9VUH7Tz https://t.co/Vf5SizTjxg"
174,1090682842323968000,10424112,2287,72873,1920,866,158032,2007-11-20 21:26:19,1,6,2019-01-30 18:47:08,Melissa Etheridge returning to Bonita Springs for March show at Southwest Florida Event Center… https://t.co/9YpBKNLEBi
175,1090665845062127616,10424112,2287,72873,1920,866,158032,2007-11-20 21:26:19,0,0,2019-01-30 17:39:35,What JLB ate: The Hampton Social in North Naples https://t.co/U8xszIvEII https://t.co/My4yl7O7zC
176,1090656785088692224,10424112,2287,72873,1920,866,158032,2007-11-20 21:26:19,1,2,2019-01-30 17:03:35,Best of January: Top 5 things we tasted at Naples restaurants this month https://t.co/8AmcMXTjAS https://t.co/UfugCdhxW1
177,1090649496541749248,10424112,2287,72873,1920,866,158032,2007-11-20 21:26:19,0,1,2019-01-30 16:34:37,Pico the mako shark spends time in Gulf of Mexico with great white sharks Nova and Cabot https://t.co/PXJ8ks3MGw https://t.co/T9kFV9Gjyk
178,1090648223776034816,10424112,2287,72873,1920,866,158032,2007-11-20 21:26:19,0,1,2019-01-30 16:29:34,Best of January: Top 5 things we tasted at Naples restaurants this month https://t.co/8AmcMXTjAS
179,1090634651784249345,10424112,2287,72873,1920,866,158032,2007-11-20 21:26:19,0,2,2019-01-30 15:35:38,"Review: Broadway's ""Les Misérables"" sparks a revolution in Artis—Naples https://t.co/mVsQDQ2AGy https://t.co/7CBMTTuvoO"
180,1090634637062197250,10424112,2287,72873,1920,866,158032,2007-11-20 21:26:19,0,0,2019-01-30 15:35:35,"Gulf Breeze Bop Club invites everyone to shake it off, or samba it off , or.... https://t.co/SAKcnApG6c https://t.co/2ZpfHAtMen"
181,1090613880819044352,10424112,2287,72873,1920,866,158032,2007-11-20 21:26:19,0,1,2019-01-30 14:13:06,Photos: Gulf Breeze Bop Club packs the dance floor for inaugural dance https://t.co/H7lyBt9VpS https://t.co/uZStiB1Ye3
182,1090612746213683201,10424112,2287,72873,1920,866,158032,2007-11-20 21:26:19,0,0,2019-01-30 14:08:35,Video: Gulf Breeze Bop Club packs the dance floor for inaugural dance https://t.co/znIsaVziZS
183,1090612740148781057,10424112,2287,72873,1920,866,158032,2007-11-20 21:26:19,0,0,2019-01-30 14:08:34,Photos: Les Mis wows Naples audience https://t.co/tMVj59SFqL https://t.co/WyzEuKEhx5
184,1090597780559618049,10424112,2287,72873,1920,866,158032,2007-11-20 21:26:19,0,2,2019-01-30 13:09:07,"In the Know: El Meson serves Cuban, Mexican, Venezuelan cuisine https://t.co/XOwRcQYR5N https://t.co/8Ee622xBxB"
185,1090582295654715393,10424112,2287,72873,1920,866,158032,2007-11-20 21:26:19,1,2,2019-01-30 12:07:35,SWFL Forecast: Another cooler and cloudy day on tap https://t.co/afBnpwRl7p https://t.co/k4NJQV9dGa
186,1090483628767920128,10424112,2287,72873,1920,866,158032,2007-11-20 21:26:19,0,2,2019-01-30 05:35:31,Wednesday's front page: Water quality advocates laud new governor's selection of Sanibel City Councilman Chauncey G… https://t.co/InCOFFpBtQ
187,1090402997106921472,10424112,2287,72873,1920,866,158032,2007-11-20 21:26:19,1,3,2019-01-30 00:15:07,Gov. Ron DeSantis calls for $625 million for water projects in environmental priorities https://t.co/m9zaemYjqL https://t.co/X21FI3gM5F
188,1090353289248497664,10424112,2287,72873,1920,866,158032,2007-11-20 21:26:19,1,2,2019-01-29 20:57:36,"John Boehner: ‘Donald Trump, in my view, by and large, has done the right things’ https://t.co/DLuL3xYR5h https://t.co/oFZMsgxFNH"
189,1090347888754872320,10424112,2287,72873,1920,866,158032,2007-11-20 21:26:19,3,4,2019-01-29 20:36:09,Cabot the great white shark joins Nova in the Gulf of Mexico https://t.co/rlQrlxWH6v https://t.co/ePeqL9X9SB
190,1090319061605466112,10424112,2287,72873,1920,866,158032,2007-11-20 21:26:19,1,1,2019-01-29 18:41:36,Gov. Ron DeSantis nominates Sanibel councilman for SFWMD board https://t.co/J6tVLU5pSd https://t.co/dExKVNIpXm
191,1090308763142086656,10424112,2287,72873,1920,866,158032,2007-11-20 21:26:19,0,0,2019-01-29 18:00:40,"Where to watch the Super Bowl in Naples, Fort Myers and Cape Coral https://t.co/mA8uV4JDg5 https://t.co/MAotfKfcfK"
192,1090308745337270272,10424112,2287,72873,1920,866,158032,2007-11-20 21:26:19,0,1,2019-01-29 18:00:36,"FYI-Food: New dishes, cooking classes and dinner music https://t.co/ddX28hkbgU https://t.co/VUQf4e40hc"
193,1090292520632737792,10424112,2287,72873,1920,866,158032,2007-11-20 21:26:19,0,0,2019-01-29 16:56:08,Bonita Springs man arrested after hit-and-run in North Naples https://t.co/I4GlkBKkya https://t.co/yKLQEyfy4J
194,1090287486708854784,10424112,2287,72873,1920,866,158032,2007-11-20 21:26:19,0,0,2019-01-29 16:36:08,"CCSO: Golden Gate man shot in home invasion, suspects at large https://t.co/cGmd7BqSHB"
195,1090285594159177728,10424112,2287,72873,1920,866,158032,2007-11-20 21:26:19,0,0,2019-01-29 16:28:36,"He spent $200,000 on a Bulgarian 'cam girl.' Florida police say the obsession led to a massacre.… https://t.co/pEQ5TyiQ9w"
196,1090263952812953600,10424112,2287,72873,1920,866,158032,2007-11-20 21:26:19,0,0,2019-01-29 15:02:37,North Naples World War II vet recalls service in South Pacific https://t.co/6av3BFrbDh via @PatJRiley https://t.co/9LBu19PFV2
197,1090260812298563585,10424112,2287,72873,1920,866,158032,2007-11-20 21:26:19,2,13,2019-01-29 14:50:08,It's a boy! Baby Bongo born at Naples Zoo. Help name him. https://t.co/r80RfHadks https://t.co/9cWvPoHKTx
198,1090248489072656385,10424112,2287,72873,1920,866,158032,2007-11-20 21:26:19,0,0,2019-01-29 14:01:10,"Need to make a Valentine's Day reservation? These Naples restaurants are offering deals, specials… https://t.co/R6xIEnFniI"
199,1090243646090330113,10424112,2287,72873,1920,866,158032,2007-11-20 21:26:19,1,1,2019-01-29 13:41:55,"George Vega, legal titan and pioneer of early Naples, dies at 88
https://t.co/vOonKV009A via @Alexi_Cristina"
200,1090237406865850373,10424112,2287,72873,1920,866,158032,2007-11-20 21:26:19,1,0,2019-01-29 13:17:08,More winter travel woes: Tuesday flight cancellations top 900 nationwide https://t.co/OUDsMFcHJP https://t.co/JA4TBpx74z
201,1090234397868011520,10424112,2287,72873,1920,866,158032,2007-11-20 21:26:19,0,3,2019-01-29 13:05:10,Naples-based Skillets restaurant expands in Southwest Florida by serving ‘the very best’ https://t.co/KfisU27hkZ https://t.co/PAdKOraQ9I
202,1090222820699688960,10424112,2287,72873,1920,866,158032,2007-11-20 21:26:19,0,2,2019-01-29 12:19:10,"SWFL Forecast: Chilly morning, but plenty of sunshine https://t.co/6SI6exCOSX https://t.co/h4300r22KI"
203,1090222810964713472,10424112,2287,72873,1920,866,158032,2007-11-20 21:26:19,0,2,2019-01-29 12:19:08,"George Vega, legal titan and pioneer of early Naples, dies at 88 https://t.co/e2Xe2GsF6X https://t.co/2zqDWCz065"
204,1090055684455100416,10424112,2287,72873,1920,866,158032,2007-11-20 21:26:19,0,0,2019-01-29 01:15:02,"From baby monster to baby angel.

Listen to episode 3 of @UncertainTerms now: https://t.co/xhqgnVqvQR https://t.co/2jmMy2h7V6"
205,1090047512373673984,10424112,2287,72873,1920,866,158032,2007-11-20 21:26:19,2,0,2019-01-29 00:42:33,Collier health department to screen human trafficking documentary Tuesday https://t.co/e0StBQJEG8 https://t.co/QPSxIxjv5I
206,1090027774809563136,10424112,2287,72873,1920,866,158032,2007-11-20 21:26:19,0,1,2019-01-28 23:24:07,"Despite challenges, tourism in Collier County remained strong in 2018 https://t.co/5asBWbBoou"
207,1090020229051080705,10424112,2287,72873,1920,866,158032,2007-11-20 21:26:19,0,1,2019-01-28 22:54:08,"NCH Healthcare System drops fight against hospital to serve Ave Maria, Immokalee https://t.co/nyiGrTrOab https://t.co/gopKTPdLFw"
208,1090020220553449473,10424112,2287,72873,1920,866,158032,2007-11-20 21:26:19,0,3,2019-01-28 22:54:06,Nancy Pelosi invites Donald Trump to deliver State of the Union speech at Capitol on Feb. 5 https://t.co/Aqvj8ATZKQ https://t.co/jOvP1NBXP1
209,1090012179649024000,10424112,2287,72873,1920,866,158032,2007-11-20 21:26:19,0,0,2019-01-28 22:22:09,"Trial begins for man accused of killing woman, injuring another outside East Naples bar in 2017… https://t.co/BffaY9EdyP"
210,1089966738643443712,10424112,2287,72873,1920,866,158032,2007-11-20 21:26:19,2,1,2019-01-28 19:21:35,High school football: FHSAA approves RPI system for playoff berths https://t.co/pUS0mftsn2 https://t.co/mKzXjNLcyj
211,1089957935763968003,10424112,2287,72873,1920,866,158032,2007-11-20 21:26:19,0,1,2019-01-28 18:46:36,Tickets available for Wednesday's 'Modern Love' Storytellers night in Naples https://t.co/qOd6MBVwBV https://t.co/DzHUpSrVxX
212,1089957927077564418,10424112,2287,72873,1920,866,158032,2007-11-20 21:26:19,0,0,2019-01-28 18:46:34,CCSO: Golden Gate Estates man shot in argument over narcotics money https://t.co/BBS4L9kjaT https://t.co/0RQYT6NjLa
213,1089923675330134016,10424112,2287,72873,1920,866,158032,2007-11-20 21:26:19,0,0,2019-01-28 16:30:28,You can listen to the first three episodes of @UncertainTerms on your favorite podcast app. https://t.co/AFAqVpAdng
214,1089916153135128576,10424112,2287,72873,1920,866,158032,2007-11-20 21:26:19,0,0,2019-01-28 16:00:35,What were the top 10 coolest Naples wine fest auction lots? https://t.co/u0OoNyCjIY https://t.co/B2Ckz4sUau
215,1089891986138513409,10424112,2287,72873,1920,866,158032,2007-11-20 21:26:19,0,0,2019-01-28 14:24:33,"Low Lake Okeechobee levels have some concerned, others hopeful https://t.co/6cB7yzIrrK"
216,1089844311842119680,10424112,2287,72873,1920,866,158032,2007-11-20 21:26:19,0,1,2019-01-28 11:15:06,"In the Know: Car wash, self-storage units coming to East Naples https://t.co/Mz7AZC8l5z https://t.co/id3y0BAfIx"
217,1089711044602212352,10424112,2287,72873,1920,866,158032,2007-11-20 21:26:19,0,0,2019-01-28 02:25:33,Sebring shooting victims honored at vigil https://t.co/FOoJKxros8
