Index,ID,User_ID,Friends_Count,Followers_Count,Favourites_Count,Listed_Count,Status_Count,Created_at,Retweet_Count,Favourite_Count,Created_at,Text
1,1094332608631078913,3934221,1479,56820,1095,903,47377,2007-04-09 19:11:24,1,6,2019-02-09 20:30:00,"Democratic Sen. Elizabeth Warren made her bid for the presidency official on Saturday, grounding her 2020 campaign… https://t.co/CfxUhGmxIj"
2,1094323343703007232,3934221,1479,56820,1095,903,47377,2007-04-09 19:11:24,1,1,2019-02-09 19:53:11,"Spokane woke up Saturday to 4 to 7 inches of new snow in some areas, a few power outages, lots of car crashes and s… https://t.co/NhE57mY7wu"
3,1094050299168190464,3934221,1479,56820,1095,903,47377,2007-04-09 19:11:24,0,0,2019-02-09 01:48:12,Spokane Mayor David Condon keeps focus on the future in his final State of the City address https://t.co/elM3yw85o9 https://t.co/yfzZOZf4QV
4,1094005829194342400,3934221,1479,56820,1095,903,47377,2007-04-09 19:11:24,1,0,2019-02-08 22:51:29,"With conflicting testimony on whether the risk of measles is greater than the danger of the vaccine to prevent it,… https://t.co/fR5Q4OHTiv"
5,1093977204231331841,3934221,1479,56820,1095,903,47377,2007-04-09 19:11:24,3,3,2019-02-08 20:57:45,"Wolf shot, killed about 40 miles from Spokane in area with no documented packs https://t.co/XsKib9upKu https://t.co/cj19U6L7As"
6,1093958970211938304,3934221,1479,56820,1095,903,47377,2007-04-09 19:11:24,0,0,2019-02-08 19:45:17,Spokane Mayor David Condon preparing to give his final State of the City Address. @kiphillreporter is covering the… https://t.co/FeYMfxzVGA
7,1093944990365937664,3934221,1479,56820,1095,903,47377,2007-04-09 19:11:24,0,0,2019-02-08 18:49:44,David R. McConnell warned his stepdaughter if she ever told police about how he impregnated her years ago when she… https://t.co/2wZfwduN6N
8,1093684371955974144,3934221,1479,56820,1095,903,47377,2007-04-09 19:11:24,2,0,2019-02-08 01:34:08,Dog electrocuted in downtown Spokane in apparent ‘stray voltage’ incident outside bank https://t.co/HlPZFoc73e https://t.co/xOAGy0cv8l
9,1093654267280351232,3934221,1479,56820,1095,903,47377,2007-04-09 19:11:24,1,1,2019-02-07 23:34:31,And we thought it was cold here in Spokane this morning ... https://t.co/4jDGEi8QUL
10,1093649906068185088,3934221,1479,56820,1095,903,47377,2007-04-09 19:11:24,0,3,2019-02-07 23:17:11,Happy National Fettuccine Alfredo Day everyone! What is everyone doing today to celebrate National Fettuccine Alfre… https://t.co/M8GNs4ZPJr
11,1093622795001520128,3934221,1479,56820,1095,903,47377,2007-04-09 19:11:24,0,1,2019-02-07 21:29:27,"With 90 percent of avalanches triggered by the victims, should meditation, mindfulness become backcountry tools?… https://t.co/zUGPxgIU9e"
12,1093615385482485760,3934221,1479,56820,1095,903,47377,2007-04-09 19:11:24,1,1,2019-02-07 21:00:00,"Shopko to close North Spokane, Spokane Valley and Pullman stores https://t.co/0FiJ79uVLX https://t.co/Wa8vulRysO"
13,1093606770591711232,3934221,1479,56820,1095,903,47377,2007-04-09 19:11:24,0,0,2019-02-07 20:25:46,Residents cite density concerns from proposed development at 28th and Adams in Spokane Valley… https://t.co/UccHDlAQHH
14,1093600701169655808,3934221,1479,56820,1095,903,47377,2007-04-09 19:11:24,0,0,2019-02-07 20:01:39,"Only 2 percent of Spokane water, trash customers pay bills on time. City officials hope to change that.… https://t.co/znpOuvuadm"
15,1093591317077143552,3934221,1479,56820,1095,903,47377,2007-04-09 19:11:24,2,0,2019-02-07 19:24:22,"Racist robocaller now living in Montana, but harassment in Sandpoint continues https://t.co/T0ntLEn7m9 https://t.co/Z7s5gPiM7k"
16,1093367227498225664,3934221,1479,56820,1095,903,47377,2007-04-09 19:11:24,1,0,2019-02-07 04:33:55,Tune in to @KHQLocalNews for latest updates on @CentralWashU at 10 &amp; 11 and pick up a copy of @SpokesmanReview in t… https://t.co/jEVWwExA6o
17,1093352569097748481,3934221,1479,56820,1095,903,47377,2007-04-09 19:11:24,8,11,2019-02-07 03:35:40,A reported shooter at Central Washington University turned out to be a false alarm after the school went into lock… https://t.co/xPiIsdm82r
18,1093338748689862656,3934221,1479,56820,1095,903,47377,2007-04-09 19:11:24,3,1,2019-02-07 02:40:45,Report of active shooter at @CentralWashU campus. Campus police warning people to stay out of area.… https://t.co/ib5i9ilsyQ
19,1093259899360882688,3934221,1479,56820,1095,903,47377,2007-04-09 19:11:24,1,1,2019-02-06 21:27:26,Washington considers requirement for diaper changing stations in new restaurants in women’s and men’s restrooms… https://t.co/rcGX3Jb4Yu
20,1092991047708246016,3934221,1479,56820,1095,903,47377,2007-04-09 19:11:24,0,2,2019-02-06 03:39:07,"Trade-NAFTA, Drug Pricing, Wages, Minority Unemployment, Human Trafficking, Economy, Women in the Workforce and Ene… https://t.co/0FnHISWKcT"
21,1092988174886830080,3934221,1479,56820,1095,903,47377,2007-04-09 19:11:24,1,4,2019-02-06 03:27:42,President Donald Trump said Tuesday during #SOTU2019  he will hold a two-day summit with North Korea leader Kim Jon… https://t.co/BXqfwWGFQc
22,1092980370276896768,3934221,1479,56820,1095,903,47377,2007-04-09 19:11:24,1,0,2019-02-06 02:56:41,AP FACT CHECK: Trump’s claims in his State of Union address (Updating throughout #SOTU2019 )… https://t.co/Dl3r1HuTSI
23,1092966755037675520,3934221,1479,56820,1095,903,47377,2007-04-09 19:11:24,0,0,2019-02-06 02:02:35,President Donald Trump’s State of the Union: What to listen for in the Inland Northwest https://t.co/oGaGrMOAYs… https://t.co/GN84ETjQQe
24,1092892070405038080,3934221,1479,56820,1095,903,47377,2007-04-09 19:11:24,2,0,2019-02-05 21:05:49,"A majority of inmates at Coyote Ridge Corrections Center in Connell have launched a hunger strike, mostly in protes… https://t.co/NLXdJHo5k7"
25,1092211130745839616,3934221,1479,56820,1095,903,47377,2007-04-09 19:11:24,3,6,2019-02-04 00:00:00,"When a Portland comedian was detained by U.S. Border Patrol agents last weekend at the Spokane Intermodal Center, h… https://t.co/7Mycf2Del0"
26,1092180938488860672,3934221,1479,56820,1095,903,47377,2007-04-09 19:11:24,2,6,2019-02-03 22:00:02,"On this day in history: Last minute attempts to avoid a general strike in Seattle failed, and the city was bracing… https://t.co/w47DnAUIGU"
27,1092150735872147457,3934221,1479,56820,1095,903,47377,2007-04-09 19:11:24,0,1,2019-02-03 20:00:01,Permit writers at the National Oceanic and Atmospheric Administration are hopeful they can meet a March 15 deadline… https://t.co/9My63C5ofs
28,1092119969205108736,3934221,1479,56820,1095,903,47377,2007-04-09 19:11:24,1,1,2019-02-03 17:57:45,"Get tickets for Northwest Passages Book Club's An Evening with Author Pam Houston (""Deep Creek,"" “Cowboys are My We… https://t.co/E44b0BkWxE"
29,1092110939124465669,3934221,1479,56820,1095,903,47377,2007-04-09 19:11:24,3,2,2019-02-03 17:21:52,Author @pam_houston writes about finding home and hope in the American West in ‘Deep Creek.’ She comes to Spokane F… https://t.co/gPdAvFaDOW
30,1092105437074182144,3934221,1479,56820,1095,903,47377,2007-04-09 19:11:24,3,2,2019-02-03 17:00:01,"The statue of Marcus Whitman has stood in the U.S. Capitol Statuary Hall since 1876. 

If a proposal prompts a chan… https://t.co/az0kqsHJfg"
31,1092075238253314048,3934221,1479,56820,1095,903,47377,2007-04-09 19:11:24,0,1,2019-02-03 15:00:01,"Everybody wants to cut down on plastic pollution in the oceans, but opponents of proposals to ban plastic bags and… https://t.co/74rXDoP4LG"
32,1091878942510702592,3934221,1479,56820,1095,903,47377,2007-04-09 19:11:24,8,25,2019-02-03 02:00:00,"The Ferris High School gym was full Saturday as firefighters, Hoopfest teammates, Special Olympics athletes, Albert… https://t.co/GstpdOgtcc"
33,1091841192021524480,3934221,1479,56820,1095,903,47377,2007-04-09 19:11:24,0,0,2019-02-02 23:30:00,As several 2020 Democratic presidential candidates call for Virginia Gov. Ralph Northam to resign following the dis… https://t.co/itvmHSLmfk
34,1091818542737969152,3934221,1479,56820,1095,903,47377,2007-04-09 19:11:24,4,5,2019-02-02 22:00:00,"Washington state Rep. Joel Kretz, R-Wauconda, has introduced a bill that would move wolves onto Bainbridge Island.… https://t.co/rhzl0KclD3"
35,1091782004704665600,3934221,1479,56820,1095,903,47377,2007-04-09 19:11:24,0,2,2019-02-02 19:34:48,"Don't put your winter gear away just yet. 

Looks like we have quite the cold snap coming our way next week. https://t.co/Vqj2uM5zwp"
36,1091778596203487232,3934221,1479,56820,1095,903,47377,2007-04-09 19:11:24,0,1,2019-02-02 19:21:16,"If Punxsutawney Phil's predictions hold true, it looks like spring could be coming early this year.… https://t.co/b7B7Dh13C7"
37,1091566332363960320,3934221,1479,56820,1095,903,47377,2007-04-09 19:11:24,1,5,2019-02-02 05:17:48,"A fight at Ferris High School, in which a resource officer Shawn Audie put his knee to a student’s neck, is drawing… https://t.co/1YjM3yP4cd"
38,1091486357682307072,3934221,1479,56820,1095,903,47377,2007-04-09 19:11:24,1,3,2019-02-02 00:00:01,The Iowa Supreme Court says an insurance company doesn’t have to pay for damages after a squirrel climbed onto an e… https://t.co/KMXTfw79Jz
39,1091484841621696515,3934221,1479,56820,1095,903,47377,2007-04-09 19:11:24,0,1,2019-02-01 23:53:59,"“It’s been an emotional 2 weeks making the hardest decision of my life, but I have accepted that I cannot continue… https://t.co/ElDU8bh3OX"
40,1091478804596514816,3934221,1479,56820,1095,903,47377,2007-04-09 19:11:24,1,4,2019-02-01 23:30:00,"Gardner Minshew, Andre Dillard, James Williams will make up Washington State’s contingent at NFL Combine… https://t.co/Pf2u5opzK8"
41,1091471254937194496,3934221,1479,56820,1095,903,47377,2007-04-09 19:11:24,1,1,2019-02-01 23:00:00,Operation Flamingo Lift: Thousands of baby flamingos in jeopardy amidst drought conditions being airlifted to safet… https://t.co/V84vkIKDIO
42,1091469740952891393,3934221,1479,56820,1095,903,47377,2007-04-09 19:11:24,0,0,2019-02-01 22:53:59,Sheriff Knezovich also discussed his feelings on I-1639 and 'grandstanding' sheriffs with @ClouseThomas in today's… https://t.co/4xr3e1j8li
43,1091463704858681344,3934221,1479,56820,1095,903,47377,2007-04-09 19:11:24,0,0,2019-02-01 22:30:00,The Environmental Protection Agency has appointed a scientist who argues for easing regulations on lower-level radi… https://t.co/GVmsHRn7Ki
44,1091456159331028992,3934221,1479,56820,1095,903,47377,2007-04-09 19:11:24,0,0,2019-02-01 22:00:01,".@vinceg55 -- After the Huskies visited Spokane in December, we should have known where they would be right now… https://t.co/fCfVdnC5Aw"
45,1091433507036037121,3934221,1479,56820,1095,903,47377,2007-04-09 19:11:24,0,0,2019-02-01 20:30:00,UI administrators double down amid criticism of text alert implying professor was a safety threat… https://t.co/7LukvmW1MC
46,1091429550901227520,3934221,1479,56820,1095,903,47377,2007-04-09 19:11:24,5,12,2019-02-01 20:14:17,"""It's a great view from here. I'm having the time of my life.""  

~ @NASA astronaut &amp; @usairforce LTC Michael Ander… https://t.co/ReNIWHRFJc"
47,1091425389694447616,3934221,1479,56820,1095,903,47377,2007-04-09 19:11:24,3,6,2019-02-01 19:57:45,School and health officials in Spokane County are urging parents and staff members to update their immunization rec… https://t.co/BTJHIFvvvj
48,1091413373256904706,3934221,1479,56820,1095,903,47377,2007-04-09 19:11:24,0,11,2019-02-01 19:10:00,Spokane County Sheriff Ozzie Knezovich has a message to those who want him to publicly refuse to enforce Washington… https://t.co/uwz8I6TbTO
49,1091407294032560128,3934221,1479,56820,1095,903,47377,2007-04-09 19:11:24,0,3,2019-02-01 18:45:50,The Spokane City Council wants you to support tax to maintain 30 firefighters and hire 20 new police officers. The… https://t.co/9mvH3R49yt
50,1091150806928113664,3934221,1479,56820,1095,903,47377,2007-04-09 19:11:24,0,2,2019-02-01 01:46:39,"QUIZ: 

1. Who would you rather listen to, @primus or @ArianaGrande?  

Remember to show your work. https://t.co/KXt0V44zNH"
51,1091123969179217920,3934221,1479,56820,1095,903,47377,2007-04-09 19:11:24,0,2,2019-02-01 00:00:01,"100 Years Ago in Spokane: Spokane formed its own branch of the @NAACP . In a meeting at the Bethel A.M.E. Church, 9… https://t.co/Y0RXGjQbUh"
52,1091108868531372032,3934221,1479,56820,1095,903,47377,2007-04-09 19:11:24,3,11,2019-01-31 23:00:00,Yakima County sheriff won’t enforce new gun law https://t.co/rLIAOex3sP https://t.co/2FCrz4Fzot
53,1091101318939324416,3934221,1479,56820,1095,903,47377,2007-04-09 19:11:24,1,6,2019-01-31 22:30:00,The Idaho Fish and Game commission voted last week to drastically reduce the number of available moose tags for the… https://t.co/UA9xdTe3z0
54,1091099692304236544,3934221,1479,56820,1095,903,47377,2007-04-09 19:11:24,0,1,2019-01-31 22:23:32,@amanda_braley Thanks for sticking with us and supporting local journalism Amanda. We try and publish really cool a… https://t.co/6xbTC7vxPr
55,1091097542522068997,3934221,1479,56820,1095,903,47377,2007-04-09 19:11:24,0,0,2019-01-31 22:15:00,Trump says State of Union address to stress ‘unity’ https://t.co/SZcwJwDsq0 https://t.co/615v8W7ptO
56,1091093769691123713,3934221,1479,56820,1095,903,47377,2007-04-09 19:11:24,0,1,2019-01-31 22:00:00,".@vinceg55 -- UCLA, BYU bring back memories for local college basketball fans https://t.co/dMuZvYyLwM https://t.co/kGSdgWqdTA"
57,1090789912129892354,3934221,1479,56820,1095,903,47377,2007-04-09 19:11:24,0,1,2019-01-31 01:52:35,"Two more of Lori Isenberg's daughters, in addition to two who were sentenced in federal court Tuesday in CdA, have… https://t.co/4UDdW1n2nv"
58,1090785881886142464,3934221,1479,56820,1095,903,47377,2007-04-09 19:11:24,2,0,2019-01-31 01:36:34,"UI bans journalism professor from Moscow campus, alleging meth use, access to guns https://t.co/x6ZwUi57by https://t.co/jgsCBcNie2"
59,1090782060652912640,3934221,1479,56820,1095,903,47377,2007-04-09 19:11:24,1,1,2019-01-31 01:21:23,Teen who was arrested for threatening to shoot up Lewis &amp; Clark High School last year arrested again Wednesday for… https://t.co/EponMDRDj7
60,1090769128309342208,3934221,1479,56820,1095,903,47377,2007-04-09 19:11:24,0,0,2019-01-31 00:30:00,100 years ago in Puget Sound: 130 unions to participate in general strike https://t.co/vOEMXq1mkT https://t.co/5PUfgXD3Ns
61,1090754030274367488,3934221,1479,56820,1095,903,47377,2007-04-09 19:11:24,5,4,2019-01-30 23:30:00,".@vestal13 Border Patrol argues the 100-mile border zone, &amp; points of travel within, is the “functional equivalent”… https://t.co/MtyurBKpU1"
62,1090754028441665536,3934221,1479,56820,1095,903,47377,2007-04-09 19:11:24,0,1,2019-01-30 23:30:00,"After questioning of Portland comedian, Spokane Mayor David Condon says city can’t stop Border Patrol agents… https://t.co/VBjzTa5CgF"
63,1090738930079547392,3934221,1479,56820,1095,903,47377,2007-04-09 19:11:24,1,2,2019-01-30 22:30:00,MacArthur Foundation grants another $1.9 million for criminal justice reform in Spokane County… https://t.co/fKmVnVrF8A
64,1090731380101660672,3934221,1479,56820,1095,903,47377,2007-04-09 19:11:24,0,0,2019-01-30 22:00:00,.@vinceg55 Show me 100 college basketball fans and I’ll show you 98 who love offense. It’s pretty much the same in… https://t.co/mwGJrTcErv
65,1090708730843299840,3934221,1479,56820,1095,903,47377,2007-04-09 19:11:24,0,3,2019-01-30 20:30:00,"Spokane’s housing market is bucking national trends, with home prices continuing to rise here.… https://t.co/CCBIEFz7uu"
66,1090695323721248769,3934221,1479,56820,1095,903,47377,2007-04-09 19:11:24,0,0,2019-01-30 19:36:43,"Welcome to Great Northern School: 36 students, one 105-year-old school building donated by Great Northern Railway,… https://t.co/bZt3qb0u6x"
67,1090693636663083008,3934221,1479,56820,1095,903,47377,2007-04-09 19:11:24,1,2,2019-01-30 19:30:01,"An abandoned home, which is a common marker along the Bloomsday route on Government Way, is also known for Crime Ch… https://t.co/TAlZDP8I7k"
68,1090688271158366208,3934221,1479,56820,1095,903,47377,2007-04-09 19:11:24,11,12,2019-01-30 19:08:42,Researchers at Washington State University’s Elson S. Floyd College of Medicine have found that mortality rates in… https://t.co/Z7OdZXzDJH
69,1090097687783862272,3934221,1479,56820,1095,903,47377,2007-04-09 19:11:24,3,5,2019-01-29 04:01:56,A former Spokane County Sheriff’s deputy was under investigation for the cold case murders of three women – two of… https://t.co/p9suqRW8oE
70,1090003245139816448,3934221,1479,56820,1095,903,47377,2007-04-09 19:11:24,0,0,2019-01-28 21:46:39,"@HeartlandDiary We have written stories about the proposal to split Washington in half, but have not offered an end… https://t.co/xEkpRcdZqD"
71,1089992763175690240,3934221,1479,56820,1095,903,47377,2007-04-09 19:11:24,5,4,2019-01-28 21:05:00,"From our archives, 33 years ago Tuesday: ""A catastrophic explosion blew apart the space shuttle Challenger 74 secon… https://t.co/C32WvlRUWO"
