Index,ID,User_ID,Friends_Count,Followers_Count,Favourites_Count,Listed_Count,Status_Count,Created_at,Retweet_Count,Favourite_Count,Created_at,Text
1,1094686188756033537,27863115,7246,27567,409,860,45349,2009-03-31 12:54:54,0,1,2019-02-10 19:55:00,Season 3 of @AnimalPlanet's The Zoo starts tonight! Here's some of the @BronxZoo stars of the show… https://t.co/sjvntrHTtq
2,1094648926484029441,27863115,7246,27567,409,860,45349,2009-03-31 12:54:54,0,1,2019-02-10 17:26:56,"From @TBSNetwork's @miracletbs to @PrimeVideo's #LorenaSeries, here's what to watch on TV this week https://t.co/EXip9paEjf"
3,1094625539455942657,27863115,7246,27567,409,860,45349,2009-03-31 12:54:54,0,1,2019-02-10 15:54:00,Season 3 of @AnimalPlanet's The Zoo starts tonight! Here's some of the @BronxZoo stars of the show… https://t.co/Bo3bM5Ox3c
4,1094001371056128000,27863115,7246,27567,409,860,45349,2009-03-31 12:54:54,0,1,2019-02-08 22:33:47,"This @AnimalPlanet show takes you behind the scenes of the @BronxZoo, and season 3 starts on Sunday. Here's a sneak… https://t.co/AOCc2Vvi0T"
5,1093972731559899136,27863115,7246,27567,409,860,45349,2009-03-31 12:54:54,0,0,2019-02-08 20:39:58,Happening soon: Activists to rally in midtown against NYPD ticket blitz for cyclists https://t.co/vekmYYNYWh https://t.co/t77B7wpDFq
6,1093966711081103361,27863115,7246,27567,409,860,45349,2009-03-31 12:54:54,0,0,2019-02-08 20:16:03,#OneDayAtATime season 3 is now on Netflix https://t.co/EtlCrE21HI
7,1093957653800411136,27863115,7246,27567,409,860,45349,2009-03-31 12:54:54,1,0,2019-02-08 19:40:04,".@BikingPublic , @TransAlt and more to rally TODAY at 4 pm in response to NYPD crackdown on cyclists… https://t.co/625Tld2Vmy"
8,1093944292815659010,27863115,7246,27567,409,860,45349,2009-03-31 12:54:54,1,1,2019-02-08 18:46:58,The already iconic TWA Hotel at @JFKairport has finally set its opening date https://t.co/0Y5llj9Xj4 https://t.co/LpW2g6Xajj
9,1093923351662350337,27863115,7246,27567,409,860,45349,2009-03-31 12:54:54,0,0,2019-02-08 17:23:45,BREAKING: Amazon reconsidering HQ2 in Queens amid backlash: Report https://t.co/eemfqFSGfe https://t.co/np9GI3dR0t
10,1093913258753515522,27863115,7246,27567,409,860,45349,2009-03-31 12:54:54,0,0,2019-02-08 16:43:39,"Henry Rollins, who is funny, doesn't consider himself to be a comedian https://t.co/qyth7koVU6"
11,1093910004963381249,27863115,7246,27567,409,860,45349,2009-03-31 12:54:54,0,0,2019-02-08 16:30:43,Cuomo tells lawmakers its either congestion pricing or 30 percent fare hike to fix the MTA https://t.co/zcx0tIjHAa https://t.co/OleQ6kfAha
12,1093908215153209347,27863115,7246,27567,409,860,45349,2009-03-31 12:54:54,0,0,2019-02-08 16:23:36,"Joy Behar blackface video: Twitter reacts, fans call for The View host to be fired https://t.co/Pf9ioT89to https://t.co/awJNISuJ9n"
13,1093881672280489984,27863115,7246,27567,409,860,45349,2009-03-31 12:54:54,5,8,2019-02-08 14:38:08,Daniel Radcliffe admits another Patriots' #SuperBowl win was inevitable https://t.co/DWRHP1xDxb
14,1093865042855018497,27863115,7246,27567,409,860,45349,2009-03-31 12:54:54,0,1,2019-02-08 13:32:03,What's on TV this weekend? https://t.co/0fkDFzSOWC
15,1093637635023745024,27863115,7246,27567,409,860,45349,2009-03-31 12:54:54,0,0,2019-02-07 22:28:25,The juiciest gossip stories and celebrity news of the week https://t.co/tjNJRzEagB https://t.co/VGaFuGznDb
16,1093637208333000704,27863115,7246,27567,409,860,45349,2009-03-31 12:54:54,0,0,2019-02-07 22:26:43,What is Cardi B's net worth?https://t.co/VYiCNWnyTT https://t.co/f1mtOTXPQU
17,1093633993495494657,27863115,7246,27567,409,860,45349,2009-03-31 12:54:54,0,1,2019-02-07 22:13:57,".@AnimalPlanet's The Zoo Season 3, which starts Sunday, features even more animals from the @BronxZoo like Calisto… https://t.co/8kkycAZGrJ"
18,1093630332040040449,27863115,7246,27567,409,860,45349,2009-03-31 12:54:54,0,0,2019-02-07 21:59:24,"De Blasio to city agencies: Get ready to tighten your belts

https://t.co/sgor6Aen0D https://t.co/mMOdy298yp"
19,1093618356874297345,27863115,7246,27567,409,860,45349,2009-03-31 12:54:54,0,2,2019-02-07 21:11:49,When will #TheWalkingDead season 9 begin streaming on Netflix? https://t.co/4nNfXwyhHR
20,1093603051569438720,27863115,7246,27567,409,860,45349,2009-03-31 12:54:54,0,0,2019-02-07 20:11:00,.@GaleBrewerNYC found some issues with the MTA's accessible subway station sin a new report https://t.co/tPRcFHWNIq https://t.co/SHsdXzMpcc
21,1093582406714621953,27863115,7246,27567,409,860,45349,2009-03-31 12:54:54,0,0,2019-02-07 18:48:58,MTA inflating number of accessible subway stations says Manhattan borough pres https://t.co/tPRcFIep70 https://t.co/S6ZMZpoAo2
22,1093559028880420864,27863115,7246,27567,409,860,45349,2009-03-31 12:54:54,0,0,2019-02-07 17:16:04,Jason Jones was cast in #WhatMenWant because of a podcast https://t.co/z4gCBM8MHp
23,1093557270288519174,27863115,7246,27567,409,860,45349,2009-03-31 12:54:54,0,1,2019-02-07 17:09:05,"Dwayne ""The Rock"" Johnson as #Oscars2019 host? Almost... https://t.co/NRu4wVrDqN"
24,1093524626028838912,27863115,7246,27567,409,860,45349,2009-03-31 12:54:54,0,0,2019-02-07 14:59:22,Aziz Ansari avoids lashing out like Louis C.K. in new tour https://t.co/F3XVV6DuwI
25,1093510939306065920,27863115,7246,27567,409,860,45349,2009-03-31 12:54:54,0,1,2019-02-07 14:04:59,Who was #TheMaskedSinger last night? https://t.co/DiG70Nu24G
26,1093262801743826945,27863115,7246,27567,409,860,45349,2009-03-31 12:54:54,2,2,2019-02-06 21:38:58,"Shakespeare in the Park just announced its 2019 season, which will include... a musical adaptation of the 1997 Disn… https://t.co/C8WTAovbgP"
27,1093245663406686208,27863115,7246,27567,409,860,45349,2009-03-31 12:54:54,2,2,2019-02-06 20:30:52,.@Daniel_Sloss starts his latest off-Broadway run at the @sohoplayhouse tonight! https://t.co/hS4xnmzN3W
28,1093241647641575424,27863115,7246,27567,409,860,45349,2009-03-31 12:54:54,1,0,2019-02-06 20:14:54,#ModernFamily season 11 will be the @ABCNetwork comedy's last https://t.co/nn0YezgLHH
29,1093219066574225413,27863115,7246,27567,409,860,45349,2009-03-31 12:54:54,0,0,2019-02-06 18:45:11,#BigMouth co-creator Andrew Goldberg talks season 3 and #MyFurryValentine https://t.co/kj8TNxbkPW
30,1093196007960178688,27863115,7246,27567,409,860,45349,2009-03-31 12:54:54,0,0,2019-02-06 17:13:33,"NYC elected officials, transit activists call for bike lanes, 14th street bus even without L train shutdown… https://t.co/bmkY3i7R6S"
31,1093183443159187456,27863115,7246,27567,409,860,45349,2009-03-31 12:54:54,0,0,2019-02-06 16:23:37,Will Ariana Grande perform at the 2019 Grammys? https://t.co/qHLrJoqEcK https://t.co/UfTUcykTvr
32,1093180756921368576,27863115,7246,27567,409,860,45349,2009-03-31 12:54:54,0,0,2019-02-06 16:12:57,De Blasio announces Sanitation Commissioner Kathryn Garcia as NYCHA interim chair https://t.co/lZouQlH4ar https://t.co/tleSZZH7bV
33,1093159750194397184,27863115,7246,27567,409,860,45349,2009-03-31 12:54:54,0,1,2019-02-06 14:49:29,Maya Erskine and Anna Konkle on their unique coming-of-age comedy #PEN15show on @hulu https://t.co/9FFwwSzGTC
34,1092934061889327104,27863115,7246,27567,409,860,45349,2009-03-31 12:54:54,1,0,2019-02-05 23:52:40,"New York has suddenly and without explanation bans CBD from bars and restaurants, ending one of the biggest food tr… https://t.co/Jt0gtJYqfL"
35,1092915111159914498,27863115,7246,27567,409,860,45349,2009-03-31 12:54:54,1,1,2019-02-05 22:37:22,Don't want to watch Trump's #SOTU? Here are a few options... https://t.co/NxuQYSc1Er
36,1092908787441246209,27863115,7246,27567,409,860,45349,2009-03-31 12:54:54,3,7,2019-02-05 22:12:14,A #22x20 State of the Union action party will engage NYC teens in politics https://t.co/D2AI5UIx2R https://t.co/Vjq4xvY1tg
37,1092881190095384576,27863115,7246,27567,409,860,45349,2009-03-31 12:54:54,3,3,2019-02-05 20:22:35,"A @FoodBank4NYC report shows the state of the food crisis in NYC, and how a ""SNAP gap"" could put added strain on th… https://t.co/hcKpvLZzvc"
38,1092872942990569475,27863115,7246,27567,409,860,45349,2009-03-31 12:54:54,0,0,2019-02-05 19:49:48,"Government shutdown to cause 'SNAP gap,' posing challenge for NYC food pantries https://t.co/m01WR0zN0T https://t.co/x08lCUnm8K"
39,1092867777935880192,27863115,7246,27567,409,860,45349,2009-03-31 12:54:54,1,1,2019-02-05 19:29:17,"Tonight is the #StateOfTheUnion. Jin Park, a Queens resident, Rhodes Scholar and DACA recipient, will be there as… https://t.co/HmIC3SbQlP"
40,1092854441575936000,27863115,7246,27567,409,860,45349,2009-03-31 12:54:54,0,0,2019-02-05 18:36:17,#TheWalkingDead season 10 is happening https://t.co/7FTmQdLVSk
41,1092848340675497985,27863115,7246,27567,409,860,45349,2009-03-31 12:54:54,0,0,2019-02-05 18:12:03,Is 21 Savage getting deported?https://t.co/yqGxGWrIdI https://t.co/C1InsxO39L
42,1092839650161553409,27863115,7246,27567,409,860,45349,2009-03-31 12:54:54,0,0,2019-02-05 17:37:31,"Between #HairLive's cancellation and #RentLive's poor performance, are TV musicals on the way out? https://t.co/y02C5NG7OO"
43,1092827702732697603,27863115,7246,27567,409,860,45349,2009-03-31 12:54:54,0,0,2019-02-05 16:50:02,Bronx hospital caught illegally billing sexual assault survivors for rape kits https://t.co/RkFdAMlWIh https://t.co/qGP1zIKr6H
44,1092809336781451265,27863115,7246,27567,409,860,45349,2009-03-31 12:54:54,1,2,2019-02-05 15:37:03,Phoebe Robinson talks the end of #2DopeQueens (for now) https://t.co/pJozQymwHV
45,1092796845921832970,27863115,7246,27567,409,860,45349,2009-03-31 12:54:54,0,1,2019-02-05 14:47:25,Here's what to watch instead of Trump's delayed #SOTU https://t.co/NxuQYSc1Er
46,1092766161324920832,27863115,7246,27567,409,860,45349,2009-03-31 12:54:54,0,0,2019-02-05 12:45:30,Who was eliminated from #TheBachelor last night? https://t.co/avqPkzdt0Q
47,1092548559902248962,27863115,7246,27567,409,860,45349,2009-03-31 12:54:54,0,2,2019-02-04 22:20:49,Is Ziva David returning to NCIS? https://t.co/QHIZZrfz1F https://t.co/nTUFGnTnox
48,1092527279517954049,27863115,7246,27567,409,860,45349,2009-03-31 12:54:54,1,1,2019-02-04 20:56:16,"Meet Jin Park, from Queens, who is the first DACA recipient to receive the Rhodes Scholarship and a guest of… https://t.co/RJ7TohtIzF"
49,1092517561793761283,27863115,7246,27567,409,860,45349,2009-03-31 12:54:54,0,2,2019-02-04 20:17:39,"Valentine's Day is next week, still need a gift? You can name a @BronxZoo hissing cockroach after your sweetheart a… https://t.co/PrvQqqu5Am"
50,1092506658486603781,27863115,7246,27567,409,860,45349,2009-03-31 12:54:54,1,2,2019-02-04 19:34:19,Is the TV revival trend finally over? https://t.co/B9m2zDimBv
51,1092474139947003904,27863115,7246,27567,409,860,45349,2009-03-31 12:54:54,0,0,2019-02-04 17:25:06,.@FXNetworks drops a new trailer and a release date for #WhatWeDointheShadows https://t.co/ICkTQJmGYD
52,1092463067953328128,27863115,7246,27567,409,860,45349,2009-03-31 12:54:54,1,1,2019-02-04 16:41:07,"@NYCCouncil bills would address long waits, negative treatment at food stamps, welfare office… https://t.co/Stri5a5Wbk"
53,1092461625192398849,27863115,7246,27567,409,860,45349,2009-03-31 12:54:54,0,0,2019-02-04 16:35:23,Are Pete Davidson and Kate Beckinsale dating? https://t.co/6LHHTRqIk4 https://t.co/2FlnsXI1hI
54,1092459632877072385,27863115,7246,27567,409,860,45349,2009-03-31 12:54:54,2,1,2019-02-04 16:27:28,"Scottish comedian @Daniel_Sloss on his new show X, which debuts off-Broadway at the @sohoplayhouse this week https://t.co/hS4xnmzN3W"
55,1092444347600195584,27863115,7246,27567,409,860,45349,2009-03-31 12:54:54,0,0,2019-02-04 15:26:43,Did you see the new #TheHandmaidsTale season 3 teaser? https://t.co/D0sxdEVBAV
56,1092060978085330944,27863115,7246,27567,409,860,45349,2009-03-31 12:54:54,1,1,2019-02-03 14:03:21,"From the return of @HBO's #2DopeQueens to @hulu's new coming-of-age comedy #PEN15show, here's what to watch on TV t… https://t.co/pvrPZd5jrU"
57,1091742291130228736,27863115,7246,27567,409,860,45349,2009-03-31 12:54:54,2,3,2019-02-02 16:57:00,Here's how the @ASPCA and @NYPD are working together to protect New York City's animals https://t.co/TgYm4NUp9Z https://t.co/DrGgdHYMDs
58,1091724092225581056,27863115,7246,27567,409,860,45349,2009-03-31 12:54:54,1,4,2019-02-02 15:44:41,.@netflix's @RussianDoll is going to be one of the year's most talked about shows https://t.co/VdHL60lumi
59,1091697751111487488,27863115,7246,27567,409,860,45349,2009-03-31 12:54:54,0,0,2019-02-02 14:00:01,Congestion pricing starts for you Manhattan cab or Uber rides today. Here's what that means https://t.co/ykDM9OgN6I https://t.co/KxpIsp9rSb
60,1091453638785019907,27863115,7246,27567,409,860,45349,2009-03-31 12:54:54,0,0,2019-02-01 21:50:00,Review of NYPD disciplinary system says dept should increase transparency https://t.co/JUZrJf1Dbj https://t.co/Y7k12VFHhc
61,1091448501471494145,27863115,7246,27567,409,860,45349,2009-03-31 12:54:54,8,43,2019-02-01 21:29:35,"It's been 5 years since the 
@ASPCA and 
@NYPDnews first joined forces to protect New York City's animals. Here's h… https://t.co/sXLFJ0gpPM"
62,1091430782168690688,27863115,7246,27567,409,860,45349,2009-03-31 12:54:54,0,0,2019-02-01 20:19:10,Assembly bill would repeal vaccine opt-out for religious reasons amid measles outbreak https://t.co/LzfELEThdt https://t.co/p2helGCj97
63,1091410329660203010,27863115,7246,27567,409,860,45349,2009-03-31 12:54:54,0,0,2019-02-01 18:57:54,".@BryceDHoward talks directing the new Star Wars series #TheMandalorian, Ron Howard set visit:… https://t.co/ZElHExDx3Q"
64,1091407953805131776,27863115,7246,27567,409,860,45349,2009-03-31 12:54:54,0,0,2019-02-01 18:48:28,Watch Ellen Page's impassioned speech on #LSSC https://t.co/iAXKetalXv
65,1091385662354452480,27863115,7246,27567,409,860,45349,2009-03-31 12:54:54,2,2,2019-02-01 17:19:53,Is there going to be a Gossip Girl reboot? https://t.co/zP9gj9D4zF https://t.co/22OP5Ct3Gf
66,1091383185408212994,27863115,7246,27567,409,860,45349,2009-03-31 12:54:54,0,0,2019-02-01 17:10:02,How to win Beyoncé and Jay-Z tickets for the next three decades.https://t.co/LsV4jYD2dl https://t.co/uBozCo3HmK
67,1091382832675647493,27863115,7246,27567,409,860,45349,2009-03-31 12:54:54,2,0,2019-02-01 17:08:38,"Your Manhattan taxi or Uber ride will be more expensive, beginning tomorrow https://t.co/ykDM9OgN6I https://t.co/YfC44Q9T46"
68,1091372258436747265,27863115,7246,27567,409,860,45349,2009-03-31 12:54:54,0,0,2019-02-01 16:26:37,"Judge allows congestion pricing surcharge collected on Manhattan for-hire trips
https://t.co/ykDM9OgN6I https://t.co/pVIDAwSIuk"
69,1091370413102432256,27863115,7246,27567,409,860,45349,2009-03-31 12:54:54,1,0,2019-02-01 16:19:17,The #Oscars2019 telecast may feature the Best Song nominees after all https://t.co/vNOkv02W23
70,1091365880406126593,27863115,7246,27567,409,860,45349,2009-03-31 12:54:54,1,1,2019-02-01 16:01:17,#BigMouth #ValentinesDay special is coming https://t.co/HXnQwLgO4V
71,1091321190143193088,27863115,7246,27567,409,860,45349,2009-03-31 12:54:54,0,0,2019-02-01 13:03:42,"From #RussianDoll to #SuperBowlLIII, here's what to watch on TV this weekend https://t.co/qOM7SjgUDf"
72,1091094178585604097,27863115,7246,27567,409,860,45349,2009-03-31 12:54:54,0,0,2019-01-31 22:01:38,The juiciest gossip stories and celebrity news of the week https://t.co/KEEKBWwKgS https://t.co/XfgMTUBK77
73,1091093708638965761,27863115,7246,27567,409,860,45349,2009-03-31 12:54:54,0,0,2019-01-31 21:59:46,"UPDATE: As sun sets, number of @NYCHA residents with heat and hot water outages jumps to 10,000… https://t.co/ggwnCFptXC"
74,1091089947115819008,27863115,7246,27567,409,860,45349,2009-03-31 12:54:54,0,0,2019-01-31 21:44:49,Need a Valentine's Day gift idea? You can name a @BronxZoo Madagascar hissing cockroach after your sweetheart (or e… https://t.co/WenPE13un7
75,1091082415668449283,27863115,7246,27567,409,860,45349,2009-03-31 12:54:54,0,1,2019-01-31 21:14:53,"There are still more than 5,000 NYCHA residents without heat on the coldest day of the year https://t.co/jrhuBOAgox https://t.co/QedJl8SRmK"
76,1091061924354318337,27863115,7246,27567,409,860,45349,2009-03-31 12:54:54,0,0,2019-01-31 19:53:28,.@NYCHA will get a federal monitor from @HUDgov as part of an agreement between the city and federal government to… https://t.co/F8cPdjlVYD
77,1091059086613975041,27863115,7246,27567,409,860,45349,2009-03-31 12:54:54,0,0,2019-01-31 19:42:11,Is your phone dying in cold weather? Here's why and how to prevent that. https://t.co/BVgioBvUhL https://t.co/9054pxYl7J
78,1091055278034948096,27863115,7246,27567,409,860,45349,2009-03-31 12:54:54,2,0,2019-01-31 19:27:03,The heat is on Mayor de Blasio as HUD and NYC sign deal for more federal control of NYCHA https://t.co/tCMCARwe6E https://t.co/3BNnPBn0uQ
79,1091042687174787072,27863115,7246,27567,409,860,45349,2009-03-31 12:54:54,0,0,2019-01-31 18:37:01,Chelsea Peretti's final episode as a #Brooklyn99 regular premieres tonight! https://t.co/Yd1D7i7q69
80,1091017001013776385,27863115,7246,27567,409,860,45349,2009-03-31 12:54:54,0,0,2019-01-31 16:54:57,"Happy birthday, #JackieRobinson! The #MLB legend would have turned 100 today.  #42 https://t.co/nTv7CNGTZZ https://t.co/1REkjSTXFU"
81,1091015218048786432,27863115,7246,27567,409,860,45349,2009-03-31 12:54:54,0,0,2019-01-31 16:47:52,Who is going to be the new Batman? https://t.co/SWfrMILvxj https://t.co/CpSXOA4vTr
82,1091013637987274752,27863115,7246,27567,409,860,45349,2009-03-31 12:54:54,0,0,2019-01-31 16:41:36,Stephen King's #TheStand will be a TV series https://t.co/3EghSKfH8b
83,1091012610634465282,27863115,7246,27567,409,860,45349,2009-03-31 12:54:54,0,0,2019-01-31 16:37:31,"UPDATE: More than 5,000 NYCHA residents without heat on freezing Thursday ahead of HUD announcement… https://t.co/qKwWJCw8Vv"
84,1091002139923673100,27863115,7246,27567,409,860,45349,2009-03-31 12:54:54,0,0,2019-01-31 15:55:54,"During the second @NYCCouncil hearing yesterday, Amazon said it would not be neutral to union efforts by its employ… https://t.co/gO72N1vPpx"
85,1091001826009337857,27863115,7246,27567,409,860,45349,2009-03-31 12:54:54,0,0,2019-01-31 15:54:39,FOX has ordered a second season of #TheMaskedSinger https://t.co/ROzQexy4x8
86,1090993999035404293,27863115,7246,27567,409,860,45349,2009-03-31 12:54:54,0,0,2019-01-31 15:23:33,We spoke to @nlyonne about her deeply personal new @netflix series #RussianDoll https://t.co/VdHL60lumi
87,1090992471989993472,27863115,7246,27567,409,860,45349,2009-03-31 12:54:54,0,0,2019-01-31 15:17:29,Hundreds of NYCHA residents without heat on freezing morning ahead of HUD announcement https://t.co/jrhuBOAgox https://t.co/5AOYDYKNLX
88,1090974521362972673,27863115,7246,27567,409,860,45349,2009-03-31 12:54:54,0,0,2019-01-31 14:06:09,Who was #TheMaskedSinger this week? https://t.co/bFdcG4mZYU
89,1090707831207145474,27863115,7246,27567,409,860,45349,2009-03-31 12:54:54,0,1,2019-01-30 20:26:25,#ThisIsUs star Milo Ventimiglia named Hasty Pudding 2019 Man of the Year: https://t.co/jWNhWb1x6o https://t.co/k1BtC2wdfX
90,1090704665375850501,27863115,7246,27567,409,860,45349,2009-03-31 12:54:54,0,1,2019-01-30 20:13:51,Who are celebrities rooting for in the 2019 Super Bowl? https://t.co/2UC2l5F5TZ https://t.co/6kQhctpr99
91,1090704422932541441,27863115,7246,27567,409,860,45349,2009-03-31 12:54:54,0,0,2019-01-30 20:12:53,#YouNetflix just cast its new female lead https://t.co/N5a2XdG0hn
92,1090701186787725312,27863115,7246,27567,409,860,45349,2009-03-31 12:54:54,2,9,2019-01-30 20:00:01,.@NYCSpeakerCoJo asked if he would agree to be neutral as it relates to workers wanting to organize. Brian Huseman… https://t.co/i136r9rEgT
93,1090696901551366144,27863115,7246,27567,409,860,45349,2009-03-31 12:54:54,1,0,2019-01-30 19:43:00,"Bundle up, NYC. It's about to get freezing cold. Here's what you need to know https://t.co/0fFFv6T0W4 https://t.co/9Js1AF362Z"
94,1090695520111214593,27863115,7246,27567,409,860,45349,2009-03-31 12:54:54,0,0,2019-01-30 19:37:30,"At second City Council Amazon HQ2 hearing, company says no to union neutrality https://t.co/xKehOz4FsJ https://t.co/BLxgxfSVl6"
95,1090683400648839169,27863115,7246,27567,409,860,45349,2009-03-31 12:54:54,0,0,2019-01-30 18:49:21,Twitter reacts to that questionable #ArianaGrande 7 Rings tattoo: https://t.co/8KNcybJIwq https://t.co/EtGmloFBsX
96,1090664726428823553,27863115,7246,27567,409,860,45349,2009-03-31 12:54:54,0,0,2019-01-30 17:35:09,Both Perdue and Tyson Foods have issued major chicken nugget recalls. https://t.co/95PDqUrFEB https://t.co/dmWYdue2VD
97,1090651972955455489,27863115,7246,27567,409,860,45349,2009-03-31 12:54:54,0,0,2019-01-30 16:44:28,A Chucky TV series is coming to @SYFY https://t.co/LAPYoarMea
98,1090641129819856896,27863115,7246,27567,409,860,45349,2009-03-31 12:54:54,0,1,2019-01-30 16:01:23,Another #ThisIsUs season finale has been delayed by a Trump TV address https://t.co/nu1MK6gfVU
99,1090640606043537409,27863115,7246,27567,409,860,45349,2009-03-31 12:54:54,0,0,2019-01-30 15:59:18,How did James Ingram die? https://t.co/h85DKOcsPu https://t.co/Kt1OlwvKo3
100,1090627944672882688,27863115,7246,27567,409,860,45349,2009-03-31 12:54:54,0,0,2019-01-30 15:08:59,".@dpshow host Dan Patrick talks Tom Brady, his new series Undeniable and the keys to a great interview:… https://t.co/gd6KGBnLn1"
101,1090611087463145473,27863115,7246,27567,409,860,45349,2009-03-31 12:54:54,0,0,2019-01-30 14:02:00,One lucky New Yorker could win free @Seamless for a year https://t.co/pwybu1chYs https://t.co/yMEeZNbW8n
102,1090371393261309952,27863115,7246,27567,409,860,45349,2009-03-31 12:54:54,0,0,2019-01-29 22:09:32,NY legislator calling for state to lower drunk driving limit from .08 BAC to .05 https://t.co/IFyMXtLmRq https://t.co/p4aSBrhiBx
103,1090351928477958145,27863115,7246,27567,409,860,45349,2009-03-31 12:54:54,0,0,2019-01-29 20:52:12,Will Kendall Jenner get subpoenaed because of the #FyreFestival? https://t.co/hFD4nkZQrO
104,1090341057882177537,27863115,7246,27567,409,860,45349,2009-03-31 12:54:54,3,8,2019-01-29 20:09:00,".@TeamstersJC16, @RWDSU to rally against ""Amazon HQ2Scam"" ahead of second City Council oversight hearing tomorrow… https://t.co/yEQrjB2mDA"
105,1090334332705746944,27863115,7246,27567,409,860,45349,2009-03-31 12:54:54,2,0,2019-01-29 19:42:17,Get ready to bundle up: New York City could get hit with -20 wind chills as Arctic air makes for a frigid week… https://t.co/EjyTsSKZ8S
106,1090320007689576448,27863115,7246,27567,409,860,45349,2009-03-31 12:54:54,2,5,2019-01-29 18:45:21,"Teamsters join Anti-Amazon HQ2 effort, demand better treatment of NY workers https://t.co/8HlJsfV3Re https://t.co/BdoQL2nMrh"
107,1090317739670077441,27863115,7246,27567,409,860,45349,2009-03-31 12:54:54,0,0,2019-01-29 18:36:20,".@bobmouldmusic talks his musical legacy, new album and bringing a bit of sunshine: https://t.co/OcMzHvY9IG"
108,1090309388328415232,27863115,7246,27567,409,860,45349,2009-03-31 12:54:54,0,0,2019-01-29 18:03:09,.@BryceDHoward named Woman of the Year 2019 by Harvard's @TheHastyPudding: https://t.co/0lJmGP9nzo https://t.co/d1IL72a7Vf
109,1090300654466318336,27863115,7246,27567,409,860,45349,2009-03-31 12:54:54,0,0,2019-01-29 17:28:27,Everything to know about the FaceTime bug that lets others spy on your conversations. https://t.co/lq5SZYNfYI https://t.co/fDd7GXeQNW
110,1090300173627072512,27863115,7246,27567,409,860,45349,2009-03-31 12:54:54,0,1,2019-01-29 17:26:32,Is Groundhog Day on Netflix? https://t.co/9LotIO6cgh https://t.co/MZzy3GczM7
111,1090299884069105665,27863115,7246,27567,409,860,45349,2009-03-31 12:54:54,0,0,2019-01-29 17:25:23,"If #SuperBowlLIII isn't your jam, we have a few suggestions for what to watch instead... https://t.co/XqIQgGpO57"
112,1090294999814684674,27863115,7246,27567,409,860,45349,2009-03-31 12:54:54,3,3,2019-01-29 17:05:59,"Swap your ice skates for bumper cars during @bryantparknyc's FrostFest, going on this week only!… https://t.co/oZ9Kjzluqt"
113,1090294738392154112,27863115,7246,27567,409,860,45349,2009-03-31 12:54:54,1,0,2019-01-29 17:04:56,NYC Weather: Sub-zero wind chills in forecast for frigid week https://t.co/0fFFv6T0W4 https://t.co/Bt5wbpwrLm
114,1090267364178898945,27863115,7246,27567,409,860,45349,2009-03-31 12:54:54,0,0,2019-01-29 15:16:10,"What is #TheMandalorian, the #StarWars TV show Jon Favreau keeps posting about? https://t.co/88bXxeXg3M"
115,1090245888012894208,27863115,7246,27567,409,860,45349,2009-03-31 12:54:54,0,0,2019-01-29 13:50:50,Who was eliminated on last night's #TheBachelor? https://t.co/jKgS9D04XY
116,1090060710288285697,27863115,7246,27567,409,860,45349,2009-03-31 12:54:54,3,0,2019-01-29 01:35:00,"Tonight, more than 4,000 volunteers will set out across New York City for the annual homeless survey.  But it may u… https://t.co/QeHqubwXj4"
117,1090010646689861633,27863115,7246,27567,409,860,45349,2009-03-31 12:54:54,0,2,2019-01-28 22:16:04,"Tonight, more than 4,000 volunteers will set out across New York City for the annual homeless survey.  But it under… https://t.co/ol9FUGMBPw"
118,1090008717679124480,27863115,7246,27567,409,860,45349,2009-03-31 12:54:54,0,2,2019-01-28 22:08:24,Seal it with a hiss: @BronxZoo lets you name a Madagascar hissing cockroach for your valentine… https://t.co/wtuNEZoKiq
119,1090003360969834498,27863115,7246,27567,409,860,45349,2009-03-31 12:54:54,1,0,2019-01-28 21:47:07,The city's annual homeless survey is tonight. Advocates say it probably undercounts the New York City homeless popu… https://t.co/Vy5YcS5Nt7
120,1089977541924962306,27863115,7246,27567,409,860,45349,2009-03-31 12:54:54,0,0,2019-01-28 20:04:31,The team behind #IAmTheNight can't get enough of true crime https://t.co/oKVcdPgGsT
121,1089963067142623232,27863115,7246,27567,409,860,45349,2009-03-31 12:54:54,2,2,2019-01-28 19:07:00,"ICE made 187 courthouse arrests in New York in 2018, per @ImmDefense. That's up from just 11 in 2016… https://t.co/Xz4QVp32Pa"
122,1089955671456575488,27863115,7246,27567,409,860,45349,2009-03-31 12:54:54,1,1,2019-01-28 18:37:37,"ICE arrests in New York courthouses up 1700% since 2016, according to the @ImmDefense https://t.co/3hqQKik7a4 https://t.co/WDc3GKaHu5"
123,1089951730824105984,27863115,7246,27567,409,860,45349,2009-03-31 12:54:54,0,1,2019-01-28 18:21:57,Former Starbucks CEO Howard Schultz drew a lot of attention on Twitter when he announced that he wants to run for P… https://t.co/5stO26skut
124,1089939439399387142,27863115,7246,27567,409,860,45349,2009-03-31 12:54:54,1,1,2019-01-28 17:33:07,The most memorable moments from the SAG Awards 2019 https://t.co/Ix122AiEJp https://t.co/i3AhcfYGb2
125,1089936582902190080,27863115,7246,27567,409,860,45349,2009-03-31 12:54:54,0,0,2019-01-28 17:21:46,Is Rachel Brosnahan married? 4 things to know about her husband Jason Ralph https://t.co/TmLLVpPOef https://t.co/vjPWvDkqpr
126,1089933556481179648,27863115,7246,27567,409,860,45349,2009-03-31 12:54:54,0,0,2019-01-28 17:09:44,#HarryPotter and a bunch of #Patriots fans walk into Twitter... https://t.co/cPYFiWC1Pl
127,1089922047571120128,27863115,7246,27567,409,860,45349,2009-03-31 12:54:54,0,0,2019-01-28 16:24:00,Watch @giseleofficial's note-worthy performance on #CarpoolKaraoke with @BoyzIIMen: https://t.co/GIR66J4kKp https://t.co/Z0EiRAPtf6
128,1089918851851214848,27863115,7246,27567,409,860,45349,2009-03-31 12:54:54,1,0,2019-01-28 16:11:18,L train service disruptions set for overnight this week and all weekend https://t.co/35fUDGA69i https://t.co/zqFETK0Ljy
129,1089911859308838913,27863115,7246,27567,409,860,45349,2009-03-31 12:54:54,0,0,2019-01-28 15:43:31,Will the #SuperBowLIII commercials include another Cloverfield Paradox-esque surprise? https://t.co/Szz3r14wDW
130,1089895474629353474,27863115,7246,27567,409,860,45349,2009-03-31 12:54:54,1,1,2019-01-28 14:38:25,The Zac Efron Ted Bundy movie originally had a twist ending https://t.co/fNk5nOhQ6V
131,1089875777045319680,27863115,7246,27567,409,860,45349,2009-03-31 12:54:54,0,0,2019-01-28 13:20:08,What to watch on TV this week https://t.co/g97nI8AtG6
