Index,ID,User_ID,Friends_Count,Followers_Count,Favourites_Count,Listed_Count,Status_Count,Created_at,Retweet_Count,Favourite_Count,Created_at,Text
1,1094729421733404672,2488541,1500,100489,508,2329,270207,2007-03-27 13:30:45,1,0,2019-02-10 22:46:47,"As clock ticks, new hurdle emerges in border security talks https://t.co/lB3Aj2Bnbd https://t.co/owSs0sp22q"
2,1094723996225073154,2488541,1500,100489,508,2329,270207,2007-03-27 13:30:45,1,0,2019-02-10 22:25:14,Trump defends work ethic after private schedules leak https://t.co/htOmlbGx5G https://t.co/EqYHzRn5Xv
3,1094613134533423104,2488541,1500,100489,508,2329,270207,2007-03-27 13:30:45,1,3,2019-02-10 15:04:42,"Red Sox may benefit, but #MLB must be careful with proposed rule changes https://t.co/5irx8MwjRm https://t.co/2RmFrHoDEL"
4,1094611979287912449,2488541,1500,100489,508,2329,270207,2007-03-27 13:30:45,0,3,2019-02-10 15:00:07,"With six titles in the bank, how outrageous is it to think Patriots might pull off No. 7? #NFL… https://t.co/FpGr6undWt"
5,1094600458084274177,2488541,1500,100489,508,2329,270207,2007-03-27 13:30:45,1,2,2019-02-10 14:14:20,‘Millionaire tax’ amendment rises again at Statehouse #mapoli https://t.co/E117MTexMX https://t.co/1DCaOnVqpR
6,1094594955241230336,2488541,1500,100489,508,2329,270207,2007-03-27 13:30:45,0,2,2019-02-10 13:52:28,On scene for battle against prostate cancer https://t.co/SS5lFJQ9Sx https://t.co/rG0m13Bu5w
7,1094589312891527168,2488541,1500,100489,508,2329,270207,2007-03-27 13:30:45,1,0,2019-02-10 13:30:03,".@JoeBattenfeld: Joe Kennedy III gives clout away, and too early https://t.co/TtgkAPLGBt https://t.co/xGXBR691H7"
8,1094583534193442816,2488541,1500,100489,508,2329,270207,2007-03-27 13:30:45,1,15,2019-02-10 13:07:05,Lindsey Vonn wins bronze medal in the final race of her career https://t.co/PDnVx6E8fn https://t.co/c0HpX8G4ys
9,1094582245854199808,2488541,1500,100489,508,2329,270207,2007-03-27 13:30:45,0,1,2019-02-10 13:01:58,Minnesota Sen. Amy Klobuchar expected to join 2020 Dem race https://t.co/XfC49xOuNf https://t.co/BRcUQMJlf5
10,1094577963725656064,2488541,1500,100489,508,2329,270207,2007-03-27 13:30:45,2,0,2019-02-10 12:44:57,"Uber driver allegedly offered cash for sex, assaulted rider https://t.co/ncTP9u9HHx https://t.co/Ya1kHBs5YE"
11,1094572281987248130,2488541,1500,100489,508,2329,270207,2007-03-27 13:30:45,0,2,2019-02-10 12:22:22,Virginia lieutenant governor resists calls to step down https://t.co/KIfTpK858q https://t.co/IRwaMgTsj1
12,1094567614255452163,2488541,1500,100489,508,2329,270207,2007-03-27 13:30:45,1,1,2019-02-10 12:03:49,Patriots lose assistant coach Brendan Daly to Chiefs #NFL https://t.co/O6YTn2EwjK https://t.co/RuIuRJ9Ccf
13,1094562409384153088,2488541,1500,100489,508,2329,270207,2007-03-27 13:30:45,0,0,2019-02-10 11:43:09,Watertown educator killed in Somerville hit-and-run https://t.co/wvepXYGg5X https://t.co/KLH1cCtzT8
14,1094556180524032001,2488541,1500,100489,508,2329,270207,2007-03-27 13:30:45,2,13,2019-02-10 11:18:23,.@HowieCarrShow: AOC ain’t A-OK https://t.co/EdH5gBLGgE https://t.co/SOI2hPXOHI
15,1094548946914033664,2488541,1500,100489,508,2329,270207,2007-03-27 13:30:45,0,0,2019-02-10 10:49:39,Marcus Morris calls out Celtics following bad loss to Clippers #NBA https://t.co/WjNP02A8p0 https://t.co/HJYLn9nS1l
16,1094547801411858432,2488541,1500,100489,508,2329,270207,2007-03-27 13:30:45,2,4,2019-02-10 10:45:06,JFK library marks 50th anniversary of Apollo 11 moon landing https://t.co/ofhIOLmj5N https://t.co/kxTdDtGQds
17,1094546178673397760,2488541,1500,100489,508,2329,270207,2007-03-27 13:30:45,0,0,2019-02-10 10:38:39,"Strip club dancers say Boston officer paid them $2,500 for sex https://t.co/ELUZBzkZbb https://t.co/bTRFodUow1"
18,1094531660123725824,2488541,1500,100489,508,2329,270207,2007-03-27 13:30:45,2,7,2019-02-10 09:40:57,"Today's front page - Sunday, Feb. 10, 2019 ||| Visit our online store: https://t.co/V2nmw6qSCa https://t.co/pW8xrGQZYL"
19,1094531479089152000,2488541,1500,100489,508,2329,270207,2007-03-27 13:30:45,1,3,2019-02-10 09:40:14,"Today's sports front - Sunday, Feb. 10, 2019 ||| Visit our online store: https://t.co/NxlJ89CyV3 https://t.co/FtRXahfZsO"
20,1094413298945196033,2488541,1500,100489,508,2329,270207,2007-03-27 13:30:45,3,10,2019-02-10 01:50:38,Sunday's page 1 https://t.co/RjlQEhq18U
21,1094283621127602177,2488541,1500,100489,508,2329,270207,2007-03-27 13:30:45,1,2,2019-02-09 17:15:20,"Elizabeth Warren confirms #2020election presidential bid
https://t.co/rznbX4uNUQ https://t.co/65aIot31As"
22,1094279816705179648,2488541,1500,100489,508,2329,270207,2007-03-27 13:30:45,0,1,2019-02-09 17:00:13,Rare Roslindale three-bed has sweet price https://t.co/hxvlPxf6ct https://t.co/Ll0h887G5Q
23,1094270734791254021,2488541,1500,100489,508,2329,270207,2007-03-27 13:30:45,0,0,2019-02-09 16:24:08,Celtics not in hurry to sign a buyout player #NBA https://t.co/0cya7iaqFU https://t.co/NAL0AqRCk0
24,1094269382048522247,2488541,1500,100489,508,2329,270207,2007-03-27 13:30:45,4,1,2019-02-09 16:18:45,"Watch Live: Elizabeth Warren in Lawrence
https://t.co/bAuHi69e7O https://t.co/IRiUlWNjq2"
25,1094264701960290304,2488541,1500,100489,508,2329,270207,2007-03-27 13:30:45,1,0,2019-02-09 16:00:10,Dodge muscle powers AWD Challenger https://t.co/435tOfPTgw https://t.co/SNCNgh9JCU
26,1094248550307901440,2488541,1500,100489,508,2329,270207,2007-03-27 13:30:45,1,2,2019-02-09 14:55:59,Patriots fans can get a picture with Lombardi trophy https://t.co/qpdAULEZ6k https://t.co/KdSO3HJDs6
27,1094242891780837376,2488541,1500,100489,508,2329,270207,2007-03-27 13:30:45,8,18,2019-02-09 14:33:30,Editorial: Gang Green pushes dumb deal https://t.co/T1UtS9LnD3 https://t.co/rrOqXz8pRV
28,1094236874015756288,2488541,1500,100489,508,2329,270207,2007-03-27 13:30:45,1,1,2019-02-09 14:09:35,Crashed Ice racers battle for spots in finals at Fenway Park https://t.co/gw6D4OzTF3 https://t.co/pqvp8uruMy
29,1094228615523418113,2488541,1500,100489,508,2329,270207,2007-03-27 13:30:45,0,0,2019-02-09 13:36:46,Patriots lose three assistant coaches to Brian Flores’ Dolphins staff #NFL https://t.co/Mb7iVDSXoG https://t.co/xze0nnD9ng
30,1094223198953111553,2488541,1500,100489,508,2329,270207,2007-03-27 13:30:45,6,20,2019-02-09 13:15:14,Joe Fitzgerald column: Elizabeth Warren revelations beg question: Don’t we deserve better? https://t.co/wmfE4bj6dH https://t.co/TKPesq5lTd
31,1094217441654263810,2488541,1500,100489,508,2329,270207,2007-03-27 13:30:45,0,5,2019-02-09 12:52:22,Super PAC forms to fight Elizabeth Warren https://t.co/g4ayEuMUAz https://t.co/wqsdxcirLu
32,1094206746900512770,2488541,1500,100489,508,2329,270207,2007-03-27 13:30:45,4,7,2019-02-09 12:09:52,"Boston’s top cop credits community, cops for drop in crime https://t.co/Xl0A66exmU https://t.co/6nw7clMrWm"
33,1094200359101313024,2488541,1500,100489,508,2329,270207,2007-03-27 13:30:45,1,2,2019-02-09 11:44:29,Dad believes new info will lead to nursing student’s remains https://t.co/8lGkgMox1c https://t.co/Dis1kdjIeE
34,1094189838360866816,2488541,1500,100489,508,2329,270207,2007-03-27 13:30:45,2,5,2019-02-09 11:02:41,Elizabeth Warren to announce 2020 plans in politically charged immigrant city https://t.co/8fpCqAbhFy https://t.co/FloPJalAth
35,1094174572310597632,2488541,1500,100489,508,2329,270207,2007-03-27 13:30:45,1,1,2019-02-09 10:02:01,"Today's front page - Saturday, Feb. 9, 2019 ||| Visit our online store for back issues and Super Bowl keepsakes:… https://t.co/LH1YZJhOC2"
36,1094174486767849472,2488541,1500,100489,508,2329,270207,2007-03-27 13:30:45,0,0,2019-02-09 10:01:41,"Today's sports front - Saturday, Feb. 9, 2019 ||| Visit our online store for back issues and Super Bowl keepsakes:… https://t.co/dzj85tFvTx"
37,1093949138973143040,2488541,1500,100489,508,2329,270207,2007-03-27 13:30:45,2,1,2019-02-08 19:06:13,The @RedSox and @KingJames are both feeling good about finances after @LFC released its numbers. BIG gains. More he… https://t.co/cfTphd08JL
38,1093915250947182592,2488541,1500,100489,508,2329,270207,2007-03-27 13:30:45,0,1,2019-02-08 16:51:34,"Man charged in $5M gold heist, reward offered for capture https://t.co/koE9vvuRFg https://t.co/FT0HjFMqK7"
39,1093909241096822784,2488541,1500,100489,508,2329,270207,2007-03-27 13:30:45,1,1,2019-02-08 16:27:41,S&amp;P 500 set for another down week as January’s rally fizzles https://t.co/lvqFFrqnSe https://t.co/gtCasyCEIS
40,1093904873400254464,2488541,1500,100489,508,2329,270207,2007-03-27 13:30:45,0,2,2019-02-08 16:10:20,New Hampshire’s highest court upholds topless ordinance https://t.co/mJkeNuVzZN https://t.co/Gj7IMjl2F0
41,1093899847906807809,2488541,1500,100489,508,2329,270207,2007-03-27 13:30:45,3,3,2019-02-08 15:50:22,Boston cop on leave after service weapon allegedly stolen by strippers https://t.co/3P0ld6PSW6 https://t.co/ThSo4Eqh0t
42,1093897101061357568,2488541,1500,100489,508,2329,270207,2007-03-27 13:30:45,3,5,2019-02-08 15:39:27,"Albert Finney, ‘Tom Jones’ star nominated for five Oscars, dies at 82 https://t.co/QlvcBmqQKk https://t.co/GXIzjhzdmS"
43,1093887178185175042,2488541,1500,100489,508,2329,270207,2007-03-27 13:30:45,1,2,2019-02-08 15:00:01,Looking for a spot to celebrate the Chinese Lunar New Year? It's the Year of the Pig and @JQLouise has you covered: https://t.co/WyPv6opaWi
44,1093873807557836800,2488541,1500,100489,508,2329,270207,2007-03-27 13:30:45,0,1,2019-02-08 14:06:53,Family distraught over Lynn man’s shooting death https://t.co/kq5R6E5n4J https://t.co/ZXONmmwxSt
45,1093864321602539521,2488541,1500,100489,508,2329,270207,2007-03-27 13:30:45,0,1,2019-02-08 13:29:11,Democrats and GOP square off over Trump’s tax returns https://t.co/AS4Tqg78Ia https://t.co/35EYjeQati
46,1093858987844517889,2488541,1500,100489,508,2329,270207,2007-03-27 13:30:45,0,1,2019-02-08 13:08:00,"Bigger, Stronger, Faster: Women’s hockey outgrowing its dependence on the men’s game https://t.co/NcpDZg1iuL https://t.co/WZ2nlOYn7i"
47,1093853862136631298,2488541,1500,100489,508,2329,270207,2007-03-27 13:30:45,3,9,2019-02-08 12:47:38,Ed Markey pairs with Alexandria Ocasio-Cortez on Green New Deal #mapoli https://t.co/KYkZdMAV5w https://t.co/nfdST7gCQB
48,1093847149975089152,2488541,1500,100489,508,2329,270207,2007-03-27 13:30:45,5,8,2019-02-08 12:20:57,".@HowieCarrShow: Oh, what a tangled web Elizabeth Warren wove https://t.co/fl5Kria9mu https://t.co/Il11miRFQn"
49,1093837507635101696,2488541,1500,100489,508,2329,270207,2007-03-27 13:30:45,6,11,2019-02-08 11:42:38,"Today's front page  -- Friday, Feb. 8, 2019 ||| Visit our online store: https://t.co/IAnxskqLCn https://t.co/m6qO0lpTrK"
50,1093837387422199808,2488541,1500,100489,508,2329,270207,2007-03-27 13:30:45,0,1,2019-02-08 11:42:10,"Today's sports front -- Friday, Feb. 8, 2019 ||| Visit our online store: https://t.co/TpO1HReeU5 https://t.co/61fSiEv6mC"
51,1093738127766761472,2488541,1500,100489,508,2329,270207,2007-03-27 13:30:45,2,7,2019-02-08 05:07:44,So much for #BeatLA. The Celtics dropped a 129-128 heartbreaker to the Lakers on a buzzer beater from who else? Raj… https://t.co/fQN6dcIik9
52,1093671495186952418,2488541,1500,100489,508,2329,270207,2007-03-27 13:30:45,1,5,2019-02-08 00:42:58,Important story. Important perspective. A look at the state of women's hockey &amp; how it's moved past being measured… https://t.co/o0z3eFbz6X
53,1093562747021914114,2488541,1500,100489,508,2329,270207,2007-03-27 13:30:45,2,2,2019-02-07 17:30:50,Martha Stewart shares life tidbits with Boston College crowd https://t.co/rE3ETqQStA https://t.co/aGffwRTa6s
54,1093537075855540224,2488541,1500,100489,508,2329,270207,2007-03-27 13:30:45,0,0,2019-02-07 15:48:50,Boston Public Schools announces ‘biggest budget yet’ for FY20 #bospoli https://t.co/IEyEx9Dnps https://t.co/pMwTlGnusx
55,1093531847672369158,2488541,1500,100489,508,2329,270207,2007-03-27 13:30:45,0,0,2019-02-07 15:28:03,"Court document: No plea talks between feds, embattled Fall River mayor https://t.co/kchPEXyhGf https://t.co/JlJidQ3b2Z"
56,1093524499797078016,2488541,1500,100489,508,2329,270207,2007-03-27 13:30:45,0,3,2019-02-07 14:58:52,"Rob Gronkowski on Tonight Show: Crushes Catchphrase, tells of beer can injury during parade https://t.co/FHOuc5S3fN https://t.co/U9TVTkZffg"
57,1093513012458213377,2488541,1500,100489,508,2329,270207,2007-03-27 13:30:45,2,1,2019-02-07 14:13:13,.@JessicaHeslam: Legislation on teen sexting makes ‘the most sense’ #mapoli https://t.co/05RMTlgTxR https://t.co/Pn7bWgTQhP
58,1093501832536748032,2488541,1500,100489,508,2329,270207,2007-03-27 13:30:45,4,22,2019-02-07 13:28:47,Elizabeth Warren faces new fire over Native American claims https://t.co/qesY8w5hN7 https://t.co/5B8bqdESUR
59,1093483322972487680,2488541,1500,100489,508,2329,270207,2007-03-27 13:30:45,1,3,2019-02-07 12:15:14,.@SteveBHoop: Celtics’ counteroffers reportedly high as they wait out Anthony Davis drama #NBA… https://t.co/THSel3c56I
60,1093478011293388800,2488541,1500,100489,508,2329,270207,2007-03-27 13:30:45,0,2,2019-02-07 11:54:08,Alexandria Ocasio-Cortez and Ed Markey set to unveil their ‘Green New Deal’ https://t.co/DHYjOCJPH2 https://t.co/UOi0nHvI98
61,1093472509436010496,2488541,1500,100489,508,2329,270207,2007-03-27 13:30:45,1,1,2019-02-07 11:32:16,"Bruins squander third-period lead, fall to Rangers in shootout #NHL https://t.co/od2RDHlHoh https://t.co/1UPtOLjbZ5"
62,1093466200171077632,2488541,1500,100489,508,2329,270207,2007-03-27 13:30:45,17,36,2019-02-07 11:07:12,.@IAmMGraham: A question for Elizabeth Warren: How could you? https://t.co/9uF4bqbKPk https://t.co/BVLJxJHiik
63,1093448654252322816,2488541,1500,100489,508,2329,270207,2007-03-27 13:30:45,0,7,2019-02-07 09:57:29,"Today's front page - Thursday, Feb. 7, 2019 ||| Purchase back issues and Super Bowl keepsakes at our online store:… https://t.co/HTouVTSWfW"
64,1093448332851232769,2488541,1500,100489,508,2329,270207,2007-03-27 13:30:45,0,0,2019-02-07 09:56:12,"Today's sports front - Thursday, Feb. 7, 2019 ||| Purchase back issues and Patriots Super Bowl keepsakes at our onl… https://t.co/hhnz8CEFyG"
65,1093265453974208512,2488541,1500,100489,508,2329,270207,2007-03-27 13:30:45,4,3,2019-02-06 21:49:30,"Battenfeld: Liz Warren’s ‘American Indian’ claim cuts to character
https://t.co/SEhJEvIG9m https://t.co/7sbtgtVnSl"
66,1093265210243272704,2488541,1500,100489,508,2329,270207,2007-03-27 13:30:45,5,10,2019-02-06 21:48:32,"Audio: Elizabeth Warren couldn’t ‘recall’ Native American claim; apologizes again
https://t.co/vhkxRTGuJZ https://t.co/OiV35wMwmJ"
67,1093198147193581570,2488541,1500,100489,508,2329,270207,2007-03-27 13:30:45,0,1,2019-02-06 17:22:03,.@luke1825: Bernie Sanders on sidelines as fellow Dems take socialist stance https://t.co/F2cuMidQqI https://t.co/Av82xgXpdi
68,1093191077757095939,2488541,1500,100489,508,2329,270207,2007-03-27 13:30:45,0,3,2019-02-06 16:53:58,Virginia AG says he wore blackface at college party https://t.co/t8ngRA1R5q https://t.co/fmib4kNuZc
69,1093187802425110528,2488541,1500,100489,508,2329,270207,2007-03-27 13:30:45,0,3,2019-02-06 16:40:57,Boston-based ‘City on a Hill’ films – in NY https://t.co/jCel0ZzyfC https://t.co/tV1kYhU1fe
70,1093176862279430144,2488541,1500,100489,508,2329,270207,2007-03-27 13:30:45,0,1,2019-02-06 15:57:28,"The children, who were in car seats, were transported to Lowell General Hospital in Massachusetts with injuries pol… https://t.co/w9IY9axUfE"
71,1093175993001537536,2488541,1500,100489,508,2329,270207,2007-03-27 13:30:45,0,2,2019-02-06 15:54:01,Fans legally bet almost $6.5M on #SBLIII in Rhode Island https://t.co/3xF0MKHN6a https://t.co/ZXb6DCUXjh
72,1093169717710372865,2488541,1500,100489,508,2329,270207,2007-03-27 13:30:45,0,2,2019-02-06 15:29:05,.@TomKeeganBoston: Bill Belichick deserves at least equal billing with his quarterback #SBLIII… https://t.co/fY7Z4qsyBc
73,1093164219917324288,2488541,1500,100489,508,2329,270207,2007-03-27 13:30:45,0,1,2019-02-06 15:07:14,5 Takeaways from Trump’s State of the Union speech https://t.co/HfxUewiqJf https://t.co/5WLBEg3H9e
74,1093163207945056256,2488541,1500,100489,508,2329,270207,2007-03-27 13:30:45,4,2,2019-02-06 15:03:13,BREAKING State’s high court upholds conviction of Michelle Carter in suicide-by text case… https://t.co/T4rZ3rd1kF
75,1093160978097807361,2488541,1500,100489,508,2329,270207,2007-03-27 13:30:45,0,4,2019-02-06 14:54:21,"Patrice Bergeron scores twice in 1,000th game as Bruins top Islanders #NHL https://t.co/BoinOU0kaG https://t.co/VO6fP2xyZv"
76,1093157613418803202,2488541,1500,100489,508,2329,270207,2007-03-27 13:30:45,2,6,2019-02-06 14:40:59,Craigslist founder donates $15 million for journalism ethics https://t.co/93GH6A3v6F https://t.co/xXfE5N06CV
77,1093155003676672000,2488541,1500,100489,508,2329,270207,2007-03-27 13:30:45,1,4,2019-02-06 14:30:37,Inmate freed with help by Kim Kardashian West gets book deal https://t.co/odkMFBiAhJ https://t.co/sGx3aIhlHw
78,1093149814194343941,2488541,1500,100489,508,2329,270207,2007-03-27 13:30:45,12,31,2019-02-06 14:10:00,State’s high court to announce decision in Michelle Carter suicide-by-text case today https://t.co/GkNJxc4NAp https://t.co/0kE49IOw3m
79,1093145381788094464,2488541,1500,100489,508,2329,270207,2007-03-27 13:30:45,1,3,2019-02-06 13:52:23,Trump launching campaign to end HIV epidemic in US by 2030 https://t.co/LD1BMPoouZ https://t.co/ftAN78sJ5R
80,1093139831922872320,2488541,1500,100489,508,2329,270207,2007-03-27 13:30:45,3,14,2019-02-06 13:30:20,Patriots parade hits record with estimated 1.5M fans #SBLIII https://t.co/SBLxJkNPpo https://t.co/B4RlfUl7mv
81,1093137850378391552,2488541,1500,100489,508,2329,270207,2007-03-27 13:30:45,4,27,2019-02-06 13:22:27,Kentucky MAGA teen targets Elizabeth Warren for potential libel suit https://t.co/oWVUMKI5VK https://t.co/Xn7JALxUhv
82,1093132629539504128,2488541,1500,100489,508,2329,270207,2007-03-27 13:30:45,0,3,2019-02-06 13:01:42,.@JoeBattenfeld: Bill Weld may sink like a stone in Granite State https://t.co/H3gddxp33E https://t.co/H4N7jzHF9G
83,1093127521992888320,2488541,1500,100489,508,2329,270207,2007-03-27 13:30:45,3,13,2019-02-06 12:41:25,"Trump touts wall, denounces socialism in State of the Union address https://t.co/7Vxaa2RFO9 https://t.co/1TztNtpAgc"
84,1093118954959261696,2488541,1500,100489,508,2329,270207,2007-03-27 13:30:45,0,3,2019-02-06 12:07:22,Viral video shows post-parade fistfight in the North End https://t.co/TfBt98Tbhy https://t.co/wlIDj4sIgM
85,1093111997397458944,2488541,1500,100489,508,2329,270207,2007-03-27 13:30:45,6,33,2019-02-06 11:39:43,".@HowieCarrShow:  This presidential campaign is not going well for Elizabeth Warren
https://t.co/WITquHcYP9 https://t.co/PbF67npxm5"
86,1093105629164699648,2488541,1500,100489,508,2329,270207,2007-03-27 13:30:45,13,19,2019-02-06 11:14:25,Report: Liz Warren claimed ‘American Indian’ in 1986 Texas document #mapoli https://t.co/efxwQurUWI https://t.co/gPSZcs9ngk
87,1093089758132092929,2488541,1500,100489,508,2329,270207,2007-03-27 13:30:45,4,13,2019-02-06 10:11:21,"Today's front page - Wednesday, Feb. 6, 2019 ||| Purchase back issues and Super Bowl LIII memorabilia on our store:… https://t.co/EDiqSQwmUu"
88,1093089524673118208,2488541,1500,100489,508,2329,270207,2007-03-27 13:30:45,0,1,2019-02-06 10:10:25,"Today's sports front - Wednesday, Feb. 6, 2019 ||| Purchase back issues and Super Bowl LIII memorabilia on our stor… https://t.co/AgoXhjBbo6"
89,1092855831673126914,2488541,1500,100489,508,2329,270207,2007-03-27 13:30:45,4,43,2019-02-05 18:41:49,"Best Patriots victory parade yet? Fans packed balmy Boston streets to greet the Super Bowl LIII champs, via… https://t.co/yswFMphh0F"
90,1092843494635462656,2488541,1500,100489,508,2329,270207,2007-03-27 13:30:45,2,2,2019-02-05 17:52:47,2016 Libertarian veep nominee Bill Weld returns to Republican Party #mapoli https://t.co/eBhV4sYapP https://t.co/Qa72hzttBp
91,1092831754262597633,2488541,1500,100489,508,2329,270207,2007-03-27 13:30:45,0,8,2019-02-05 17:06:08,Stop by newsstands on the way home from the parade and pick up our New England Patriots Champions special issue. Al… https://t.co/YqhaCXseNQ
92,1092820073008582657,2488541,1500,100489,508,2329,270207,2007-03-27 13:30:45,3,6,2019-02-05 16:19:43,Live: Staff reports from the Patriots Super Bowl parade route https://t.co/3pcvC1FPrv https://t.co/W3JPWs4zUD
93,1092807726093213696,2488541,1500,100489,508,2329,270207,2007-03-27 13:30:45,0,3,2019-02-05 15:30:39,"Celtics sheltering Kyrie Irving from trade deadline whirlwind #NBA
https://t.co/qIELJcsBYh https://t.co/h55nDC54Rl"
94,1092802472895303680,2488541,1500,100489,508,2329,270207,2007-03-27 13:30:45,0,4,2019-02-05 15:09:47,"Businesses, shops prepare for Patriots parade https://t.co/htxsF0Qkmu https://t.co/eiIUpOMtJH"
95,1092796894961717249,2488541,1500,100489,508,2329,270207,2007-03-27 13:30:45,4,12,2019-02-05 14:47:37,It’s parade day! Queue the #duckboats!! If you’re out and about today look for both our regular edition and special… https://t.co/dyEnXPSxUB
96,1092791096332173320,2488541,1500,100489,508,2329,270207,2007-03-27 13:30:45,2,2,2019-02-05 14:24:35,State troopers testing body cameras in 6-month pilot program https://t.co/fDQGNZAyDQ https://t.co/uvoUieOGXq
97,1092790673441517580,2488541,1500,100489,508,2329,270207,2007-03-27 13:30:45,1,6,2019-02-05 14:22:54,.@IAmMGraham: Bill Belichick could score big as POTUS in 2020 https://t.co/nk4usnaGyA https://t.co/CImUzXaqfA
98,1092788316699807744,2488541,1500,100489,508,2329,270207,2007-03-27 13:30:45,0,1,2019-02-05 14:13:32,"Virginia governor clings to office amid uncertainty, furor https://t.co/V72tIZ8VRB https://t.co/OeukVpCQ1r"
99,1092783850021888000,2488541,1500,100489,508,2329,270207,2007-03-27 13:30:45,0,2,2019-02-05 13:55:47,"Police chief: Man struck, killed by commuter train in Norwood https://t.co/xd6WXY8MSF https://t.co/7dVoMILapB"
100,1092781450200600576,2488541,1500,100489,508,2329,270207,2007-03-27 13:30:45,5,9,2019-02-05 13:46:15,.@JessicaHeslam: Tom Brady and Bill Belichick are true sports role models https://t.co/jtDnk20Khe https://t.co/ZFbu6rNo4n
101,1092780920451620865,2488541,1500,100489,508,2329,270207,2007-03-27 13:30:45,0,0,2019-02-05 13:44:08,"Super Bowl reaches 100.7 million people, down from 2018 https://t.co/IKeArL8L0L https://t.co/gWuqMCfvxJ"
102,1092778492960403457,2488541,1500,100489,508,2329,270207,2007-03-27 13:30:45,0,2,2019-02-05 13:34:30,T gives boost to Red-Blue line connector #MBTA https://t.co/KLSzcS9hCq https://t.co/0NhxMjHRqK
103,1092773359908200448,2488541,1500,100489,508,2329,270207,2007-03-27 13:30:45,4,10,2019-02-05 13:14:06,"Boston Police Commissioner William Gross: ""We’ve been here before, folks. This is our sixth championship parade, so… https://t.co/tezLjxagZx"
104,1092771445002985472,2488541,1500,100489,508,2329,270207,2007-03-27 13:30:45,2,5,2019-02-05 13:06:29,Make way for duck boats: 1 million expected to line rally route; Boston Mayor Marty Walsh  urges fans to celebrate… https://t.co/3TBSTGsmTp
105,1092770266583916544,2488541,1500,100489,508,2329,270207,2007-03-27 13:30:45,1,5,2019-02-05 13:01:48,Make way for duck boats: 1 million expected to line rally route #SBLIII https://t.co/RfMhUaIdMM https://t.co/HU2bP9FdlV
106,1092767014387703811,2488541,1500,100489,508,2329,270207,2007-03-27 13:30:45,0,2,2019-02-05 12:48:53,Massachusetts House to honor Martin Luther King Jr. visit #mapoli https://t.co/82xToqIop5 https://t.co/2A1BT5VpZX
107,1092765764946407424,2488541,1500,100489,508,2329,270207,2007-03-27 13:30:45,1,4,2019-02-05 12:43:55,‘Whirlwind’: Brian Flores goes from Super Bowl champs to Dolphins #NFL https://t.co/yTazdp9Pcy https://t.co/40vQ9VXYTg
108,1092760380403838976,2488541,1500,100489,508,2329,270207,2007-03-27 13:30:45,1,3,2019-02-05 12:22:31,Federal prosecutors subpoena Trump’s inaugural committee https://t.co/Ms0Hb4jVUo https://t.co/6sgeDvKTvi
109,1092750163066716161,2488541,1500,100489,508,2329,270207,2007-03-27 13:30:45,3,6,2019-02-05 11:41:55,.@JoeBattenfeld: Elizabeth Warren took a pass on praising the non-PC Patriots https://t.co/XdjYdtDrNI https://t.co/js0s6O32pA
110,1092749383001669637,2488541,1500,100489,508,2329,270207,2007-03-27 13:30:45,2,8,2019-02-05 11:38:49,"Gary LaPierre, longtime Boston radio, TV journalist, dies at 76 https://t.co/Sf5lVNEusc https://t.co/d22K5vY4uZ"
111,1092746439762022400,2488541,1500,100489,508,2329,270207,2007-03-27 13:30:45,1,6,2019-02-05 11:27:08,Paris building fire claims 10 lives; arson suspected https://t.co/jXPwKy0LdR https://t.co/HDkCGQarLz
112,1092739080658526208,2488541,1500,100489,508,2329,270207,2007-03-27 13:30:45,2,10,2019-02-05 10:57:53,.@RealOBF: Patriots move beyond a dynasty #SBLIII #NFL https://t.co/960Cx34FTR https://t.co/xAnkithwzC
113,1092716043322224640,2488541,1500,100489,508,2329,270207,2007-03-27 13:30:45,0,4,2019-02-05 09:26:21,"Today's front page - Tuesday, Feb. 5, 2019 ||| Subscribe to our free email newsletters: https://t.co/LEZYgeTXcN https://t.co/Lj6SkNzJzd"
114,1092715937302802435,2488541,1500,100489,508,2329,270207,2007-03-27 13:30:45,0,1,2019-02-05 09:25:55,"Today's sports front - Tuesday, Feb. 5, 2019 ||| Subscribe to our free email newsletters: https://t.co/0LoHuc7b8J https://t.co/hlGrhbAlzc"
115,1092654575922884608,2488541,1500,100489,508,2329,270207,2007-03-27 13:30:45,4,11,2019-02-05 05:22:06,Quite the trifecta tomorrow! Check your local newsstands! https://t.co/PHb6eF4RpG
116,1092580784349827074,2488541,1500,100489,508,2329,270207,2007-03-27 13:30:45,3,12,2019-02-05 00:28:52,"Tom Brady, Julian Edelman enjoy bro date at Disney https://t.co/65ifetETKG https://t.co/ItYGWUF44u"
117,1092542808274202624,2488541,1500,100489,508,2329,270207,2007-03-27 13:30:45,0,2,2019-02-04 21:57:58,TV ads call on US Rep. Neal to subpoena Trump tax returns https://t.co/By8wYONrov https://t.co/yUmtwFwtMh
118,1092538073525694464,2488541,1500,100489,508,2329,270207,2007-03-27 13:30:45,0,2,2019-02-04 21:39:09,Elizabeth Warren invites furloughed worker to State of the Union #mapoli https://t.co/8JJDi2UEGq https://t.co/uGASLvykis
119,1092509016335572995,2488541,1500,100489,508,2329,270207,2007-03-27 13:30:45,0,3,2019-02-04 19:43:41,"ICYMI: Watch Patriots fans lose their minds on Boston Common after Super Bowl LIII, reported by @Meghan_Ottolini https://t.co/vkJ1Js6fGc"
120,1092473384305348610,2488541,1500,100489,508,2329,270207,2007-03-27 13:30:45,0,3,2019-02-04 17:22:06,"Visit our online store for commemorative editions, plaques, posters mugs and more...
https://t.co/WxP7pHGM4i https://t.co/SdvFEOH7ON"
121,1092459424969605122,2488541,1500,100489,508,2329,270207,2007-03-27 13:30:45,1,2,2019-02-04 16:26:38,"Julie Adams, ‘Creature From the Black Lagoon’ star, dies at 92 https://t.co/2rnfpR4Xw1 https://t.co/328wT1YrK8"
122,1092451775049801728,2488541,1500,100489,508,2329,270207,2007-03-27 13:30:45,0,1,2019-02-04 15:56:14,‘Young and the Restless’ star Kristoff St. John found dead in California home https://t.co/t8nsDGBax0 https://t.co/QMA3rIMtHR
123,1092447686106759169,2488541,1500,100489,508,2329,270207,2007-03-27 13:30:45,1,7,2019-02-04 15:39:59,Bill Belichick details ‘incredible story’ of Julian Edelman’s path to Super Bowl MVP https://t.co/1SBQtQ2Psf https://t.co/PE7shz8fIO
124,1092444506430099456,2488541,1500,100489,508,2329,270207,2007-03-27 13:30:45,0,0,2019-02-04 15:27:21,Surveillance video helps police recapture MMA fighter https://t.co/FVI6IPFqsk https://t.co/hqH1PIgaML
125,1092440777437954048,2488541,1500,100489,508,2329,270207,2007-03-27 13:30:45,1,3,2019-02-04 15:12:32,.@TomKeeganBoston: Time to talk about greatness of Patriots defense #SBLIII #NFL https://t.co/BVIUXZwtUm https://t.co/5zSav0nuU1
126,1092439502444990464,2488541,1500,100489,508,2329,270207,2007-03-27 13:30:45,1,2,2019-02-04 15:07:28,".@WMurphyLaw: Yearbook truths, political lies https://t.co/ewQz0IlORw https://t.co/GFSvdmWin3"
127,1092433958007160838,2488541,1500,100489,508,2329,270207,2007-03-27 13:30:45,0,2,2019-02-04 14:45:26,Norwood man charged with killing brother in drunken-driving crash https://t.co/CmGlD93XkS https://t.co/mJETjNeBb6
128,1092428558062895104,2488541,1500,100489,508,2329,270207,2007-03-27 13:30:45,3,1,2019-02-04 14:23:59,Super Bowl halftime show: What grade do you give it? #SBLIII https://t.co/JA1gE9n8jv
129,1092428357566894080,2488541,1500,100489,508,2329,270207,2007-03-27 13:30:45,1,6,2019-02-04 14:23:11,Police: LA tree-hugger lone arrest out of thousands of partying Patriots fans #SBLIII  https://t.co/WrzljiFNy6 https://t.co/uRNoud19Bn
130,1092426725684903936,2488541,1500,100489,508,2329,270207,2007-03-27 13:30:45,0,5,2019-02-04 14:16:42,Tony Romo reaches Super heights in broadcast booth https://t.co/5hf7cv33i8 https://t.co/yBVRHkvQg4
131,1092421409576505345,2488541,1500,100489,508,2329,270207,2007-03-27 13:30:45,2,5,2019-02-04 13:55:34,Patriots Duck Boat rally set for Tuesday at 11 a.m. https://t.co/rZGFgujjIj https://t.co/iL3KkEaidP
132,1092419561218076672,2488541,1500,100489,508,2329,270207,2007-03-27 13:30:45,0,6,2019-02-04 13:48:14,What grade do you give the CBS Sports announcing crew for Super Bowl LIII? https://t.co/QzCrBgsPkR
133,1092415811535454208,2488541,1500,100489,508,2329,270207,2007-03-27 13:30:45,1,2,2019-02-04 13:33:20,"Maroon 5’s Super Bowl halftime performance: No shirt, no stumbles no surprises, no spark https://t.co/MAkC416vx0 https://t.co/XwDqMrRYeM"
134,1092414584537915392,2488541,1500,100489,508,2329,270207,2007-03-27 13:30:45,1,1,2019-02-04 13:28:27,Peabody man charged with murder in Mattapan https://t.co/asOpaHem8R https://t.co/4CGthA9X8Z
135,1092409138058018817,2488541,1500,100489,508,2329,270207,2007-03-27 13:30:45,1,10,2019-02-04 13:06:49,"5 plays, 69 yards… and the Patriots get their winning TD https://t.co/XRRDtOvMVU https://t.co/h1AD5srM2U"
136,1092403673584619522,2488541,1500,100489,508,2329,270207,2007-03-27 13:30:45,0,4,2019-02-04 12:45:06,Rams’ Johnny Hekker sets Super Bowl record with 65-yard punt https://t.co/51WAYBl2dY https://t.co/WiQP0NaCyj
137,1092397913597267973,2488541,1500,100489,508,2329,270207,2007-03-27 13:30:45,3,11,2019-02-04 12:22:13,Greg Schiano expected to join Bill Belichick’s staff https://t.co/qX25Vf4qSx https://t.co/fvb1RS3O7V
138,1092392086668824581,2488541,1500,100489,508,2329,270207,2007-03-27 13:30:45,2,18,2019-02-04 11:59:03,Some Massachusetts schools delay or cancel classes for day after Super Bowl https://t.co/WnXO50mkEf https://t.co/iXUH3btLdq
139,1092387803592302592,2488541,1500,100489,508,2329,270207,2007-03-27 13:30:45,0,0,2019-02-04 11:42:02,Pastor of burned Roxbury church hopeful https://t.co/nEypyVMgF6 https://t.co/t5a4EocNyl
140,1092382371465302016,2488541,1500,100489,508,2329,270207,2007-03-27 13:30:45,0,2,2019-02-04 11:20:27,"Super Bowl ads heavy on humor, surprises and … robots https://t.co/HhzNokSHSw https://t.co/HUgSnJ5qNY"
141,1092376994543747073,2488541,1500,100489,508,2329,270207,2007-03-27 13:30:45,3,7,2019-02-04 10:59:05,Patriots fans take to streets following historic win #SBLIII #NFL https://t.co/HWnoOvPw94 https://t.co/dT31ZsPAq1
142,1092375557155758080,2488541,1500,100489,508,2329,270207,2007-03-27 13:30:45,2,4,2019-02-04 10:53:22,"Today's sports front - Monday, Feb. 4, 2018 ||| Visit our online store for Patriots Super Bowl collectibles:… https://t.co/2htwSXxOBK"
143,1092298051752992770,2488541,1500,100489,508,2329,270207,2007-03-27 13:30:45,1,17,2019-02-04 05:45:24,.@RealOBF: Julian Edelman delivers MVP performance https://t.co/8bWVIKhMDb https://t.co/Q8QKvrUjsR
144,1092297328399171584,2488541,1500,100489,508,2329,270207,2007-03-27 13:30:45,7,25,2019-02-04 05:42:31,New England Patriots fans went wild on the Boston Common to celebrate the team’s sixth Super Bowl win over the L.A.… https://t.co/bNRgp4PKU9
145,1092285498549248000,2488541,1500,100489,508,2329,270207,2007-03-27 13:30:45,13,35,2019-02-04 04:55:31,Tomorrow's 3rd edition final cover -- a keepsake for any and all Patriots fans -- is available now on our online st… https://t.co/LKq2GVz1LC
146,1092285428525355010,2488541,1500,100489,508,2329,270207,2007-03-27 13:30:45,19,58,2019-02-04 04:55:14,Monday Page 1 -- #SuperBowl https://t.co/fAlhsVnzWW
147,1092280093509107712,2488541,1500,100489,508,2329,270207,2007-03-27 13:30:45,4,9,2019-02-04 04:34:02,"Hey #Patriots fans, order tomorrow's #SBLIII victory edition now https://t.co/UwqgN8XthC"
148,1092279020895514624,2488541,1500,100489,508,2329,270207,2007-03-27 13:30:45,15,33,2019-02-04 04:29:46,"Tomorrow's front page - Monday, Feb. 4, 2018 ||| Sign up for our free email newsletters: https://t.co/0HRnze2AlO https://t.co/ruigvAezxx"
149,1092270260445696002,2488541,1500,100489,508,2329,270207,2007-03-27 13:30:45,4,15,2019-02-04 03:54:58,"Patriots deliver all-time great defensive performance, capture sixth Super Bowl https://t.co/9hBBzt07Ou https://t.co/ZfiPLYqZBb"
150,1092261684054503424,2488541,1500,100489,508,2329,270207,2007-03-27 13:30:45,8,29,2019-02-04 03:20:53,Parade Tuesday! https://t.co/anLGMWd0a9
151,1092253153280561152,2488541,1500,100489,508,2329,270207,2007-03-27 13:30:45,8,14,2019-02-04 02:46:59,Video: Barstool Sports honcho David Portnoy hauled out of Super Bowl    https://t.co/t0UZNdmq0M https://t.co/fNPuaIqjGE
152,1092211742476771330,2488541,1500,100489,508,2329,270207,2007-03-27 13:30:45,0,2,2019-02-04 00:02:26,"Kyrie, Celtics down Thunder #NBA  https://t.co/l62yT67RgY https://t.co/3byw9ppf16"
153,1092198236054528000,2488541,1500,100489,508,2329,270207,2007-03-27 13:30:45,0,0,2019-02-03 23:08:46,Here's your second or third screen for #SBLIII: Patriots vs. Rams in Atlanta https://t.co/MT0LUh56yh https://t.co/oli5wPx5oj
154,1092163008632115201,2488541,1500,100489,508,2329,270207,2007-03-27 13:30:45,1,3,2019-02-03 20:48:47,Boston firefighters dive into the drink to rescue dog-tired retriever -- @BostonFire @BOSTON_EMS… https://t.co/NWNPS7Hcdt
155,1092125174160343040,2488541,1500,100489,508,2329,270207,2007-03-27 13:30:45,2,9,2019-02-03 18:18:26,"Report: Fan suspected of shining laser at Tom Brady in AFC Championship , identified, expected to be charged… https://t.co/lCTwHDF5Ww"
156,1092108473083588608,2488541,1500,100489,508,2329,270207,2007-03-27 13:30:45,0,2,2019-02-03 17:12:05,Spending on statewide campaigns in 2018 down from last cycle #mapoli https://t.co/XKVV7Ki6XG https://t.co/nb7y57R9gO
157,1092097283842297857,2488541,1500,100489,508,2329,270207,2007-03-27 13:30:45,1,2,2019-02-03 16:27:37,Insanity defense expected at Beverly man’s murder trial https://t.co/eyhHZuYFse https://t.co/ON08Ezy8iS
158,1092084052427968512,2488541,1500,100489,508,2329,270207,2007-03-27 13:30:45,2,8,2019-02-03 15:35:02,Patriots great Ty Law gains induction into Pro Football Hall of Fame https://t.co/BiBntbM4Uf https://t.co/C2TH1ZlsZT
159,1092082372957388802,2488541,1500,100489,508,2329,270207,2007-03-27 13:30:45,0,9,2019-02-03 15:28:22,The pick is in! @TomKeeganBoston explains why the @Patriots will win No. 6 tonight! https://t.co/czffNASAdE… https://t.co/bGhP4XD1uq
160,1092078864082370560,2488541,1500,100489,508,2329,270207,2007-03-27 13:30:45,3,6,2019-02-03 15:14:25,"Super Bowl leads to super business for bars, eateries https://t.co/tpHAIEqwwk https://t.co/pcPyJd48aJ"
161,1092073029675479040,2488541,1500,100489,508,2329,270207,2007-03-27 13:30:45,0,3,2019-02-03 14:51:14,Super Bowl 2019: Rams ready to butt heads with Patriots and their G.O.A.T. https://t.co/1YzGbiO1gQ https://t.co/7GZZowrW8y
162,1092046098259152896,2488541,1500,100489,508,2329,270207,2007-03-27 13:30:45,0,3,2019-02-03 13:04:13,Mark Wahlberg apologizes for #SuperBowlLIII absence https://t.co/ysqU1VZRjO https://t.co/HDgLqSjQ9I
163,1092030385024888833,2488541,1500,100489,508,2329,270207,2007-03-27 13:30:45,1,7,2019-02-03 12:01:47,.@HowieCarrShow: Northam provides latest shame for sanctimonious Dems https://t.co/65iyEz3LQY https://t.co/GHszBIohn4
164,1092023971015475200,2488541,1500,100489,508,2329,270207,2007-03-27 13:30:45,0,0,2019-02-03 11:36:18,Firefighters battle four blazes in frigid conditions; one resident dead in Worcester https://t.co/MkKznTgg8n https://t.co/eZLgep9woP
165,1092008212432326657,2488541,1500,100489,508,2329,270207,2007-03-27 13:30:45,2,1,2019-02-03 10:33:41,"Today's sports front - Sunday, Feb. 3, 2019 ||| Download our free sports app: https://t.co/0tVBc5Rln4 https://t.co/bmffcNjlNt"
166,1091914105055838208,2488541,1500,100489,508,2329,270207,2007-03-27 13:30:45,2,6,2019-02-03 04:19:44,All this and MUCH more in Sunday’s @BosHeraldSports @bostonherald ... Pick up your copy. It also includes… https://t.co/eJgzuNcgyc
167,1091759140685385733,2488541,1500,100489,508,2329,270207,2007-03-27 13:30:45,0,6,2019-02-02 18:03:57,PROTECT AND SERVE &gt;&gt;&gt;&gt; Did you know that about 20 percent of @Patriots players come from military or law enforcemen… https://t.co/5RQUpLK2gi
168,1091754162268835841,2488541,1500,100489,508,2329,270207,2007-03-27 13:30:45,1,0,2019-02-02 17:44:10,"EVOLUTION OF BRADY &gt;&gt;&gt;&gt; Is it a tale of two QBs? Nah, same @Patriots QB, but he's certainly evolved. GREAT work fro… https://t.co/TzGZXhbQRV"
169,1091734525695139842,2488541,1500,100489,508,2329,270207,2007-03-27 13:30:45,1,1,2019-02-02 16:26:09,Car review: Understated Acura RDX one to watch https://t.co/yZQKeRAquw https://t.co/5n3GOAzk5B
170,1091715705144332292,2488541,1500,100489,508,2329,270207,2007-03-27 13:30:45,0,3,2019-02-02 15:11:21,Betting in Massachusetts next year? That’d be Super #mapoli https://t.co/N0ERQROeEg https://t.co/E7QtrL94rd
171,1091710371046526978,2488541,1500,100489,508,2329,270207,2007-03-27 13:30:45,0,0,2019-02-02 14:50:10,Home Showcase: South Boston condo brims with style https://t.co/iOlScnZvPH https://t.co/T1UwQp47wD
172,1091704532193759232,2488541,1500,100489,508,2329,270207,2007-03-27 13:30:45,1,7,2019-02-02 14:26:58,Patriots still champions of the team introduction #SuperBowl https://t.co/BUjgRw11QI https://t.co/alCzu9oWoJ
173,1091699276202299394,2488541,1500,100489,508,2329,270207,2007-03-27 13:30:45,0,0,2019-02-02 14:06:04,Russia to pull plug on nuclear arms pact after US does same https://t.co/r1BNRtbPIT https://t.co/ummB30NshM
174,1091693560255139841,2488541,1500,100489,508,2329,270207,2007-03-27 13:30:45,2,8,2019-02-02 13:43:22,Who knew Tony Romo would become ‘Romostradamus’? His broadcast partner Jim Nantz https://t.co/GHyI53cLld https://t.co/hnvxH2E7cC
175,1091691004695142401,2488541,1500,100489,508,2329,270207,2007-03-27 13:30:45,3,5,2019-02-02 13:33:12,Virginia governor loses key support; future in doubt https://t.co/YjPURVocGw https://t.co/XZcFTqG91g
176,1091690022196129792,2488541,1500,100489,508,2329,270207,2007-03-27 13:30:45,0,1,2019-02-02 13:29:18,Two Massachusetts child flu deaths raise concern https://t.co/RES2bd7wfg https://t.co/tXVDHPEo1I
177,1091685949975785473,2488541,1500,100489,508,2329,270207,2007-03-27 13:30:45,1,2,2019-02-02 13:13:07,Editorial: Michelle Wu’s idea of carbon-free is wallet expensive #bospoli https://t.co/CC7L5TeirY https://t.co/v2cPfGcdrq
178,1091681396781920256,2488541,1500,100489,508,2329,270207,2007-03-27 13:30:45,3,7,2019-02-02 12:55:02,"Groundhog doesn’t see his shadow, predicting early spring https://t.co/Wcd04ebpH1 https://t.co/1GfqjX93Mw"
179,1091679607152099328,2488541,1500,100489,508,2329,270207,2007-03-27 13:30:45,3,5,2019-02-02 12:47:55,State IG: Methuen police captains’ hefty contract likely invalid https://t.co/vJTHHCj1Ud https://t.co/okoHUwgw4I
180,1091673759516409861,2488541,1500,100489,508,2329,270207,2007-03-27 13:30:45,1,5,2019-02-02 12:24:41,"Kyrie Irving, Celtics block out noise, battle for win in New York https://t.co/HLAzsognBC https://t.co/uLMxorhM1A"
181,1091665407822516224,2488541,1500,100489,508,2329,270207,2007-03-27 13:30:45,2,7,2019-02-02 11:51:30,.@HillaryChabot: Elizabeth Warren’s apology 7 years late and a few bucks short https://t.co/Eik5CSP7UB https://t.co/F1pjd7a7gQ
182,1091659006630871041,2488541,1500,100489,508,2329,270207,2007-03-27 13:30:45,16,51,2019-02-02 11:26:03,Robert Kraft praises President Trump https://t.co/s5t6GguqIJ https://t.co/f9YbEhvBe7
183,1091653246836527105,2488541,1500,100489,508,2329,270207,2007-03-27 13:30:45,3,8,2019-02-02 11:03:10,"Today's front page - Saturday, Feb. 2, 2019 ||| Visit our online store: https://t.co/3iKKqgwwsz https://t.co/FafDh0DyBi"
184,1091518625742311426,2488541,1500,100489,508,2329,270207,2007-03-27 13:30:45,1,4,2019-02-02 02:08:14,Great work from @BosHeraldSports writer @KevinRDuffy ... https://t.co/wpda0BfeXF
185,1091434145077547008,2488541,1500,100489,508,2329,270207,2007-03-27 13:30:45,3,5,2019-02-01 20:32:32,Elizabeth Warren apologizes to Cherokee Nation for DNA test https://t.co/nPEhUWJg5w https://t.co/N0BNH4y9Ym
186,1091373164054102019,2488541,1500,100489,508,2329,270207,2007-03-27 13:30:45,0,1,2019-02-01 16:30:13,St. Louis blues: Fans watch their old team reach Super Bowl https://t.co/G3nlULyps5 https://t.co/NKPjwKLxRS
187,1091360552327229440,2488541,1500,100489,508,2329,270207,2007-03-27 13:30:45,1,3,2019-02-01 15:40:06,El Chapo’s beauty queen wife speaks out as blockbuster trial comes to a close: ‘I have nothing to be ashamed of’… https://t.co/tcHEcl66PO
188,1091354659359465473,2488541,1500,100489,508,2329,270207,2007-03-27 13:30:45,1,2,2019-02-01 15:16:41,Patriots fans flock to Rhode Island to bet on the #SuperBowl https://t.co/Hg8yRLox5S https://t.co/NiFySaI59F
189,1091336878798897157,2488541,1500,100489,508,2329,270207,2007-03-27 13:30:45,1,2,2019-02-01 14:06:02,US leaving arms control treaty with Russia https://t.co/avGth0R846 https://t.co/h0T86qQ4Be
190,1091334213301952513,2488541,1500,100489,508,2329,270207,2007-03-27 13:30:45,1,3,2019-02-01 13:55:27,Prison-bound doc knowingly gave fentanyl to at-risk patients https://t.co/5QgA2OH710 https://t.co/0WCmnu1jrw
191,1091332594107596800,2488541,1500,100489,508,2329,270207,2007-03-27 13:30:45,1,1,2019-02-01 13:49:01,Elizabeth Warren likely to announce 2020 presidential run on Feb. 9 https://t.co/NaAdlu5xdQ https://t.co/8TaCmoM8Kz
192,1091329874122412032,2488541,1500,100489,508,2329,270207,2007-03-27 13:30:45,0,1,2019-02-01 13:38:12,A robust US job market likely defied shutdown during January https://t.co/BQuirg6sXk https://t.co/hpC205t1g2
193,1091326685490888704,2488541,1500,100489,508,2329,270207,2007-03-27 13:30:45,0,2,2019-02-01 13:25:32,.@HillaryChabot: Anthony Scaramucci says Elizabeth Warren lost that lovin’ feeling #mapoli  https://t.co/LmGCfbt4X4 https://t.co/D2DzvouBXm
194,1091321357370118144,2488541,1500,100489,508,2329,270207,2007-03-27 13:30:45,0,2,2019-02-01 13:04:22,Ed Markey joins forces with Alexandria Ocasio-Cortez on ‘Green New Deal’ #mapoli https://t.co/RYEno58kyG https://t.co/GKm5BShpH4
195,1091315784943575041,2488541,1500,100489,508,2329,270207,2007-03-27 13:30:45,0,1,2019-02-01 12:42:13,Bruins defensive breakdowns costly in overtime loss #NHL https://t.co/SOHNk18CdE https://t.co/XWfUTbPlGd
196,1091311190402351104,2488541,1500,100489,508,2329,270207,2007-03-27 13:30:45,1,0,2019-02-01 12:23:58,New Jersey Democratic Sen. Cory Booker launches 2020 bid https://t.co/QWm8BRxpEx https://t.co/fRJqV9MBCi
197,1091297649548976128,2488541,1500,100489,508,2329,270207,2007-03-27 13:30:45,2,2,2019-02-01 11:30:09,Wellesley backs down over ‘Impeach Trump’ sign https://t.co/axouRe1f1P https://t.co/ILhvjuJt3Y
198,1091289671278174208,2488541,1500,100489,508,2329,270207,2007-03-27 13:30:45,23,54,2019-02-01 10:58:27,.@HowieCarrShow: Why Trump’s wall needs to go up https://t.co/V9jj3zqEwL https://t.co/yUb4CzE4nX
199,1091283085147230209,2488541,1500,100489,508,2329,270207,2007-03-27 13:30:45,1,2,2019-02-01 10:32:17,Donald Trump Jr. misspells ‘SNL’ and showbiz personalities mock him heavily on Twitter https://t.co/pWFXuA9CDn https://t.co/StoZ0cqDNv
200,1091277895262187520,2488541,1500,100489,508,2329,270207,2007-03-27 13:30:45,1,2,2019-02-01 10:11:39,"Today's front page - Friday, Feb. 1, 2019 ||| Visit our online store: https://t.co/TJ2rT7ublF https://t.co/qN48CspvXk"
201,1091277750390976513,2488541,1500,100489,508,2329,270207,2007-03-27 13:30:45,1,2,2019-02-01 10:11:05,"Today's sports front - Friday, Feb. 1, 2019 ||| Visit our online store: https://t.co/P8kODjBHU2 https://t.co/efNkSrLWzx"
202,1091151053213626374,2488541,1500,100489,508,2329,270207,2007-03-27 13:30:45,3,8,2019-02-01 01:47:38,Beat L.A.: Patriots fans got an early Super Bowl LIII tailgate at Sam Adams Brewery and explained why it feels so g… https://t.co/lfRD128xud
203,1091001633494978560,2488541,1500,100489,508,2329,270207,2007-03-27 13:30:45,1,2,2019-01-31 15:53:53,State’s environmental police to carry OD reversal drug https://t.co/hAAcjan7Ob https://t.co/odZ4c6BZgp
204,1090996031918100482,2488541,1500,100489,508,2329,270207,2007-03-27 13:30:45,1,5,2019-01-31 15:31:38,.@TomKeeganBoston: Don’t look for Bill Belichick to topple from top any time soon #NFL #SuperBowl… https://t.co/mnm9RrZzNA
205,1090990029328076800,2488541,1500,100489,508,2329,270207,2007-03-27 13:30:45,1,2,2019-01-31 15:07:47,"Deep freeze expected to ease, but disruptions persist https://t.co/2FfuyeusZC https://t.co/v9tRXD4Tub"
206,1090983955283800065,2488541,1500,100489,508,2329,270207,2007-03-27 13:30:45,0,2,2019-01-31 14:43:39,"GE shares rise as company reports profit, settlement https://t.co/H2hqFIuXMx https://t.co/yhZfn9zJq7"
207,1090974276616929281,2488541,1500,100489,508,2329,270207,2007-03-27 13:30:45,1,3,2019-01-31 14:05:11,Six most shocking plays in Patriots Super Bowl history https://t.co/EfyLpzur7d https://t.co/t2yhrXTiVd
208,1090972148619972608,2488541,1500,100489,508,2329,270207,2007-03-27 13:30:45,0,5,2019-01-31 13:56:44,Rob Gronkowski opens up on physical toll of NFL season https://t.co/W12nfcKU1v https://t.co/si2lnfuA7Z
209,1090970168673665024,2488541,1500,100489,508,2329,270207,2007-03-27 13:30:45,0,0,2019-01-31 13:48:52,Do-gooders out to make Boston commuting even more costly https://t.co/fOv2v5Hf6y https://t.co/9PaZ8lQL0N
210,1090969189647638529,2488541,1500,100489,508,2329,270207,2007-03-27 13:30:45,1,4,2019-01-31 13:44:58,"Of these six shocking plays, which one was the biggest in Patriots Super Bowl history? https://t.co/mWWcOpA545"
211,1090964327203569665,2488541,1500,100489,508,2329,270207,2007-03-27 13:30:45,0,1,2019-01-31 13:25:39,.@IAmMGraham: Carbon-free policies blow smoke on taxpayers #bospoli https://t.co/bIrg28julk https://t.co/OGuipW6GeW
212,1090959079399481346,2488541,1500,100489,508,2329,270207,2007-03-27 13:30:45,3,18,2019-01-31 13:04:48,Inmates beat Lawrence man jailed in rape of girl who died https://t.co/fbrSXl8Mc0 https://t.co/1IL6mq2oTh
213,1090953910284623872,2488541,1500,100489,508,2329,270207,2007-03-27 13:30:45,1,1,2019-01-31 12:44:15,City councilors seek to halt South Boston condo plans https://t.co/ilH1gkbOR6 https://t.co/TQTpNIwjYV
214,1090946583074611202,2488541,1500,100489,508,2329,270207,2007-03-27 13:30:45,4,7,2019-01-31 12:15:08,US doctor who survived Ebola honored for service in Liberia https://t.co/0xYE149n3i https://t.co/Jh1L0ndcnV
215,1090941169499099137,2488541,1500,100489,508,2329,270207,2007-03-27 13:30:45,0,4,2019-01-31 11:53:38,"No selfies with seals, NOAA tells New Englanders https://t.co/kEJbdUsJQw https://t.co/1yGq8iR96r"
216,1090935498279923712,2488541,1500,100489,508,2329,270207,2007-03-27 13:30:45,2,2,2019-01-31 11:31:06,"Critics: $5 driving fee harmful to city, businesses, cancer patients #bospoli https://t.co/steMrVyPXX https://t.co/8bLC2AR8D2"
217,1090927502007156743,2488541,1500,100489,508,2329,270207,2007-03-27 13:30:45,2,6,2019-01-31 10:59:19,.@JessicaHeslam: Rob Gronkowski’s hijinks way out of bounds https://t.co/oxgxEIZD1c https://t.co/OP63QFftKV
218,1090919188443684864,2488541,1500,100489,508,2329,270207,2007-03-27 13:30:45,1,7,2019-01-31 10:26:17,"Today's front page - Thursday, Jan. 31, 2019 ||| Subscribe to our free email newsletters: https://t.co/GcGq6SDWWr https://t.co/eydoOmDX77"
219,1090919068809551872,2488541,1500,100489,508,2329,270207,2007-03-27 13:30:45,4,8,2019-01-31 10:25:48,"Today's Patriots special section insert cover - Thursday, Jan. 31, 2019 ||| Download our free sports app:… https://t.co/PTGKm5nArQ"
220,1090918031520354305,2488541,1500,100489,508,2329,270207,2007-03-27 13:30:45,1,1,2019-01-31 10:21:41,"Today's sports front - Thursday, Jan. 31, 2019 ||| Subscribe to our free email newsletters: https://t.co/IgvTw5ZXxH https://t.co/YS9hBnzSQW"
221,1090806483791552512,2488541,1500,100489,508,2329,270207,2007-03-27 13:30:45,1,1,2019-01-31 02:58:26,"@SteveBHoop is a basketball guru. He’s also pretty plugged in. Worth your time, for sure! https://t.co/lwUbOoyjM2"
222,1090759312484589570,2488541,1500,100489,508,2329,270207,2007-03-27 13:30:45,1,2,2019-01-30 23:51:00,Amazon takes to Super Bowl to boost new streaming series ‘Hanna’ https://t.co/XKyeNA8LeD https://t.co/wXOqu6cYz7
223,1090753169779576834,2488541,1500,100489,508,2329,270207,2007-03-27 13:30:45,0,6,2019-01-30 23:26:35,"Police: Would-be bank robber gets cold feet, rips up note https://t.co/J4L40Q2tlJ https://t.co/CmshqLcbs8"
224,1090740784293384192,2488541,1500,100489,508,2329,270207,2007-03-27 13:30:45,0,0,2019-01-30 22:37:22,Super Bowl ads offer simple escapism with star power https://t.co/nu33V4lvdK https://t.co/5H41iW37LF
225,1090734458850955273,2488541,1500,100489,508,2329,270207,2007-03-27 13:30:45,0,1,2019-01-30 22:12:14,"Lots of questions for Goodell, not a lot of answers    https://t.co/GgL3azevRP https://t.co/krUwn9iQEE"
226,1090654334558392321,2488541,1500,100489,508,2329,270207,2007-03-27 13:30:45,0,1,2019-01-30 16:53:51,Celtics backup guard Jabari Bird pleads not guilty to new charges https://t.co/w3bx35rfGh https://t.co/FxRwLYfWNw
227,1090635675890868227,2488541,1500,100489,508,2329,270207,2007-03-27 13:30:45,0,2,2019-01-30 15:39:42,Super Bowl tickets are cheaper than before https://t.co/aCUi2FD7bK https://t.co/0BZj8ulGdz
228,1090630263745466369,2488541,1500,100489,508,2329,270207,2007-03-27 13:30:45,0,0,2019-01-30 15:18:12,Joyce Ferriabough Bolling op-ed: Safe injection sites not the answer to opioid crisis https://t.co/VQQOVKGwkm https://t.co/FGFVDNatAF
229,1090620697121079300,2488541,1500,100489,508,2329,270207,2007-03-27 13:30:45,0,2,2019-01-30 14:40:11,DA: Lowell teen killed over marijuana https://t.co/DVtTEMJN8u https://t.co/G8LAkvuG3c
230,1090615211210563585,2488541,1500,100489,508,2329,270207,2007-03-27 13:30:45,0,1,2019-01-30 14:18:23,Former Insys rep: ‘Sexually suggestive’ boss gave client lap dance https://t.co/xaOJpkO0hE https://t.co/pCFiZt3Hn5
231,1090610108076355585,2488541,1500,100489,508,2329,270207,2007-03-27 13:30:45,3,3,2019-01-30 13:58:06,"Welcome party for MassHousing ex dir nearly $4,000
https://t.co/hKU3neuPJC https://t.co/UPiyow9gGg"
232,1090609605464477696,2488541,1500,100489,508,2329,270207,2007-03-27 13:30:45,1,2,2019-01-30 13:56:07,"Lobster cobb at the UMass Club for MassHousing folks
https://t.co/hKU3neuPJC https://t.co/W1TKNQXCZK"
233,1090609222172196864,2488541,1500,100489,508,2329,270207,2007-03-27 13:30:45,3,4,2019-01-30 13:54:35,".@KGuregian: Julian Edelman is Mr. Playoffs #SuperBowl
https://t.co/b8JMQ0gejG https://t.co/GvOzjkUpPZ"
234,1090608684231786500,2488541,1500,100489,508,2329,270207,2007-03-27 13:30:45,5,3,2019-01-30 13:52:27,"MassHousing ripped for lavish meals, travel plus see receipts for bone marrow, octopus, beef tartare more...… https://t.co/qITwfccFkk"
235,1090603874124214273,2488541,1500,100489,508,2329,270207,2007-03-27 13:30:45,0,1,2019-01-30 13:33:20,"Deep freeze envelops Midwest, even stops the mail https://t.co/BTkODaruVt https://t.co/H75MifvtTJ"
236,1090598132428300288,2488541,1500,100489,508,2329,270207,2007-03-27 13:30:45,2,6,2019-01-30 13:10:31,Coalition committed to ending child sexual exploitation https://t.co/LyYRQUfkQr https://t.co/K6jbtx5GCA
237,1090592496982335488,2488541,1500,100489,508,2329,270207,2007-03-27 13:30:45,0,3,2019-01-30 12:48:08,Where’s my robot lawn mower? Roomba-maker now has an answer https://t.co/EGwB02goNx https://t.co/a4LTntPA2z
238,1090585328698753026,2488541,1500,100489,508,2329,270207,2007-03-27 13:30:45,2,1,2019-01-30 12:19:39,Lawrence man held in death case charged with child rape https://t.co/Wgi4s2JBHm https://t.co/5GG23y00os
239,1090580248985522176,2488541,1500,100489,508,2329,270207,2007-03-27 13:30:45,3,3,2019-01-30 11:59:28,"MassHousing ripped for lobster dinners, living large #mapoli https://t.co/R9mJ2dDWai https://t.co/lkYV2tjn63"
240,1090570654104145920,2488541,1500,100489,508,2329,270207,2007-03-27 13:30:45,1,7,2019-01-30 11:21:20,.@HowieCarrShow: Robert Mueller’s hands dirty in old FBI frame-up https://t.co/KrpY42HWy7 https://t.co/veTjKjeliP
241,1090565104238764032,2488541,1500,100489,508,2329,270207,2007-03-27 13:30:45,0,4,2019-01-30 10:59:17,.@barstoolsports boss: #NFL treated me like ‘a terrorist’ https://t.co/u3N0QmKgR6 https://t.co/YkLZvYk0cX
242,1090563137638666240,2488541,1500,100489,508,2329,270207,2007-03-27 13:30:45,0,1,2019-01-30 10:51:28,Wide-eyed Rams acting like they haven’t been here before https://t.co/6YEeYaGzbi https://t.co/G9dl1mJmXz
243,1090557978632245249,2488541,1500,100489,508,2329,270207,2007-03-27 13:30:45,0,1,2019-01-30 10:30:58,The Latest: Investors cautious ahead of Fed rate decision https://t.co/GNgvf85cQh https://t.co/Q1LWJpVf8R
244,1090542688322179072,2488541,1500,100489,508,2329,270207,2007-03-27 13:30:45,1,0,2019-01-30 09:30:12,"Today's front page - Wednesday, Jan. 30, 2019 ||| Sign up for our free email newsletters: https://t.co/PbUQO4QuxB https://t.co/EVwgjk6RB5"
245,1090419819441278976,2488541,1500,100489,508,2329,270207,2007-03-27 13:30:45,1,4,2019-01-30 01:21:58,NOAA extends protected zone for right whales into February https://t.co/PLk3ckDV9J https://t.co/I67d4ONHZq
246,1090414457484963842,2488541,1500,100489,508,2329,270207,2007-03-27 13:30:45,0,1,2019-01-30 01:00:40,Billionaires hit Elizabeth Warren on proposed tax hike on top earners https://t.co/Y26MPCvjGq https://t.co/SJIxrm5Hc3
247,1090407962504507398,2488541,1500,100489,508,2329,270207,2007-03-27 13:30:45,11,14,2019-01-30 00:34:51,.@JessicaHeslam: Mothers whose children OD’d back safe injection sites https://t.co/1yKGjyxoKr https://t.co/fR59exFmNp
248,1090401750299881472,2488541,1500,100489,508,2329,270207,2007-03-27 13:30:45,0,4,2019-01-30 00:10:10,Todd Gurley says he taught Sony Michel to ‘run and catch’ at Georgia https://t.co/WwgvTCss9h https://t.co/8cLLGfCAPz
249,1090397158535245824,2488541,1500,100489,508,2329,270207,2007-03-27 13:30:45,0,1,2019-01-29 23:51:55,Connector: Health coverage signups stronger than year ago https://t.co/KAouTAn4Ey https://t.co/0WqfjRb9B8
250,1090391896634155008,2488541,1500,100489,508,2329,270207,2007-03-27 13:30:45,1,1,2019-01-29 23:31:01,Man found bleeding outside American Legion post dies https://t.co/5EvDoakD8x https://t.co/tCdwdj8LD2
251,1090384173192359937,2488541,1500,100489,508,2329,270207,2007-03-27 13:30:45,0,13,2019-01-29 23:00:19,RMV suspends road-rage suspects’ licenses due to ‘threat’ to public safety https://t.co/AiIQvidSNe https://t.co/q9FJhULXDg
252,1090350603686031367,2488541,1500,100489,508,2329,270207,2007-03-27 13:30:45,1,1,2019-01-29 20:46:56,Travelers into certain areas of Boston may soon have to pay a $5 congestion fee if a proposal put onto the table by… https://t.co/7GAnVaCrO5
253,1090294441406070785,2488541,1500,100489,508,2329,270207,2007-03-27 13:30:45,0,2,2019-01-29 17:03:46,Mark Sanchez teaches ‘Tom Brady’ how to win road playoff games in joke video https://t.co/dxU7mjJjzf https://t.co/o4PS6IFL5v
254,1090288436328755200,2488541,1500,100489,508,2329,270207,2007-03-27 13:30:45,0,2,2019-01-29 16:39:54,Cashless Super Bowl coming? Visa says yes https://t.co/nOXRr1S8Gj https://t.co/jjDQicVVDi
255,1090283281210376192,2488541,1500,100489,508,2329,270207,2007-03-27 13:30:45,2,3,2019-01-29 16:19:25,Ndamukong Suh: ‘Always a pleasure’ to take down Tom Brady https://t.co/F7wTLlFyRI https://t.co/iVgazyhyR7
256,1090278512106311680,2488541,1500,100489,508,2329,270207,2007-03-27 13:30:45,1,2,2019-01-29 16:00:28,Survey: Fans to spend $15B for Super Bowl https://t.co/JGjtnJCEQg https://t.co/uUqq6UGWFa
257,1090276339104415745,2488541,1500,100489,508,2329,270207,2007-03-27 13:30:45,0,0,2019-01-29 15:51:50,Randolph teacher under investigation for alleged mistreatment of special needs children https://t.co/unUrKtiHnX https://t.co/QjZQyMBzY6
258,1090270779063844864,2488541,1500,100489,508,2329,270207,2007-03-27 13:30:45,5,11,2019-01-29 15:29:44,Aerosmith ‘back in the saddle’ for pre-Super Bowl show https://t.co/EpKbrCi7YO https://t.co/R6N6cGgAdD
259,1090265294382100482,2488541,1500,100489,508,2329,270207,2007-03-27 13:30:45,1,1,2019-01-29 15:07:56,"A Randolph elementary school teacher has been placed on leave after several ""deeply disturbing"" allegations of poss… https://t.co/P1rUKLam1p"
260,1090262659180617729,2488541,1500,100489,508,2329,270207,2007-03-27 13:30:45,0,3,2019-01-29 14:57:28,"Super Bowl LIII: Five potential surprise stars for the Patriots #NFL #SuperBowl 
https://t.co/b8lgmhDoVS https://t.co/3xCNSraEUR"
261,1090259014779265024,2488541,1500,100489,508,2329,270207,2007-03-27 13:30:45,0,2,2019-01-29 14:42:59,Kyrie Irving joins haunted hotel movie https://t.co/hFMrLUrf4w https://t.co/65PJpQRSji
262,1090254554145480705,2488541,1500,100489,508,2329,270207,2007-03-27 13:30:45,0,1,2019-01-29 14:25:16,"Atlanta braces for plunging temperatures, ice, maybe snow https://t.co/rT4omtZioz https://t.co/Zqg9rheG3k"
263,1090254336435851269,2488541,1500,100489,508,2329,270207,2007-03-27 13:30:45,5,6,2019-01-29 14:24:24,.@IAmMGraham: Elizabeth Warren’s class war tweet rich in irony https://t.co/rVG8msp0ff https://t.co/344la8wCfB
264,1090248176014184448,2488541,1500,100489,508,2329,270207,2007-03-27 13:30:45,1,1,2019-01-29 13:59:55,"State to look at pros, cons of safe injection sites #mapoli https://t.co/Adxa7VEmmG https://t.co/zil9GJWnsh"
265,1090244685673783300,2488541,1500,100489,508,2329,270207,2007-03-27 13:30:45,0,4,2019-01-29 13:46:03,Budweiser Clydesdales tour Georgia before Super Bowl https://t.co/LlPScGa9d2 https://t.co/WJN62Paxax
266,1090239414314455040,2488541,1500,100489,508,2329,270207,2007-03-27 13:30:45,1,3,2019-01-29 13:25:06,Editorial: State must stop the ‘drive-and-dashers’ https://t.co/OTfXJRm87u https://t.co/l0P9Vqg6oU
267,1090232067672166400,2488541,1500,100489,508,2329,270207,2007-03-27 13:30:45,0,2,2019-01-29 12:55:55,Apple turns off group FaceTime amid reports of bug https://t.co/zkpaiZz5hq https://t.co/iW8i2G4gxw
268,1090229112545923073,2488541,1500,100489,508,2329,270207,2007-03-27 13:30:45,0,3,2019-01-29 12:44:10,"Celtics make deep splash, escape from Nets tangle #NBA https://t.co/vF7I1R69HM https://t.co/zE1nglEo4K"
269,1090223749054558208,2488541,1500,100489,508,2329,270207,2007-03-27 13:30:45,0,3,2019-01-29 12:22:51,Prosecutors: Insys execs gave doctors bribes – and a lap dance – to prescribe drug https://t.co/I5KkwtXIIu https://t.co/Uu60sFc00d
270,1090218146529722368,2488541,1500,100489,508,2329,270207,2007-03-27 13:30:45,7,12,2019-01-29 12:00:36,"MassHousing books show lobster dinners, parties and pricey hotels #mapoli  https://t.co/Fbt9TVPoD5 https://t.co/II5uOBCG9N"
271,1090214334146494464,2488541,1500,100489,508,2329,270207,2007-03-27 13:30:45,1,6,2019-01-29 11:45:27,"Today's front page - Tuesday, Jan. 29, 2019 ||| Subscribe: https://t.co/shgcK8iMAZ https://t.co/KDhiKYO42Z"
272,1090214231612575744,2488541,1500,100489,508,2329,270207,2007-03-27 13:30:45,0,1,2019-01-29 11:45:02,"Today's sports front - Tuesday, Jan. 29, 2019 ||| Subscribe: https://t.co/btRMNJCmIC https://t.co/Mv8jkllrNc"
273,1090054417502605314,2488541,1500,100489,508,2329,270207,2007-03-27 13:30:45,0,0,2019-01-29 01:10:00,‘Madden NFL 19’ predicts LA Rams will win Super Bowl LIII https://t.co/llHSMvMDW1 https://t.co/unNQT6drY8
274,1090045583853789184,2488541,1500,100489,508,2329,270207,2007-03-27 13:30:45,0,0,2019-01-29 00:34:53,US Nobelist was told of gene-edited babies https://t.co/qoLZBpTptM https://t.co/IWkjNqjU5P
275,1090038956681580545,2488541,1500,100489,508,2329,270207,2007-03-27 13:30:45,0,0,2019-01-29 00:08:33,Watching TV is free and easy with under-the-radar Locast https://t.co/NDsAY1fQgk https://t.co/f68PvWj38s
276,1090033522780356608,2488541,1500,100489,508,2329,270207,2007-03-27 13:30:45,1,0,2019-01-28 23:46:58,.@JaclynCashman: Ex-Starbucks CEO Howard Schultz’s sanctimony is a tasty latte for Trump https://t.co/IhxXib7UFq https://t.co/6ZUfM64z0o
277,1090010802340405249,2488541,1500,100489,508,2329,270207,2007-03-27 13:30:45,0,0,2019-01-28 22:16:41,Pelosi invites Trump to give State of the Union on Feb. 5    https://t.co/UBSFa3CQev https://t.co/IR8fecesek
278,1090001109614252032,2488541,1500,100489,508,2329,270207,2007-03-27 13:30:45,1,1,2019-01-28 21:38:10,15 Super Bowl commercials that shook the Big Game https://t.co/NCh8S0hhPE https://t.co/EG2Q5RUgiQ
279,1089993829883625472,2488541,1500,100489,508,2329,270207,2007-03-27 13:30:45,3,4,2019-01-28 21:09:14,"""Deeply disturbing"" allegations at JFK Elementary School in Randolph, where a teacher has been accused of possible… https://t.co/UJdMqvPxaB"
280,1089987513660387334,2488541,1500,100489,508,2329,270207,2007-03-27 13:30:45,0,1,2019-01-28 20:44:08,"Shark attacks down worldwide and ‘nosedive’ in Florida waters, researchers say https://t.co/kpg4v1zzjO https://t.co/ePKlbWknYH"
281,1089911158411354112,2488541,1500,100489,508,2329,270207,2007-03-27 13:30:45,0,0,2019-01-28 15:40:44,Rams’ Gerald Everett gets to show off athleticism in front of hometown https://t.co/qD7xkBo5JF https://t.co/X1iBfydwng
282,1089905182979309569,2488541,1500,100489,508,2329,270207,2007-03-27 13:30:45,1,0,2019-01-28 15:16:59,Democrats uneasy about potential Howard Schultz bid https://t.co/kHVOLrlwHR https://t.co/rANuFYImBI
283,1089899191592239104,2488541,1500,100489,508,2329,270207,2007-03-27 13:30:45,0,0,2019-01-28 14:53:11,"Tornado hits Havana; Cuban president says 3 dead, 172 hurt https://t.co/WNYOV7JREv https://t.co/xRPwYTDpuj"
284,1089898000028237824,2488541,1500,100489,508,2329,270207,2007-03-27 13:30:45,1,1,2019-01-28 14:48:27,"5 years after ‘snow jam,’ storm takes aim at #SuperBowl city #Atlanta https://t.co/RBQK5cCWqN https://t.co/Vxze42asjp"
285,1089895000438161409,2488541,1500,100489,508,2329,270207,2007-03-27 13:30:45,1,2,2019-01-28 14:36:32,"Pope: Terrified of bloodbath in Venezuela, won’t pick sides https://t.co/WuQijMyyHo https://t.co/pqQ4RGZqHC"
286,1089889650007834625,2488541,1500,100489,508,2329,270207,2007-03-27 13:30:45,2,1,2019-01-28 14:15:16,Pope lowers expectations for next month’s sex abuse summit https://t.co/BeCCNHxGKj https://t.co/uTiPetGDu1
287,1089883437111095296,2488541,1500,100489,508,2329,270207,2007-03-27 13:30:45,2,2,2019-01-28 13:50:35,Drug firm founder heads to trial over opioid bribes scheme https://t.co/KfDm6873ru https://t.co/88zDr21EKp
288,1089877996993953792,2488541,1500,100489,508,2329,270207,2007-03-27 13:30:45,2,4,2019-01-28 13:28:58,.@HillaryChabot: Joe Kennedy III gains friends as Dems ready for 2020 #mapoli https://t.co/XvD5Ci7isb https://t.co/KgOnPyqjk2
289,1089876086245203971,2488541,1500,100489,508,2329,270207,2007-03-27 13:30:45,0,2,2019-01-28 13:21:22,Moms of the dead from drugs: “Where is the outrage for us?” https://t.co/PxoIZ1o259 https://t.co/OOt47cqOh6
290,1089874778071158785,2488541,1500,100489,508,2329,270207,2007-03-27 13:30:45,0,3,2019-01-28 13:16:10,Patriots fans superstitions? Hounding the TV and a daring dive https://t.co/Hcp30b9xyH https://t.co/8zl2Rn8Jc7
291,1089870451592085505,2488541,1500,100489,508,2329,270207,2007-03-27 13:30:45,3,2,2019-01-28 12:58:59,Editorial: Elizabeth Warren’s tawdry tax threat https://t.co/GQxleQ1VRO https://t.co/MOfx2vyAu4
292,1089864912560668672,2488541,1500,100489,508,2329,270207,2007-03-27 13:30:45,1,2,2019-01-28 12:36:58,"MBTA mulls fare hikes, concerning rider advocates https://t.co/ZgcP1JBP3w https://t.co/cZnlBb0gq6"
293,1089857569143824390,2488541,1500,100489,508,2329,270207,2007-03-27 13:30:45,1,7,2019-01-28 12:07:47,State police: Gun owner stops rolling road rage on Pike https://t.co/UD6TlThkyW https://t.co/VNF660udwD
294,1089851400161509383,2488541,1500,100489,508,2329,270207,2007-03-27 13:30:45,1,5,2019-01-28 11:43:16,.@TomKeeganBoston: #Patriots rising above the hate #SuperBowl #NFL https://t.co/WwqbD8bbZt https://t.co/Ww2lPO8Nj0
295,1089848875966439424,2488541,1500,100489,508,2329,270207,2007-03-27 13:30:45,0,2,2019-01-28 11:33:15,SAG Awards winners: Complete list https://t.co/gPrndFmk6h https://t.co/5LtWmTbxyn
296,1089846013978918913,2488541,1500,100489,508,2329,270207,2007-03-27 13:30:45,11,30,2019-01-28 11:21:52,.@adrianacohen16: Voter fraud in Texas proves Trump right https://t.co/dgAObXf40P https://t.co/f9FWIuAJWN
297,1089819316122472448,2488541,1500,100489,508,2329,270207,2007-03-27 13:30:45,1,2,2019-01-28 09:35:47,"Today's front page - Jan. 28, 2019 ||| Visit our online store:  https://t.co/1YJYBtCciT https://t.co/AoXK3qd66M"
298,1089819206114312192,2488541,1500,100489,508,2329,270207,2007-03-27 13:30:45,0,2,2019-01-28 09:35:21,"Today's sports front - Jan. 28, 2019 ||| Visit our online store:  https://t.co/uJHKaaD7as https://t.co/f0jWTQtKUi"
299,1089687192472031233,2488541,1500,100489,508,2329,270207,2007-03-27 13:30:45,1,2,2019-01-28 00:50:46,Monday page 1 https://t.co/OKNw7g5uqC
