Index,ID,User_ID,Friends_Count,Followers_Count,Favourites_Count,Listed_Count,Status_Count,Created_at,Retweet_Count,Favourite_Count,Created_at,Text
1,1094629879751028737,17448662,2157,98766,462,1118,64722,2008-11-17 19:56:47,2,0,2019-02-10 16:11:15,"Roads are going to be treacherous in Fulton, Warren, Washington and parts of Saratoga counties Tuesday into Wednesd… https://t.co/NEnc6viRl3"
2,1094618070524538880,17448662,2157,98766,462,1118,64722,2008-11-17 19:56:47,6,4,2019-02-10 15:24:19,"""What am I guilty of? Running away while black?"" @PaulGrondahl takes a deep look at the shooting of Ellazar William… https://t.co/UbYl9gk4tt"
3,1094038027817664512,17448662,2157,98766,462,1118,64722,2008-11-17 19:56:47,2,2,2019-02-09 00:59:26,Who are Albany's top red-light camera offenders? https://t.co/Nl24Vq0vRI
4,1093947331043561478,17448662,2157,98766,462,1118,64722,2008-11-17 19:56:47,3,0,2019-02-08 18:59:02,"Ex-Troy City Council candidate  admits she used racial slur to greet people at local Little League games, left the… https://t.co/wiyGhgzJUX"
5,1093899589999038464,17448662,2157,98766,462,1118,64722,2008-11-17 19:56:47,3,2,2019-02-08 15:49:20,One third of Cohoes could lose water as the city confronts a major break in a water main.  https://t.co/GB4bLpZSdV
6,1093576632084938758,17448662,2157,98766,462,1118,64722,2008-11-17 19:56:47,1,2,2019-02-07 18:26:01,.@NewYorkStateAG says South Glens Falls woman bilked dozens of home buyers. @wendyliberatore  reports: https://t.co/G1PqNdaUqK
7,1093192375143464960,17448662,2157,98766,462,1118,64722,2008-11-17 19:56:47,2,1,2019-02-06 16:59:07,He allegedly wanted to set up a drug deal. He called the police  https://t.co/AaUOJgO6hC
8,1093140735896051712,17448662,2157,98766,462,1118,64722,2008-11-17 19:56:47,3,1,2019-02-06 13:33:55,"Shahed Hussain, the operator of the limo company involved in the deadly Schoharie crash, is living in Dubai, a lawy… https://t.co/NyjhbTvRka"
9,1093119985570988032,17448662,2157,98766,462,1118,64722,2008-11-17 19:56:47,1,2,2019-02-06 12:11:28,The mid-winter warm-up is over. A mix of rain and freezing rain is threatening to make Wednesday evening's drive a… https://t.co/I55Nm7DlfP
10,1093118792979365888,17448662,2157,98766,462,1118,64722,2008-11-17 19:56:47,2,0,2019-02-06 12:06:44,All lanes of Route 7 are reopened after an early morning crash closed the intersection with Vly Road in Colonie. https://t.co/4WcVIczY9z
11,1093110862099947521,17448662,2157,98766,462,1118,64722,2008-11-17 19:56:47,3,1,2019-02-06 11:35:13,The intersection of Vly Road and Route 7 at the Colonie/Niskayuna line is closed by a crash. Traffic being detoured… https://t.co/mnNv0ONYco
12,1092825872002895872,17448662,2157,98766,462,1118,64722,2008-11-17 19:56:47,5,8,2019-02-05 16:42:46,Get away from the Concourse — here is our 2019 Capitol lunch guide: https://t.co/1WGEwXZGY4
13,1092539569193607169,17448662,2157,98766,462,1118,64722,2008-11-17 19:56:47,2,5,2019-02-04 21:45:06,.@SenGillibrand invites transgender Navy officer to be her guest at #SOTU. @danfreedma reports: https://t.co/s6tV7duHP1
14,1092435873004769281,17448662,2157,98766,462,1118,64722,2008-11-17 19:56:47,8,7,2019-02-04 14:53:03,"Troy Councilman Mark McGrath, who admitted to using racial slurs in a three-year-old voicemail, has resigned less t… https://t.co/1aV1yegSFh"
15,1091747267944611841,17448662,2157,98766,462,1118,64722,2008-11-17 19:56:47,0,1,2019-02-02 17:16:47,"2 trucks collided at Van Dam/Clinton streets, Saratoga Springs, Friday night, causing a fire. Lucas Rockwood, 33, B… https://t.co/v6ae9F9g0A"
16,1091367905449689088,17448662,2157,98766,462,1118,64722,2008-11-17 19:56:47,3,2,2019-02-01 16:09:19,Dozens of people remained without heat and electricity after an earlier morning manhole explosion shattered windows… https://t.co/wYEMDiqOro
17,1091329313348218881,17448662,2157,98766,462,1118,64722,2008-11-17 19:56:47,20,37,2019-02-01 13:35:58,Anoteher brawl at a local high  school basketball game - Saratoga vs. Shen this time - is under investigation  https://t.co/6wSXH9KghZ
18,1091077250273984513,17448662,2157,98766,462,1118,64722,2008-11-17 19:56:47,1,0,2019-01-31 20:54:22,Albany Co. election commissioners formally pan @MCCoyCountyExec's proposal to move board's offices to South Pearl S… https://t.co/VrZSmQjpOK
19,1090947787905269760,17448662,2157,98766,462,1118,64722,2008-11-17 19:56:47,1,2,2019-01-31 12:19:56,"Sure, it's so cold wind-whipped skin could freeze today but it could be over 50 degrees on Tuesday. https://t.co/i7vQlE0CZH"
20,1090735525173100546,17448662,2157,98766,462,1118,64722,2008-11-17 19:56:47,7,8,2019-01-30 22:16:28,"21-car pileup on the state Thruway, western NY, in the Batavia area. Photos are from the State Police. Eastbound la… https://t.co/f31WUOC6R3"
21,1090627995159662592,17448662,2157,98766,462,1118,64722,2008-11-17 19:56:47,1,1,2019-01-30 15:09:11,Albany Police Officer Christofer M. Kitto pleads not guilty to prostitution charge. Kitto was allegedly with a pros… https://t.co/HCWPqf6fZG
22,1090614950517723137,17448662,2157,98766,462,1118,64722,2008-11-17 19:56:47,0,1,2019-01-30 14:17:21,"A little less than a month after he resigned, a former Troy cop showed up at the police station ready to work. Mayo… https://t.co/TD9gCvjkGp"
23,1090592511259824129,17448662,2157,98766,462,1118,64722,2008-11-17 19:56:47,4,5,2019-01-30 12:48:11,"Century of stink: For more than than a 100 years, a historic building in downtown Albany has not been hooked into t… https://t.co/6jdd1pmzSl"
24,1090591365078151168,17448662,2157,98766,462,1118,64722,2008-11-17 19:56:47,1,0,2019-01-30 12:43:38,"The Albany police officer, who was allegedly with a prostitute when he shot and killed a man who tried to rob him w… https://t.co/yYF0OUgwKE"
25,1090585022942380033,17448662,2157,98766,462,1118,64722,2008-11-17 19:56:47,1,0,2019-01-30 12:18:26,"Winter potpourri: Day after snowstorm, skin-freezing windchills arrive Wednesday. Oh, and snow squalls. We're getti… https://t.co/gYODx3ri4X"
26,1090379269656723458,17448662,2157,98766,462,1118,64722,2008-11-17 19:56:47,7,0,2019-01-29 22:40:50,"A few weeks after resigning amid charges related to a fracas on a Little League field, former (maybe) Troy cop Domi… https://t.co/a2GI6XxavY"
27,1090306701511790594,17448662,2157,98766,462,1118,64722,2008-11-17 19:56:47,10,5,2019-01-29 17:52:29,"Wife of Schoharie limo crash driver speaks to @PaulGrondahl: ""I just want my husband vindicated. It's hard on my ki… https://t.co/oeKwU6IqK3"
28,1090303176790732800,17448662,2157,98766,462,1118,64722,2008-11-17 19:56:47,0,0,2019-01-29 17:38:28,"Jail smuggling case 'kiss' of 'Death,' sheriff says. 'Grey Death' passed in visitor's kiss is similar to narcotic t… https://t.co/O5KU1uBHVr"
29,1090291050521001984,17448662,2157,98766,462,1118,64722,2008-11-17 19:56:47,2,1,2019-01-29 16:50:17,The NTSB has been granted access to the Schoharie limo: https://t.co/3tzJbCu7Tb
30,1090246659479662598,17448662,2157,98766,462,1118,64722,2008-11-17 19:56:47,1,6,2019-01-29 13:53:54,"Prizefighter Mike Tyson walked out of a Vegas elevator and spotted the familiar face of Bill Bernardo. ""There's my… https://t.co/f9gWU0pzK6"
31,1089879041144995840,17448662,2157,98766,462,1118,64722,2008-11-17 19:56:47,2,2,2019-01-28 13:33:07,Up to a foot of snow could fall between Tuesday and Wednesday. #518wx  https://t.co/wGUn2t1js9
32,1089876065789579264,17448662,2157,98766,462,1118,64722,2008-11-17 19:56:47,4,1,2019-01-28 13:21:17,"A state police investigator who retired under a cloud of investigation calls fellow troopers ""spineless scumbags"" a… https://t.co/io4PSiJBji"
33,1089874176175939586,17448662,2157,98766,462,1118,64722,2008-11-17 19:56:47,0,0,2019-01-28 13:13:47,"@chris_churchill weighs in on Roger Stone: ""the cockroach of American politics"" is not above dog-napping threats. https://t.co/RjKAtJ3hvE"
