Index,ID,User_ID,Friends_Count,Followers_Count,Favourites_Count,Listed_Count,Status_Count,Created_at,Retweet_Count,Favourite_Count,Created_at,Text
1,1094747641483874307,14385076,48,79282,202,850,72650,2008-04-14 13:40:17,4,4,2019-02-10 23:59:11,El Paso bristles at Trump's claim that wall made city safe https://t.co/fisw9S5gAn https://t.co/xuzNBi3Cdh
2,1094742444208541696,14385076,48,79282,202,850,72650,2008-04-14 13:40:17,1,2,2019-02-10 23:38:32,Dems' 2020 field now includes Minnesota Sen. Amy Klobuchar https://t.co/LkpcvpPMny https://t.co/xKBExHpxV6
3,1094736014084591619,14385076,48,79282,202,850,72650,2008-04-14 13:40:17,0,2,2019-02-10 23:12:59,"Warren takes on Trump, says he may not be 'free' in 2020 https://t.co/FlFikGZr0g https://t.co/gilqz8kt04"
4,1094728847105421315,14385076,48,79282,202,850,72650,2008-04-14 13:40:17,0,1,2019-02-10 22:44:30,AL Central teams at the start of spring training https://t.co/RKiwZHnX92 https://t.co/IgvMlPV1mo
5,1094722877998485504,14385076,48,79282,202,850,72650,2008-04-14 13:40:17,0,1,2019-02-10 22:20:47,Emptying the Notebook: New Mexico gets blown out at No. 6 Nevada https://t.co/3e5kH2AfFf https://t.co/omwD2AeNN9
6,1094716391821856772,14385076,48,79282,202,850,72650,2008-04-14 13:40:17,0,0,2019-02-10 21:55:01,AL West teams at the start of spring training https://t.co/hi7P5oRevm https://t.co/xIUeszIaNn
7,1094710447478136833,14385076,48,79282,202,850,72650,2008-04-14 13:40:17,2,2,2019-02-10 21:31:24,"In impoverished nation, lure of the U.S. is strong https://t.co/BFCAOkEVq2 https://t.co/r2s4frXI36"
8,1094703488322269189,14385076,48,79282,202,850,72650,2008-04-14 13:40:17,0,1,2019-02-10 21:03:44,Famous Belenites work to bring art space to town https://t.co/mE3rhN8IAH https://t.co/MWcG7AdthP
9,1094696798545940481,14385076,48,79282,202,850,72650,2008-04-14 13:40:17,0,3,2019-02-10 20:37:09,Aggies hold off Grand Canyon again https://t.co/GJfOndPKbF
10,1094690416023228418,14385076,48,79282,202,850,72650,2008-04-14 13:40:17,0,5,2019-02-10 20:11:48,Mayor's plan would support Rail Yards clean-up https://t.co/bLmUGJ6KCs https://t.co/ZkmPxbLA39
11,1094682249449091072,14385076,48,79282,202,850,72650,2008-04-14 13:40:17,0,1,2019-02-10 19:39:21,NL East teams at the start of spring training https://t.co/xwAN3I1UQU https://t.co/W0O8hB6xT6
12,1094667944733347840,14385076,48,79282,202,850,72650,2008-04-14 13:40:17,0,1,2019-02-10 18:42:30,MMA: Vannata wins by 1st-round sub https://t.co/SdvSR1RUKQ
13,1094657051148599296,14385076,48,79282,202,850,72650,2008-04-14 13:40:17,1,3,2019-02-10 17:59:13,"Kelati sets UNM mark in 3,000 at Millrose Games https://t.co/eEDYaJiN3z"
14,1094651463563919361,14385076,48,79282,202,850,72650,2008-04-14 13:40:17,0,0,2019-02-10 17:37:01,Boxing: Leo wins big https://t.co/eH2t0xMyGF
15,1094645689366335489,14385076,48,79282,202,850,72650,2008-04-14 13:40:17,0,0,2019-02-10 17:14:04,'Embracing the wild in all of us' https://t.co/a4xArvkOaR https://t.co/BfEICAxpRh
16,1094639622829862915,14385076,48,79282,202,850,72650,2008-04-14 13:40:17,1,0,2019-02-10 16:49:58,Charter school leaders blast education bill https://t.co/kWZpZ9Iz2m https://t.co/v9gkFUgyNn
17,1094633390517698560,14385076,48,79282,202,850,72650,2008-04-14 13:40:17,0,0,2019-02-10 16:25:12,Migrants fall for false promises https://t.co/f4uilCkDIV https://t.co/7T1NGq2fNp
18,1094627954204782593,14385076,48,79282,202,850,72650,2008-04-14 13:40:17,0,1,2019-02-10 16:03:36,"State Police capture teen who fled facility, cut off GPS monitor https://t.co/HUTIWXQW2Y https://t.co/YHGv9KrqMn"
19,1094622496337379328,14385076,48,79282,202,850,72650,2008-04-14 13:40:17,4,11,2019-02-10 15:41:54,UNM women's shooters sizzle in victory over Nevada https://t.co/QZSjTRNHVx https://t.co/KEfU37kQ0c
20,1094617059093331969,14385076,48,79282,202,850,72650,2008-04-14 13:40:17,4,2,2019-02-10 15:20:18,Lujan Grisham appoints five UNM regents https://t.co/wyOJZQQjEf https://t.co/tFd80S59Lh
21,1094476179933929472,14385076,48,79282,202,850,72650,2008-04-14 13:40:17,0,0,2019-02-10 06:00:30,"Lobo softball routs Creighton, falls to Aggies in Las Cruces https://t.co/mQptBJgBmX"
22,1094474940039028736,14385076,48,79282,202,850,72650,2008-04-14 13:40:17,0,0,2019-02-10 05:55:34,Prep hoops: La Cueva girls get crucial road win in 2-5A https://t.co/OQ4HNdZoG1
23,1094468752224251905,14385076,48,79282,202,850,72650,2008-04-14 13:40:17,1,0,2019-02-10 05:30:59,"Sports Speak Up! Fans of Lobo Lyle, but not of https://t.co/Zc34R0XTZd https://t.co/efqWz50JV0"
24,1094462571866963968,14385076,48,79282,202,850,72650,2008-04-14 13:40:17,2,8,2019-02-10 05:06:25,UNM women's shooters sizzle in victory over Nevada https://t.co/O1qpe0Vhvk https://t.co/Nn32OyGZut
25,1094455866277969920,14385076,48,79282,202,850,72650,2008-04-14 13:40:17,3,2,2019-02-10 04:39:47,"State Police capture teen who fled facility, cut off GPS monitor https://t.co/xZDHZGTDoz https://t.co/Rty6QCHPaw"
26,1094450175668600832,14385076,48,79282,202,850,72650,2008-04-14 13:40:17,1,1,2019-02-10 04:17:10,"Aggie women reverse course, blow out Grand Canyon https://t.co/2yOm7X1yLG"
27,1094443238478483459,14385076,48,79282,202,850,72650,2008-04-14 13:40:17,0,0,2019-02-10 03:49:36,Trump's Year 3 aims for dramatic sequels to rival originals https://t.co/w25U2wFCGa https://t.co/muTqPMRodU
28,1094432106011348992,14385076,48,79282,202,850,72650,2008-04-14 13:40:17,0,1,2019-02-10 03:05:22,Prep hoops roundup: Abq. High gets revenge on Santa Fe https://t.co/leJ41f9guK https://t.co/aTiL9FexBA
29,1094419334020120576,14385076,48,79282,202,850,72650,2008-04-14 13:40:17,5,16,2019-02-10 02:14:37,Marijuana legalization advances in House https://t.co/cvabIQE6Ih https://t.co/U5uLqlqn1B
30,1094413892015529985,14385076,48,79282,202,850,72650,2008-04-14 13:40:17,0,0,2019-02-10 01:52:59,AL East teams at the start of spring training https://t.co/v6Du8S5XPU https://t.co/wYnG0lvCHa
31,1094408196465328128,14385076,48,79282,202,850,72650,2008-04-14 13:40:17,0,0,2019-02-10 01:30:21,NL Central teams at the start of spring training https://t.co/By8x15VrY0 https://t.co/LNGUSZ3laY
32,1094402009040601088,14385076,48,79282,202,850,72650,2008-04-14 13:40:17,0,1,2019-02-10 01:05:46,Follow live: Lobo men at No. 6 Nevada https://t.co/VRXJPN65Zc https://t.co/HlxyBSIYNn
33,1094392353249521664,14385076,48,79282,202,850,72650,2008-04-14 13:40:17,2,0,2019-02-10 00:27:24,UNM officials face tough questions over sports cuts https://t.co/dM5VOGW1g1
34,1094385916469231617,14385076,48,79282,202,850,72650,2008-04-14 13:40:17,1,2,2019-02-10 00:01:49,Santa Fe also seeing benefits of good ski season https://t.co/0umtmbd31a
35,1094381203057197058,14385076,48,79282,202,850,72650,2008-04-14 13:40:17,0,2,2019-02-09 23:43:06,Virginia's governor pledges to work toward racial healing https://t.co/tq1q7rm1E9 https://t.co/Xh1rREDXfA
36,1094375011186589696,14385076,48,79282,202,850,72650,2008-04-14 13:40:17,2,1,2019-02-09 23:18:29,Likely deal would give Trump fraction of desired wall money https://t.co/CaVTAkz1PP https://t.co/ZzwmhGI6xu
37,1094364995184455682,14385076,48,79282,202,850,72650,2008-04-14 13:40:17,0,3,2019-02-09 22:38:41,Warren makes presidential bid official with call for change https://t.co/3AKwXIuczl https://t.co/0GxJcW1xhQ
38,1094358570475417601,14385076,48,79282,202,850,72650,2008-04-14 13:40:17,2,7,2019-02-09 22:13:10,First-year NM United team unveils its look https://t.co/keyKi8KP32 https://t.co/Ijf0b25jRU
39,1094352378906796032,14385076,48,79282,202,850,72650,2008-04-14 13:40:17,0,0,2019-02-09 21:48:33,Measure to boost transparency is tabled https://t.co/Ri7j3KNylA https://t.co/sklhnImS7P
40,1094341014075117568,14385076,48,79282,202,850,72650,2008-04-14 13:40:17,1,2,2019-02-09 21:03:24,APD: Suspect kills self following police chase https://t.co/MLGtbgStLm
41,1094337712042242048,14385076,48,79282,202,850,72650,2008-04-14 13:40:17,0,0,2019-02-09 20:50:17,OPINION | HB 441 would help to rein in an out-of-control lottery https://t.co/9253d14qjI
42,1094327097018011648,14385076,48,79282,202,850,72650,2008-04-14 13:40:17,0,0,2019-02-09 20:08:06,"Rio Rancho police union, city reach agreement on pay https://t.co/Wnjo9SrGFx https://t.co/usgEs0Zsij"
43,1094325326153465856,14385076,48,79282,202,850,72650,2008-04-14 13:40:17,4,5,2019-02-09 20:01:03,Lujan Grisham appoints five UNM regents https://t.co/97HiCKbZ0A
44,1094321128930189316,14385076,48,79282,202,850,72650,2008-04-14 13:40:17,0,2,2019-02-09 19:44:23,Officer charged with time card fraud https://t.co/GKr7uD6P6C
45,1094316180792377344,14385076,48,79282,202,850,72650,2008-04-14 13:40:17,1,0,2019-02-09 19:24:43,Census in limbo waiting on courts https://t.co/llDmde1drr
46,1094309770285273088,14385076,48,79282,202,850,72650,2008-04-14 13:40:17,4,2,2019-02-09 18:59:15,Luján received hefty energy PAC donations https://t.co/Lew9cm8Ylt https://t.co/xeOU9FXJNj
47,1094296916685451267,14385076,48,79282,202,850,72650,2008-04-14 13:40:17,1,2,2019-02-09 18:08:10,Nevada visits for UNM’s ‘Love Pink Game’ https://t.co/JbVXDt1QKc https://t.co/I6GeE4w6NZ
48,1094290973830639618,14385076,48,79282,202,850,72650,2008-04-14 13:40:17,1,1,2019-02-09 17:44:33,Combat sports: Sanchez vs. Leo is a possibility https://t.co/21lQHpJTp8 https://t.co/q7OL95CBy2
49,1094282317512744963,14385076,48,79282,202,850,72650,2008-04-14 13:40:17,3,1,2019-02-09 17:10:09,"Men's basketball: This time, Lobos won’t catch Wolf Pack off guard https://t.co/PXG40OKE90 https://t.co/0A6McSJH8K"
50,1094268135799164929,14385076,48,79282,202,850,72650,2008-04-14 13:40:17,1,1,2019-02-09 16:13:48,ESPN star Kurkjian highlights UNM baseball fundraiser https://t.co/twtXT1PMGa https://t.co/srj9kHQTZ4
51,1094262154759409666,14385076,48,79282,202,850,72650,2008-04-14 13:40:17,2,1,2019-02-09 15:50:02,Hope's Murphy gets 800th career win https://t.co/ihnzaPOTkm https://t.co/hwo3QFOkVL
52,1094256944263643136,14385076,48,79282,202,850,72650,2008-04-14 13:40:17,1,2,2019-02-09 15:29:20,Chaos at the Capitol as House passes gun legislation https://t.co/gLqAUuTDO9 https://t.co/IX2uARB1xT
53,1094111978426155008,14385076,48,79282,202,850,72650,2008-04-14 13:40:17,4,18,2019-02-09 05:53:17,A lesson in civics: APS teacher from Ecuador becomes a new U.S. citizen https://t.co/0s0FL24JIV https://t.co/7R53qloS0e
54,1094105489368121344,14385076,48,79282,202,850,72650,2008-04-14 13:40:17,2,3,2019-02-09 05:27:30,$50M endowment for rural libraries moves forward https://t.co/lGpAZ7Orj3 https://t.co/Ij55xARUL5
55,1094099865053945856,14385076,48,79282,202,850,72650,2008-04-14 13:40:17,7,5,2019-02-09 05:05:09,Chaos at the Capitol as House passes gun legislation https://t.co/NKcaPXwQDa https://t.co/8TdF6uNuke
56,1094094422726320129,14385076,48,79282,202,850,72650,2008-04-14 13:40:17,1,2,2019-02-09 04:43:32,"Olympic sports: Kurgat runs 6th in Seattle, Lobos, Aggies gets softball wins https://t.co/2s4AIDPGKl"
57,1094087010397106176,14385076,48,79282,202,850,72650,2008-04-14 13:40:17,4,6,2019-02-09 04:14:05,U.S. Rep. James Clyburn to NM lawmakers: Don't give up on kids https://t.co/uNtxDhDVFZ https://t.co/3zm0VMRaz6
58,1094079644360417280,14385076,48,79282,202,850,72650,2008-04-14 13:40:17,14,5,2019-02-09 03:44:48,Border Patrol takes nearly 300 migrants into custody near Antelope Wells https://t.co/UHY7axJnnZ https://t.co/wQlTJ9bHvC
59,1094068749647400960,14385076,48,79282,202,850,72650,2008-04-14 13:40:17,1,0,2019-02-09 03:01:31,Head of Grand Canyon cleared of undisclosed allegations https://t.co/WsadtJwpwT https://t.co/EG8lE3wFHO
60,1094062564147896321,14385076,48,79282,202,850,72650,2008-04-14 13:40:17,2,4,2019-02-09 02:36:56,"Bill on animal harm clears House, moves to Senate https://t.co/YcCga1RPVI https://t.co/0tLqFceV5Y"
61,1094052169765011461,14385076,48,79282,202,850,72650,2008-04-14 13:40:17,0,1,2019-02-09 01:55:38,Branson wants to fly to space in July https://t.co/cxGNxiDgGq https://t.co/zYKLm3k5x4
62,1094046231666610176,14385076,48,79282,202,850,72650,2008-04-14 13:40:17,0,1,2019-02-09 01:32:02,Police are investigating after 11-year-old kills herself in Grants https://t.co/148USVCdua
63,1094035581070389249,14385076,48,79282,202,850,72650,2008-04-14 13:40:17,1,1,2019-02-09 00:49:43,4 Las Cruces police officers cleared in man's fatal shooting https://t.co/nIvrw5Yjjf
64,1094023118442713088,14385076,48,79282,202,850,72650,2008-04-14 13:40:17,0,4,2019-02-09 00:00:12,Former Santa Fe priest arrested on child rape charge https://t.co/RgcKwAGNBm https://t.co/w9JPDJ7h6Z
65,1094016248856354817,14385076,48,79282,202,850,72650,2008-04-14 13:40:17,0,0,2019-02-08 23:32:54,Channel Stinky's predatory nature https://t.co/PhoeZepD9R https://t.co/AVllHaQzgc
66,1094010310904741891,14385076,48,79282,202,850,72650,2008-04-14 13:40:17,3,3,2019-02-08 23:09:18,School tax increases rejected in three cities https://t.co/6baCmXZK3X
67,1094003833704013825,14385076,48,79282,202,850,72650,2008-04-14 13:40:17,0,0,2019-02-08 22:43:34,State Police: Westbound I 40 flyover closed at the Big I https://t.co/VKrS2Csfli https://t.co/O00MUZEv7G
68,1093997448186474496,14385076,48,79282,202,850,72650,2008-04-14 13:40:17,2,4,2019-02-08 22:18:11,Interim UNM chief of staff to take post permanently https://t.co/HF2toBdUYh https://t.co/c7hHoWX8P2
69,1093992502208663554,14385076,48,79282,202,850,72650,2008-04-14 13:40:17,1,0,2019-02-08 21:58:32,"Lujan Grisham spent $721,676 on inaugural events https://t.co/2rCtbpoR6o https://t.co/gXNDq60xL3"
70,1093984570867879942,14385076,48,79282,202,850,72650,2008-04-14 13:40:17,0,0,2019-02-08 21:27:01,Amateur golfing standout Rosemary Thompson dies at age 76 https://t.co/6oOsRDXPBr https://t.co/axCIAmZr6w
71,1093972337551200257,14385076,48,79282,202,850,72650,2008-04-14 13:40:17,3,6,2019-02-08 20:38:24,Measure would ban trapping https://t.co/WIHDMsjpWQ https://t.co/BbO3r7oubH
72,1093959251117174784,14385076,48,79282,202,850,72650,2008-04-14 13:40:17,0,0,2019-02-08 19:46:24,Bill would boost legislators' pension benefits https://t.co/2t57HNMC9v https://t.co/ojMxu1myn4
73,1093953022613512192,14385076,48,79282,202,850,72650,2008-04-14 13:40:17,2,2,2019-02-08 19:21:39,Hope Christian’s Murphy goes for 800th career win https://t.co/bBKI9sGVfl https://t.co/iuI7KSkjGm
74,1093943736470511616,14385076,48,79282,202,850,72650,2008-04-14 13:40:17,3,2,2019-02-08 18:44:45,State income tax to go up for some families https://t.co/sGjukPqtKR
75,1093936813130043395,14385076,48,79282,202,850,72650,2008-04-14 13:40:17,7,19,2019-02-08 18:17:15,Bill to create Indigenous Peoples' Day passes House on 50-12 vote https://t.co/40f5UCUhHG
76,1093931113490325504,14385076,48,79282,202,850,72650,2008-04-14 13:40:17,0,0,2019-02-08 17:54:36,Sports Speak Up! https://t.co/W90DzdVX3x
77,1093924714685313030,14385076,48,79282,202,850,72650,2008-04-14 13:40:17,0,0,2019-02-08 17:29:10,NMSP: Mother and child killed in crash in western NM https://t.co/kvM7g1wHKD https://t.co/cGLHvijbyo
78,1093919100936568834,14385076,48,79282,202,850,72650,2008-04-14 13:40:17,1,0,2019-02-08 17:06:52,Injured Lobo Lyle exercising patience in another year off court https://t.co/elY3AFPS1j https://t.co/vr39uKQ10k
79,1093751582519369729,14385076,48,79282,202,850,72650,2008-04-14 13:40:17,1,2,2019-02-08 06:01:12,Volcano Vista gets late-game heroics after blowing big lead https://t.co/0cAC6P6CmN https://t.co/W6ZjbvPxGn
80,1093747055300956160,14385076,48,79282,202,850,72650,2008-04-14 13:40:17,2,2,2019-02-08 05:43:13,Amateur golfing standout Rosemary Thompson dies at age 76 https://t.co/rBRQJz7sOU https://t.co/fxnj2RyD63
81,1093734967249645570,14385076,48,79282,202,850,72650,2008-04-14 13:40:17,1,0,2019-02-08 04:55:11,"College softball: Aggies host Lobos, others in opening tourney https://t.co/gRbZahM7X8"
82,1093729028803051520,14385076,48,79282,202,850,72650,2008-04-14 13:40:17,2,6,2019-02-08 04:31:35,BCSO: Man caught with over a 100 lbs of pot on I-40 https://t.co/EVUw9YdvIB https://t.co/YIgWxS2VGE
83,1093722593876721665,14385076,48,79282,202,850,72650,2008-04-14 13:40:17,0,2,2019-02-08 04:06:01,Woman shot by APD during 2017 carjacking files suit https://t.co/Wf8VI4EMQy https://t.co/04CXDhUq79
84,1093717643981451264,14385076,48,79282,202,850,72650,2008-04-14 13:40:17,0,0,2019-02-08 03:46:21,O'maury Samuels' domestic violence charge is dropped https://t.co/m31B1vlLzC
85,1093711991598968832,14385076,48,79282,202,850,72650,2008-04-14 13:40:17,0,1,2019-02-08 03:23:53,Bill calls for carbon-free electricity in NM by 2045 https://t.co/JEJ9uFFMjx
86,1093706550319960064,14385076,48,79282,202,850,72650,2008-04-14 13:40:17,1,0,2019-02-08 03:02:16,Accused former foster parent to remain free pending trial https://t.co/2cPq38WG4x
87,1093700863045103616,14385076,48,79282,202,850,72650,2008-04-14 13:40:17,3,5,2019-02-08 02:39:40,"Heinrich, Udall introduce measures to enhance safety in remote border areas https://t.co/xvv4rtpGoj https://t.co/PzNwptPLon"
88,1093693193114304512,14385076,48,79282,202,850,72650,2008-04-14 13:40:17,1,4,2019-02-08 02:09:11,NM lawmakers establish Women’s Caucus https://t.co/v1mshiUkdk https://t.co/P2DTL4Bn5v
89,1093687474302390272,14385076,48,79282,202,850,72650,2008-04-14 13:40:17,0,0,2019-02-08 01:46:28,Trump-GOP meeting boosts optimism about reaching border deal https://t.co/pq0G2PvJ7Z https://t.co/EYgZIJcNbk
90,1093681046862921728,14385076,48,79282,202,850,72650,2008-04-14 13:40:17,0,0,2019-02-08 01:20:55,Researchers seek fuller picture of first Africans in America https://t.co/5titBH3jV7 https://t.co/BQa2NzwkQL
91,1093675356215799808,14385076,48,79282,202,850,72650,2008-04-14 13:40:17,0,0,2019-02-08 00:58:19,Police identify man killed at apartment complex Monday morning https://t.co/gOBj32ijQH https://t.co/leHsEwrStf
92,1093669666818609156,14385076,48,79282,202,850,72650,2008-04-14 13:40:17,0,1,2019-02-08 00:35:42,Senate panel approves Trump's attorney general nominee https://t.co/VQbI84Opm3 https://t.co/TvVUiyElIM
93,1093663912619315201,14385076,48,79282,202,850,72650,2008-04-14 13:40:17,1,3,2019-02-08 00:12:50,Facebook opens data center in Los Lunas https://t.co/lXyoHPGsVQ https://t.co/eUBWApU7aQ
94,1093657507279572993,14385076,48,79282,202,850,72650,2008-04-14 13:40:17,0,0,2019-02-07 23:47:23,Virginia looks to Black Caucus for cues in political turmoil https://t.co/KIcO769bnF https://t.co/AIuoG02NMx
95,1093641146109214721,14385076,48,79282,202,850,72650,2008-04-14 13:40:17,1,2,2019-02-07 22:42:22,Lobos' Kurgat advances on Bowerman Watch List https://t.co/BpuFAOlpra
96,1093635458381344773,14385076,48,79282,202,850,72650,2008-04-14 13:40:17,0,0,2019-02-07 22:19:46,"MMA: Vannata set to fight, have fun in Australia https://t.co/AJFgnb7StO"
97,1093628779447181313,14385076,48,79282,202,850,72650,2008-04-14 13:40:17,1,0,2019-02-07 21:53:14,Blackface photo is a reminder of Virginia's racist history https://t.co/QjvobLj3xh https://t.co/MqBoNi0Zkk
98,1093621842911395840,14385076,48,79282,202,850,72650,2008-04-14 13:40:17,0,0,2019-02-07 21:25:40,Aggie football adds 10 more signees https://t.co/LjsKhcqYxV
99,1093612680374599680,14385076,48,79282,202,850,72650,2008-04-14 13:40:17,0,4,2019-02-07 20:49:15,Energy independence promoted in Hobbs https://t.co/NBdouPXyqK https://t.co/dbkTISx1Na
100,1093607222209318913,14385076,48,79282,202,850,72650,2008-04-14 13:40:17,0,1,2019-02-07 20:27:34,"Anti-abortion bills: Odds good in GOP states, not Congress https://t.co/M1NtI58hSk https://t.co/oBSCaLLDfm"
101,1093600714687942659,14385076,48,79282,202,850,72650,2008-04-14 13:40:17,1,2,2019-02-07 20:01:43,ABQ BioPark needs help counting birds https://t.co/GTYnhp5Tzj https://t.co/JbWJd8urpV
102,1093595270372315136,14385076,48,79282,202,850,72650,2008-04-14 13:40:17,0,1,2019-02-07 19:40:05,Will governor's support tip permanent fund debate? https://t.co/6cctreKm3q https://t.co/2ospFVXkQC
103,1093589608791724039,14385076,48,79282,202,850,72650,2008-04-14 13:40:17,0,0,2019-02-07 19:17:35,Prep basketball: Manzano boys top Capital https://t.co/ZocRv7iC5R https://t.co/cOVzNBPZLp
104,1093584141776502786,14385076,48,79282,202,850,72650,2008-04-14 13:40:17,1,0,2019-02-07 18:55:51,Davie happy to add Cleveland's Hunter in latest batch of signees https://t.co/X3tkKEJ7nV https://t.co/epC0hjDYYY
105,1093578544255549440,14385076,48,79282,202,850,72650,2008-04-14 13:40:17,0,2,2019-02-07 18:33:37,APS superintendent: 'We will do the best we can with what we have' https://t.co/ahdIUSDztZ https://t.co/izClOibLXl
106,1093571666930819077,14385076,48,79282,202,850,72650,2008-04-14 13:40:17,0,0,2019-02-07 18:06:17,"Amid shortage, partnership aims to retain new special ed teachers https://t.co/k0M6yir9FD https://t.co/RRs75UUdsq"
107,1093562358314737664,14385076,48,79282,202,850,72650,2008-04-14 13:40:17,0,0,2019-02-07 17:29:18,Basketball: NMSU men embark on pivotal trip https://t.co/co1ExbXAFJ
108,1093555226227998721,14385076,48,79282,202,850,72650,2008-04-14 13:40:17,0,0,2019-02-07 17:00:57,Business interests fighting environmental review bill https://t.co/VVmM2fb9nF https://t.co/uC7lNVm05C
109,1093389190841159681,14385076,48,79282,202,850,72650,2008-04-14 13:40:17,0,0,2019-02-07 06:01:11,Brazil education overhaul aims at ousting 'Marxist ideology' https://t.co/D9BcY3wjYI https://t.co/jMJ7jdgbKC
110,1093387192259543043,14385076,48,79282,202,850,72650,2008-04-14 13:40:17,0,0,2019-02-07 05:53:15,Sports Speak Up! https://t.co/6zQhsKar3L
111,1093381530355941376,14385076,48,79282,202,850,72650,2008-04-14 13:40:17,0,2,2019-02-07 05:30:45,"Lobo point guards McGee, Drinnon starting to step up https://t.co/lurqNbZY1r https://t.co/aJpBjSw0hA"
112,1093375797522583553,14385076,48,79282,202,850,72650,2008-04-14 13:40:17,4,13,2019-02-07 05:07:58,NM House passes abortion-rights bill https://t.co/mpGNFgbKmx https://t.co/BU3y6GUGF6
113,1093370803985567746,14385076,48,79282,202,850,72650,2008-04-14 13:40:17,1,0,2019-02-07 04:48:08,Lottery scholarship bill clears Senate committee https://t.co/XsV5J69KXK
114,1093365852139937793,14385076,48,79282,202,850,72650,2008-04-14 13:40:17,3,5,2019-02-07 04:28:27,"UNM was vulnerable to criminal activity, AG's Office says https://t.co/dcWXFNqMMw https://t.co/iea9xD3Ghm"
115,1093360003187200002,14385076,48,79282,202,850,72650,2008-04-14 13:40:17,0,0,2019-02-07 04:05:13,Attorney raises competency in case for teen accused of murder https://t.co/OXNIpMYEQR
116,1093353515509080065,14385076,48,79282,202,850,72650,2008-04-14 13:40:17,1,11,2019-02-07 03:39:26,AG pushes for expanded child-abuse reporting https://t.co/dcPWVVmjZG https://t.co/m8gf8efuZX
117,1093348313468936193,14385076,48,79282,202,850,72650,2008-04-14 13:40:17,3,3,2019-02-07 03:18:46,Committee submits UNM regent nominees to governor https://t.co/Qvy5FRO4Pl
118,1093338904399433728,14385076,48,79282,202,850,72650,2008-04-14 13:40:17,0,2,2019-02-07 02:41:22,Brexit could spell economic peril for parts of the EU https://t.co/dX3McQRty0 https://t.co/4qQr4RHdat
119,1093333703957377024,14385076,48,79282,202,850,72650,2008-04-14 13:40:17,2,2,2019-02-07 02:20:42,Santa Fe restaurant held liable for unpaid OT wages https://t.co/WkeonB4cdV
120,1093327026872901633,14385076,48,79282,202,850,72650,2008-04-14 13:40:17,1,16,2019-02-07 01:54:10,"Gov. Lujan Grisham explains border decision, says wall won't work https://t.co/g36pkZEEA7 https://t.co/VBfuyTiBEm"
121,1093321958215823363,14385076,48,79282,202,850,72650,2008-04-14 13:40:17,1,0,2019-02-07 01:34:02,Lobo women absorb humbling loss at San Diego State https://t.co/VczrgRPNjI
122,1093313568861274113,14385076,48,79282,202,850,72650,2008-04-14 13:40:17,2,2,2019-02-07 01:00:42,"Some workers still unpaid after shutdown, dread what's next https://t.co/ogsJTkv0qJ https://t.co/ztqu3AnnD0"
123,1093306381933953024,14385076,48,79282,202,850,72650,2008-04-14 13:40:17,0,2,2019-02-07 00:32:08,Crisis escalates in Virginia; top 3 Democrats under fire https://t.co/WyGSBP0oqo https://t.co/knpkDSRj2u
124,1093299469871919104,14385076,48,79282,202,850,72650,2008-04-14 13:40:17,0,1,2019-02-07 00:04:40,"Trump calls for bipartisanship, a hard line on immigration https://t.co/Rn4SrqwnC8 https://t.co/oDwk3YmBX2"
125,1093293628280242176,14385076,48,79282,202,850,72650,2008-04-14 13:40:17,0,0,2019-02-06 23:41:28,"Fiesta de Santa Fe to allow married, divorced ‘La Reina' https://t.co/D4miObkr6L"
126,1093284967042433033,14385076,48,79282,202,850,72650,2008-04-14 13:40:17,0,2,2019-02-06 23:07:03,Lobos pull away from Aztecs in 2nd half for much needed win https://t.co/Fp08hM15Df https://t.co/tnnmiwKSU3
127,1093279334759100417,14385076,48,79282,202,850,72650,2008-04-14 13:40:17,0,2,2019-02-06 22:44:40,Proposal would boost ballot access for independents https://t.co/HRGijkd9Yi https://t.co/niyNfLnWjO
128,1093271968361660416,14385076,48,79282,202,850,72650,2008-04-14 13:40:17,0,3,2019-02-06 22:15:23,Democrats unbowed by Trump's words push investigations https://t.co/eNHcuwuPPS https://t.co/0xONmGU6GK
129,1093261138958139393,14385076,48,79282,202,850,72650,2008-04-14 13:40:17,0,1,2019-02-06 21:32:21,New Supreme Court justices sworn in https://t.co/Gnw1nVxCAA https://t.co/TtpV8oyun4
130,1093254484770332673,14385076,48,79282,202,850,72650,2008-04-14 13:40:17,0,2,2019-02-06 21:05:55,UNM women nearly perfect at league's halfway point https://t.co/nG96isB83S https://t.co/uchsrK9yhV
131,1093247507616989193,14385076,48,79282,202,850,72650,2008-04-14 13:40:17,4,4,2019-02-06 20:38:12,Santa Fe journalist earns prize for freelance articles https://t.co/Wn2Mvn7GIV
132,1093241350202511360,14385076,48,79282,202,850,72650,2008-04-14 13:40:17,1,3,2019-02-06 20:13:43,OPINION | NM can't afford 2020 Census undercount https://t.co/QX8wogL7jB
133,1093235270013603840,14385076,48,79282,202,850,72650,2008-04-14 13:40:17,2,8,2019-02-06 19:49:34,OPINION | Plastic bag bans hurt more than they help https://t.co/mH3YV4I7rD
134,1093229250860273665,14385076,48,79282,202,850,72650,2008-04-14 13:40:17,0,0,2019-02-06 19:25:39,"Abrams to blast shutdown 'stunt,' call for shared prosperity https://t.co/RjUhEbR2tZ"
135,1093227530721652736,14385076,48,79282,202,850,72650,2008-04-14 13:40:17,1,0,2019-02-06 19:18:49,Scam warning: Team Spirit Promotions is fradulent https://t.co/iTG63KdZf0 https://t.co/xdcu982VAU
136,1093221458292207617,14385076,48,79282,202,850,72650,2008-04-14 13:40:17,0,0,2019-02-06 18:54:41,Asian shares higher following strong gains on Wall Street https://t.co/vDcAa0DSO5
137,1093214675976753154,14385076,48,79282,202,850,72650,2008-04-14 13:40:17,2,13,2019-02-06 18:27:44,NM to withdraw National Guard from border https://t.co/CnNLkL4nNn https://t.co/YwWEFkhP3a
138,1093209049007644672,14385076,48,79282,202,850,72650,2008-04-14 13:40:17,0,5,2019-02-06 18:05:22,Rail Runner receives Wi-Fi grant https://t.co/YJx7eEWtAx https://t.co/aB09yKcoBI
139,1093203515156119552,14385076,48,79282,202,850,72650,2008-04-14 13:40:17,0,3,2019-02-06 17:43:23,Rail Runner gets $2.5 million grant for upgrades https://t.co/DpMPEjzS4k
140,1093197596871532544,14385076,48,79282,202,850,72650,2008-04-14 13:40:17,28,62,2019-02-06 17:19:52,"Krebs charged with fraud, money laundering, other felonies https://t.co/EyEiBPfu5i https://t.co/eMfVd0AkDI"
141,1093195269590659074,14385076,48,79282,202,850,72650,2008-04-14 13:40:17,1,2,2019-02-06 17:10:37,Jury finds daycare workers guilty in toddler's death https://t.co/CIzhIsoyEq
142,1093011960243933185,14385076,48,79282,202,850,72650,2008-04-14 13:40:17,0,0,2019-02-06 05:02:13,Follow live: San Diego State at UNM hoops https://t.co/H1I30Xjyjz https://t.co/4mx7rd9ItH
143,1093004366276190208,14385076,48,79282,202,850,72650,2008-04-14 13:40:17,1,5,2019-02-06 04:32:02,NMMI president angered by UNM's lack of football recruiting interest https://t.co/pXwfKdWQjB
144,1092996739135688704,14385076,48,79282,202,850,72650,2008-04-14 13:40:17,0,2,2019-02-06 04:01:44,Questa man coming back to court on child sex assault charges https://t.co/4zTUQFrbyz
145,1092990754878828546,14385076,48,79282,202,850,72650,2008-04-14 13:40:17,7,13,2019-02-06 03:37:57,"Voters reject all three APS mill levy, bond questions https://t.co/7p1OdZoBqs https://t.co/wxT3I4pNFC"
146,1092984566120435714,14385076,48,79282,202,850,72650,2008-04-14 13:40:17,1,2,2019-02-06 03:13:21,Hospital-area hotel in SF may become apartment complex https://t.co/l4Nws65F6f https://t.co/QesHjuHnZk
147,1092975186197004288,14385076,48,79282,202,850,72650,2008-04-14 13:40:17,1,1,2019-02-06 02:36:05,"Sports Speak Up! On Aztecs-Lobos, bad high school fans, and the G.O.A.T https://t.co/IPJbLRt7v6"
148,1092969213986127872,14385076,48,79282,202,850,72650,2008-04-14 13:40:17,1,1,2019-02-06 02:12:21,Senate measure would allow higher fees for records https://t.co/UplnCyLIvp
149,1092963853254590465,14385076,48,79282,202,850,72650,2008-04-14 13:40:17,146,403,2019-02-06 01:51:03,Gov withdrawing most NM National Guard Troops from border https://t.co/vRpLln8OH6 https://t.co/MxDtj6Srfj
150,1092959082560901121,14385076,48,79282,202,850,72650,2008-04-14 13:40:17,2,1,2019-02-06 01:32:06,Bill that would freeze NM fracking permits gets pushback https://t.co/nG3Rmkw9gh https://t.co/cYbhV88MJq
151,1092950389752848387,14385076,48,79282,202,850,72650,2008-04-14 13:40:17,0,2,2019-02-06 00:57:33,APD: Explosion behind shopping center was 'apparent suicide' https://t.co/uHi83lIkEy https://t.co/rz1jAcGspd
152,1092943443570106369,14385076,48,79282,202,850,72650,2008-04-14 13:40:17,1,1,2019-02-06 00:29:57,What a (familiar) feeling: Boston fetes Super Bowl winners https://t.co/y6g2bfan4f https://t.co/AERk7ekZxd
153,1092937241746386944,14385076,48,79282,202,850,72650,2008-04-14 13:40:17,1,2,2019-02-06 00:05:18,Read to Me ABQ book drive underway https://t.co/Mt5OZngkh4 https://t.co/Mt88XbPb2Y
154,1092931211188731904,14385076,48,79282,202,850,72650,2008-04-14 13:40:17,0,2,2019-02-05 23:41:21,"Woman, unborn child die after crash near Santa Teresa https://t.co/fhgFlB3XQO"
155,1092917198694334474,14385076,48,79282,202,850,72650,2008-04-14 13:40:17,0,1,2019-02-05 22:45:40,A day to remember for courting couples https://t.co/jgNLo3iI0J https://t.co/Schfo2ClvQ
156,1092910739025813504,14385076,48,79282,202,850,72650,2008-04-14 13:40:17,0,3,2019-02-05 22:20:00,Woman arrested in bank fraud scheme https://t.co/kLNUqIHaOM https://t.co/lKU5H0QWoV
157,1092902089393692674,14385076,48,79282,202,850,72650,2008-04-14 13:40:17,0,0,2019-02-05 21:45:37,Woman charged with setting fire to FBI sign https://t.co/GrsB74IoXF
158,1092895814815371265,14385076,48,79282,202,850,72650,2008-04-14 13:40:17,2,2,2019-02-05 21:20:41,"Prep basketball: Coaches' polls for Feb. 4, 2019 https://t.co/Wk3H0b4TMT"
159,1092889878067662849,14385076,48,79282,202,850,72650,2008-04-14 13:40:17,3,3,2019-02-05 20:57:06,"Governor, lawmakers propose new office to promote outdoors https://t.co/NDW7h8vZAX https://t.co/dWxWDLFUGA"
160,1092876434228563972,14385076,48,79282,202,850,72650,2008-04-14 13:40:17,0,1,2019-02-05 20:03:41,Bills would offer paid leave for medical emergencies https://t.co/XYpAINB2MD https://t.co/9RYfm1Lk8x
161,1092870103325122561,14385076,48,79282,202,850,72650,2008-04-14 13:40:17,0,1,2019-02-05 19:38:31,AFR: 1 dead after house fire in SW Albuquerque https://t.co/ddWm7AX4zV https://t.co/JqzkCjHSFP
162,1092859837086613504,14385076,48,79282,202,850,72650,2008-04-14 13:40:17,1,1,2019-02-05 18:57:44,New Mexico man linked to baby shooting released from jail https://t.co/vjh68Gi11x https://t.co/dEkuGREuMv
163,1092854187011047424,14385076,48,79282,202,850,72650,2008-04-14 13:40:17,1,1,2019-02-05 18:35:17,Trump squabbles with Democrats before speech on unity https://t.co/QembYQ1fqV https://t.co/hyrVlh1ehJ
164,1092848323919298561,14385076,48,79282,202,850,72650,2008-04-14 13:40:17,3,2,2019-02-05 18:11:59,Lobos promote Peterson to be defensive coordinator https://t.co/gCLRtkfl1M https://t.co/IaMHVhrNdV
165,1092845700981886976,14385076,48,79282,202,850,72650,2008-04-14 13:40:17,0,1,2019-02-05 18:01:33,Speak Up! (Rams didn't deserve to be in Super Bowl) https://t.co/Gy1fkDUoju
166,1092839538811174912,14385076,48,79282,202,850,72650,2008-04-14 13:40:17,0,1,2019-02-05 17:37:04,City Council OKs homeless shelter funding https://t.co/IgD9dyYqzX
167,1092664327579029506,14385076,48,79282,202,850,72650,2008-04-14 13:40:17,3,8,2019-02-05 06:00:51,"UNM Football: Games at Notre Dame, Liberty huge for Davie, Dailey https://t.co/oKDNBIMGrH"
168,1092659121701220352,14385076,48,79282,202,850,72650,2008-04-14 13:40:17,1,1,2019-02-05 05:40:09,Martin tweets at Edelman after Super Bowl https://t.co/dS1K22lZP7 https://t.co/uoEEocaZkD
169,1092651939270148096,14385076,48,79282,202,850,72650,2008-04-14 13:40:17,1,2,2019-02-05 05:11:37,UNM-SDSU not the same as in years past https://t.co/9iLDt6fhsx https://t.co/B0979h0VrD
170,1092643028370624512,14385076,48,79282,202,850,72650,2008-04-14 13:40:17,6,3,2019-02-05 04:36:12,Yodice: Fans’ bad behavior must stop https://t.co/VBKt4NhAEv
171,1092636063405871104,14385076,48,79282,202,850,72650,2008-04-14 13:40:17,6,51,2019-02-05 04:08:32,McClure quickly becomes fan favorite https://t.co/wXVcAMltVg https://t.co/er0NN9fURm
172,1092618737717522433,14385076,48,79282,202,850,72650,2008-04-14 13:40:17,0,0,2019-02-05 02:59:41,County settles lawsuit over deputy-involved shooting https://t.co/FPjRtSbXnL
173,1092607850201997313,14385076,48,79282,202,850,72650,2008-04-14 13:40:17,1,1,2019-02-05 02:16:25,7 are finalists for Luna CC president's job https://t.co/8Jp08ao2Cp
174,1092602404372209664,14385076,48,79282,202,850,72650,2008-04-14 13:40:17,2,4,2019-02-05 01:54:47,"Colder temperatures, wind, mountain snow on the way https://t.co/QSoPEBzPK9"
175,1092595978501308418,14385076,48,79282,202,850,72650,2008-04-14 13:40:17,2,2,2019-02-05 01:29:15,"House, Senate to consider background-checks law https://t.co/leSj3gEaRS https://t.co/Ebx7J2RR4f"
176,1092589031366504448,14385076,48,79282,202,850,72650,2008-04-14 13:40:17,0,1,2019-02-05 01:01:39,Presiding judges named to metro specialty courts https://t.co/wd441UEvMl
177,1092572443481440257,14385076,48,79282,202,850,72650,2008-04-14 13:40:17,0,0,2019-02-04 23:55:44,"Trump to call for unity, face skepticism in State of Union https://t.co/8NPGUShXmw https://t.co/5hDG47kykM"
178,1092556549057335296,14385076,48,79282,202,850,72650,2008-04-14 13:40:17,2,6,2019-02-04 22:52:34,Lujan Grisham: Wage bill critics haven't swayed me yet https://t.co/rzmMORlHtM https://t.co/ehFKSMWnz4
179,1092550888806379521,14385076,48,79282,202,850,72650,2008-04-14 13:40:17,0,1,2019-02-04 22:30:05,Chronic pain given as top reason for using medical marijuana https://t.co/59CBOhSxXc https://t.co/mJypQ962T5
180,1092544674370387972,14385076,48,79282,202,850,72650,2008-04-14 13:40:17,2,2,2019-02-04 22:05:23,"Torres Small addresses Roundhouse, urges cooperation https://t.co/mbbCGEXCU3 https://t.co/G5H8AfbPPf"
181,1092539345905561601,14385076,48,79282,202,850,72650,2008-04-14 13:40:17,0,1,2019-02-04 21:44:13,APD SWAT team arrests suspect in NW Albuquerque https://t.co/s9sUDjPWtY https://t.co/kaHH3kmtsc
182,1092533894220599296,14385076,48,79282,202,850,72650,2008-04-14 13:40:17,0,0,2019-02-04 21:22:33,Some lofty goals from 2018 State of Union speech still unmet https://t.co/csGEXqRzez https://t.co/S5yeLUYeiW
183,1092523943121076225,14385076,48,79282,202,850,72650,2008-04-14 13:40:17,1,0,2019-02-04 20:43:00,Area near Coors and Central evacuated due to 'unidentified explosion' https://t.co/ug4iZjCNBB https://t.co/CzSKoT8np1
184,1092518445365817349,14385076,48,79282,202,850,72650,2008-04-14 13:40:17,0,0,2019-02-04 20:21:10,Throwback night: Pats win Super Bowl the old-fashioned way https://t.co/kem936sKVf https://t.co/ojE0h2m9qa
185,1092512340715687936,14385076,48,79282,202,850,72650,2008-04-14 13:40:17,0,3,2019-02-04 19:56:54,APD investigating homicide in NE Albuquerque https://t.co/pPrJWdv4Vs https://t.co/RmMKP3Lc2x
186,1092506067538456580,14385076,48,79282,202,850,72650,2008-04-14 13:40:17,1,0,2019-02-04 19:31:58,Gov. Lujan Grisham signs off on 'rocket docket' bills https://t.co/7mcYY7yFAm https://t.co/FTrB1eKJLu
187,1092498893303103488,14385076,48,79282,202,850,72650,2008-04-14 13:40:17,0,5,2019-02-04 19:03:28,Encore: Weckerly opens a 'nice hole in the wall' https://t.co/SeVlQHZJUP https://t.co/53jjW7Curv
188,1092493609167921153,14385076,48,79282,202,850,72650,2008-04-14 13:40:17,0,4,2019-02-04 18:42:28,Police learn to deal with mentally ill residents https://t.co/A6aMtBaM4X https://t.co/NkrNWdDRh3
189,1092486651929133056,14385076,48,79282,202,850,72650,2008-04-14 13:40:17,0,1,2019-02-04 18:14:49,Kids' fitness a healthy business https://t.co/IuPygyFVmc https://t.co/6EzJBZLeAh
190,1092481986520698885,14385076,48,79282,202,850,72650,2008-04-14 13:40:17,3,8,2019-02-04 17:56:17,Video: The Dans -- political reporters @DanBoydNM and @mckaydan -- look ahead to week 4 of the 2019 NM legislative… https://t.co/P1VjNTtzA7
191,1092474117931048962,14385076,48,79282,202,850,72650,2008-04-14 13:40:17,0,0,2019-02-04 17:25:01,Watchdog files open records lawsuit against Lobo Club https://t.co/GskqwRYAFY
192,1092468798026858504,14385076,48,79282,202,850,72650,2008-04-14 13:40:17,1,1,2019-02-04 17:03:53,Couple who lost legs in crash still awaiting justice https://t.co/iJ8G9tAA54 https://t.co/MR5i9YEsVU
193,1092452880752304132,14385076,48,79282,202,850,72650,2008-04-14 13:40:17,1,1,2019-02-04 16:00:38,ABQ's financial health gets a 'D' https://t.co/v7xscZ13OI
194,1092302015965941760,14385076,48,79282,202,850,72650,2008-04-14 13:40:17,0,0,2019-02-04 06:01:09,Conservative groups say FDA rules hurt 'innovative' e-cigarette industry https://t.co/FuexBboDvK https://t.co/vfUhJ1RbjS
195,1092297022797950977,14385076,48,79282,202,850,72650,2008-04-14 13:40:17,1,1,2019-02-04 05:41:18,Police: Teen did not return to reintegration center https://t.co/4wlWvfaNDW https://t.co/e3qoKPiNfX
196,1092281536420986881,14385076,48,79282,202,850,72650,2008-04-14 13:40:17,0,1,2019-02-04 04:39:46,Speak Up (Lobos need to play better team basketball) https://t.co/CYzklko6tN
197,1092274360021336064,14385076,48,79282,202,850,72650,2008-04-14 13:40:17,1,0,2019-02-04 04:11:15,Lobos on extremely cold-shooting streak https://t.co/UQWbfBnGlX https://t.co/bWCgwThRGY
198,1092206534296305664,14385076,48,79282,202,850,72650,2008-04-14 13:40:17,1,1,2019-02-03 23:41:44,Hot springs have seen three deaths in a decade https://t.co/OlqoQxCW24
199,1092194978397331457,14385076,48,79282,202,850,72650,2008-04-14 13:40:17,0,1,2019-02-03 22:55:49,Emptying the Notebook: Lobos lose at Fresno State https://t.co/HSBBuv3NuR https://t.co/AezgfFyrmP
200,1092188785184526336,14385076,48,79282,202,850,72650,2008-04-14 13:40:17,0,1,2019-02-03 22:31:12,Arts and Entertainment: Top Picks for the Week https://t.co/9Qg8v5WfGc https://t.co/Z45Ddq6Aa1
201,1092180089402544128,14385076,48,79282,202,850,72650,2008-04-14 13:40:17,0,1,2019-02-03 21:56:39,Week in Review: A look back at the top sports stories in northern NM https://t.co/FGHoVWyoto https://t.co/hBpCOlO6Vn
202,1092170671201882113,14385076,48,79282,202,850,72650,2008-04-14 13:40:17,0,1,2019-02-03 21:19:14,Horsemen 'still a work in progress' https://t.co/AwjEKWazdz https://t.co/6EF03a6o7g
203,1092165982666309637,14385076,48,79282,202,850,72650,2008-04-14 13:40:17,0,0,2019-02-03 21:00:36,"Gov. Northam says he wasn't in racist photo, won't resign https://t.co/C8usXDMGuk https://t.co/rf390RH0cp"
204,1092159281556848640,14385076,48,79282,202,850,72650,2008-04-14 13:40:17,0,0,2019-02-03 20:33:58,Prep hoops: Battle-tested Panthers remain atop 2-5A https://t.co/7Qo5OqvLDK
205,1092153838403051520,14385076,48,79282,202,850,72650,2008-04-14 13:40:17,2,0,2019-02-03 20:12:20,A window on generational divides https://t.co/g8TPL0bMtr https://t.co/YnIWSAqkKO
206,1092147162849394688,14385076,48,79282,202,850,72650,2008-04-14 13:40:17,1,0,2019-02-03 19:45:49,A new perspective on New Mexican history https://t.co/8rsxDSdr9L https://t.co/s8wrTCmSeB
207,1092142424485433344,14385076,48,79282,202,850,72650,2008-04-14 13:40:17,3,1,2019-02-03 19:26:59,'I was from Nigeria. Now I'm from America.' https://t.co/z6Twwh1h4I
208,1092136748933627904,14385076,48,79282,202,850,72650,2008-04-14 13:40:17,0,0,2019-02-03 19:04:26,"Students, locals dive into Montezuma Hot Springs' issues https://t.co/zIlby1fPDi https://t.co/YVdHyw7h3Q"
209,1092127017368252424,14385076,48,79282,202,850,72650,2008-04-14 13:40:17,5,5,2019-02-03 18:25:46,UNM draws fire over ad for Trump hotels https://t.co/Hyxn5JMkUb https://t.co/hluNS0ienv
210,1092118383762595840,14385076,48,79282,202,850,72650,2008-04-14 13:40:17,1,3,2019-02-03 17:51:27,The AZ Boys: A legacy of meth and murder https://t.co/LevSqTmcdH https://t.co/dv5pvnscpO
211,1092112076552708101,14385076,48,79282,202,850,72650,2008-04-14 13:40:17,2,3,2019-02-03 17:26:24,West Mesa murder victims not forgotten https://t.co/7UBYWg6yWu https://t.co/XFTpAPB40E
212,1092102950175019009,14385076,48,79282,202,850,72650,2008-04-14 13:40:17,0,16,2019-02-03 16:50:08,'I was from Nigeria. Now I'm from America.' https://t.co/I9Ane19oAz https://t.co/Etavr1YogF
213,1092096761009704960,14385076,48,79282,202,850,72650,2008-04-14 13:40:17,0,2,2019-02-03 16:25:32,Lawmakers debate upgrading pre-K https://t.co/2OfINRfx1E https://t.co/h1zPtYDT8D
214,1092091549314367488,14385076,48,79282,202,850,72650,2008-04-14 13:40:17,5,16,2019-02-03 16:04:50,"Prep wrestling: Rio Rancho wins metros, and easily https://t.co/dd1m9mDCET https://t.co/ZfSgS2ONMy"
215,1092085086059667457,14385076,48,79282,202,850,72650,2008-04-14 13:40:17,2,6,2019-02-03 15:39:09,Daughter recalls Bataan Death March survivor as 'positive' dad https://t.co/az3yl94v8B https://t.co/ztFMsTLFHn
216,1092079585687150593,14385076,48,79282,202,850,72650,2008-04-14 13:40:17,0,1,2019-02-03 15:17:17,NMSP: 2 officers struck by vehicle near Las Cruces https://t.co/kEmPK3of89 https://t.co/3YbGptaaRw
217,1091939527315390464,14385076,48,79282,202,850,72650,2008-04-14 13:40:17,1,8,2019-02-03 06:00:45,Eldorado alum Everett soaks in Super Bowl scene as a 'Rambassador' https://t.co/iTDKrErGBy https://t.co/kTPXQ2Tsru
218,1091937517602029568,14385076,48,79282,202,850,72650,2008-04-14 13:40:17,1,3,2019-02-03 05:52:46,Track and field: Lobos get three first-place efforts to wrap up Classic https://t.co/xNZXf38fdP
219,1091929652736811008,14385076,48,79282,202,850,72650,2008-04-14 13:40:17,0,2,2019-02-03 05:21:30,Lobo skiers take 3rd in own invite at Red River https://t.co/bKLICQxy6e
220,1091924434410266625,14385076,48,79282,202,850,72650,2008-04-14 13:40:17,0,1,2019-02-03 05:00:46,"Gov. Northam says he wasn't in racist photo, won't resign https://t.co/PO52GIuLdi https://t.co/1y4RKA5gtc"
221,1091919165395529728,14385076,48,79282,202,850,72650,2008-04-14 13:40:17,6,1,2019-02-03 04:39:50,NMSP: 2 officers struck by vehicle near Las Cruces https://t.co/KwlHAej8NU https://t.co/rKPJVBhV2U
222,1091912231040794625,14385076,48,79282,202,850,72650,2008-04-14 13:40:17,0,0,2019-02-03 04:12:17,Boxing: It's Sanchez by 2nd-round TKO https://t.co/wRm4tx1ZLA
223,1091907284467441664,14385076,48,79282,202,850,72650,2008-04-14 13:40:17,0,0,2019-02-03 03:52:37,Follow live: UNM men at Fresno State https://t.co/2MgGzolPza https://t.co/FX4tcdrmt2
224,1091901601575518209,14385076,48,79282,202,850,72650,2008-04-14 13:40:17,4,11,2019-02-03 03:30:03,Versatile Lobo women hold off Fresno State https://t.co/N4fF3ZdaiN https://t.co/xM4fgNTgdp
225,1091892850340569095,14385076,48,79282,202,850,72650,2008-04-14 13:40:17,2,7,2019-02-03 02:55:16,Chiefs QB Mahomes wins NFL MVP award https://t.co/oRgCbhVXUy https://t.co/I8RerpNO4r
226,1091887360059625472,14385076,48,79282,202,850,72650,2008-04-14 13:40:17,0,0,2019-02-03 02:33:27,"NM State Police: 2 arrested after pursuit, gunfire in Alamogordo https://t.co/SkncEC0GEN"
227,1091881671450873857,14385076,48,79282,202,850,72650,2008-04-14 13:40:17,0,0,2019-02-03 02:10:51,UNM women expect a tough test from FSU https://t.co/nEDLi7Ez8L https://t.co/Dh7rHApc7r
228,1091875475490783240,14385076,48,79282,202,850,72650,2008-04-14 13:40:17,1,3,2019-02-03 01:46:14,Judge orders sale of NM property purchased by sect's leaders https://t.co/85iuog4U6M
229,1091868054416510977,14385076,48,79282,202,850,72650,2008-04-14 13:40:17,0,1,2019-02-03 01:16:44,"Senate reasserts foreign policy role, reshapes Trump agenda https://t.co/TvmHjck83k https://t.co/qhW56jsTUb"
230,1091861874319245313,14385076,48,79282,202,850,72650,2008-04-14 13:40:17,0,0,2019-02-03 00:52:11,Virginia's Gov. Northam says that wasn't him in racist photo https://t.co/O9V2Vq5mst https://t.co/4uH6AGd5PX
231,1091854941465931776,14385076,48,79282,202,850,72650,2008-04-14 13:40:17,0,1,2019-02-03 00:24:38,Santa Fe Plaza encounter spurs charges of racism https://t.co/ilHWqG5odE https://t.co/UaZcV8huFP
232,1091849054340960261,14385076,48,79282,202,850,72650,2008-04-14 13:40:17,1,4,2019-02-03 00:01:14,"'In plain sight, and nobody had seen it' https://t.co/rDAbZkUQIA https://t.co/xIUc2ALx1p"
233,1091842322797613058,14385076,48,79282,202,850,72650,2008-04-14 13:40:17,2,0,2019-02-02 23:34:29,A Super Experience https://t.co/cmPz4E2JeG https://t.co/XmyIKz8s8E
234,1091837116651356160,14385076,48,79282,202,850,72650,2008-04-14 13:40:17,0,0,2019-02-02 23:13:48,Hawks destroy Rams https://t.co/Pa9zaewYHk https://t.co/od85OBTBIq
235,1091824162652520448,14385076,48,79282,202,850,72650,2008-04-14 13:40:17,0,0,2019-02-02 22:22:20,Familiar looking Fresno State could pose problems for Lobos https://t.co/c4bwZVv9Mk https://t.co/2UwQWzyCgl
236,1091813387015802880,14385076,48,79282,202,850,72650,2008-04-14 13:40:17,0,3,2019-02-02 21:39:31,State rep. backs off bill to censor internet content https://t.co/GuVsgJJ1K0 https://t.co/ftYcuiqCY1
237,1091806951447674881,14385076,48,79282,202,850,72650,2008-04-14 13:40:17,0,6,2019-02-02 21:13:56,Visitors returning to White Sands after shutdown https://t.co/Kg22FnxGCF https://t.co/rNWOJvUZyV
238,1091790578088587269,14385076,48,79282,202,850,72650,2008-04-14 13:40:17,2,6,2019-02-02 20:08:52,House backs transparency for capital funding https://t.co/DaZGabzuT3
239,1091774363882438656,14385076,48,79282,202,850,72650,2008-04-14 13:40:17,0,1,2019-02-02 19:04:27,AG says vulnerable clients were victimized a 2nd time https://t.co/mqeiBVAYWE
240,1091761094585139202,14385076,48,79282,202,850,72650,2008-04-14 13:40:17,1,3,2019-02-02 18:11:43,Theus to make an appearance at Aggies' game Saturday https://t.co/ePGRwIhRBZ https://t.co/hlvtSuFSGl
241,1091748657823649792,14385076,48,79282,202,850,72650,2008-04-14 13:40:17,0,4,2019-02-02 17:22:18,Facebook opens Los Lunas data center next week https://t.co/l4RrvW5ssi https://t.co/pA2rLgWaKE
242,1091737909458284546,14385076,48,79282,202,850,72650,2008-04-14 13:40:17,0,0,2019-02-02 16:39:35,NMSP: Baby in child abuse case was never returned to parents https://t.co/JoxBYmvmpr https://t.co/CYTuqO0Vh8
243,1091724164468277250,14385076,48,79282,202,850,72650,2008-04-14 13:40:17,1,1,2019-02-02 15:44:58,No Girls allowed https://t.co/8Bv2TWFOvZ https://t.co/sP8JTM5bVK
244,1091716944431071233,14385076,48,79282,202,850,72650,2008-04-14 13:40:17,1,0,2019-02-02 15:16:17,Committee OKs wage bill despite tip outcry https://t.co/CNTLx15gAy https://t.co/vopJtshNHD
245,1091573328786194433,14385076,48,79282,202,850,72650,2008-04-14 13:40:17,1,2,2019-02-02 05:45:36,Popular vote legislation clears the House https://t.co/vTtmrqqfYK
246,1091565657609699329,14385076,48,79282,202,850,72650,2008-04-14 13:40:17,0,3,2019-02-02 05:15:07,No Girls allowed https://t.co/o8dvE5eCmQ https://t.co/IH91pHGLha
247,1091556485644070912,14385076,48,79282,202,850,72650,2008-04-14 13:40:17,1,3,2019-02-02 04:38:40,"With Holm-Ladd off, could Holm-Nunes be next? https://t.co/uzLd74VMmu https://t.co/bnYUWepabv"
248,1091548772528803840,14385076,48,79282,202,850,72650,2008-04-14 13:40:17,0,1,2019-02-02 04:08:02,House approves bill on textbook funding https://t.co/zXiiFYiPqW
249,1091541600910614533,14385076,48,79282,202,850,72650,2008-04-14 13:40:17,0,0,2019-02-02 03:39:32,Judge won't reconsider sentence of drunken driver who killed two https://t.co/9HomEUKEi9 https://t.co/n6icyQOBPM
250,1091534165944791040,14385076,48,79282,202,850,72650,2008-04-14 13:40:17,1,5,2019-02-02 03:09:59,Abortion-rights bill heads to House floor https://t.co/k9Q6z3LG6A https://t.co/qpOURjbaSv
251,1091525751466283008,14385076,48,79282,202,850,72650,2008-04-14 13:40:17,2,8,2019-02-02 02:36:33,5 charged in sale of fake Native American goods https://t.co/kDBnVUpSm2
252,1091519030538760192,14385076,48,79282,202,850,72650,2008-04-14 13:40:17,0,2,2019-02-02 02:09:50,Alleged car thief leads officers on chase in Valencia County https://t.co/BPYP0kmktc https://t.co/qlnzoA4MQq
253,1091507932150358017,14385076,48,79282,202,850,72650,2008-04-14 13:40:17,1,0,2019-02-02 01:25:44,APD identifies man slain in SW Albuquerque https://t.co/MIJnCcWl4r https://t.co/HPKpzMRv8L
254,1091501917199626240,14385076,48,79282,202,850,72650,2008-04-14 13:40:17,4,13,2019-02-02 01:01:50,Lawmakers highlight missing indigenous women https://t.co/kQTPw481qc https://t.co/surflGLMBS
255,1091495098293145600,14385076,48,79282,202,850,72650,2008-04-14 13:40:17,2,2,2019-02-02 00:34:45,Famed jockey Nicodemus dies in Ruidoso https://t.co/CRk1hgVvaI
256,1091489296257896448,14385076,48,79282,202,850,72650,2008-04-14 13:40:17,0,0,2019-02-02 00:11:41,"Zuerlein, Gurley, Countess ready for Super Bowl https://t.co/8JG7KHynzw https://t.co/wqCCx0liym"
257,1091483018362003456,14385076,48,79282,202,850,72650,2008-04-14 13:40:17,0,0,2019-02-01 23:46:45,Ayatollah Khomeini's family mostly absent from Iran politics https://t.co/8EGcx2wvxw https://t.co/ss9wSMclcf
258,1091476692617568256,14385076,48,79282,202,850,72650,2008-04-14 13:40:17,0,0,2019-02-01 23:21:36,Venezuela opposition leader rejects mediation offers https://t.co/IkucIL55TC https://t.co/9D7Nle6e5m
259,1091469813711601665,14385076,48,79282,202,850,72650,2008-04-14 13:40:17,2,1,2019-02-01 22:54:16,ABQ free bus rides on Monday for Transit Equity Day https://t.co/NKBnJW1GNa https://t.co/bAOA1UPBPC
260,1091463841156919296,14385076,48,79282,202,850,72650,2008-04-14 13:40:17,0,3,2019-02-01 22:30:32,"Her knees 'broken beyond repair,' Vonn retiring after worlds https://t.co/LySUV0xdrq https://t.co/iO4PLvaxr9"
261,1091452948767539200,14385076,48,79282,202,850,72650,2008-04-14 13:40:17,0,1,2019-02-01 21:47:15,Bureau of Reclamation to discuss drought plan going forward https://t.co/fNkCTeg7nz
262,1091446212111286278,14385076,48,79282,202,850,72650,2008-04-14 13:40:17,0,0,2019-02-01 21:20:29,Albuquerque Academy head to leave in 2020 https://t.co/32JzGe4TQd https://t.co/3UBj931GKU
263,1091440034471989248,14385076,48,79282,202,850,72650,2008-04-14 13:40:17,0,1,2019-02-01 20:55:56,Senate panel passes bill that Tesla is pushing https://t.co/hq3v3a5WOG https://t.co/yJqreXXje3
264,1091434030166355968,14385076,48,79282,202,850,72650,2008-04-14 13:40:17,2,2,2019-02-01 20:32:05,AG: Firm embezzled $50K from vulnerable clients https://t.co/OnwgOa2eV0 https://t.co/nuC6lL8GIF
265,1091427511131619328,14385076,48,79282,202,850,72650,2008-04-14 13:40:17,2,1,2019-02-01 20:06:11,"Governor, actors push for NM film rebate bill https://t.co/NzOCKXqtmQ https://t.co/xR4zx8mzqt"
266,1091423302990602240,14385076,48,79282,202,850,72650,2008-04-14 13:40:17,3,2,2019-02-01 19:49:27,Sheriff: Inmate led officers to man's remains after video showed arm in car's backseat https://t.co/0R7GtF4rlT https://t.co/L20eiDXM08
267,1091416992337330178,14385076,48,79282,202,850,72650,2008-04-14 13:40:17,1,2,2019-02-01 19:24:23,Man charged in burial of slain ABQ teens https://t.co/seMT3Ljcq6 https://t.co/fW892TKoZG
268,1091405191050657793,14385076,48,79282,202,850,72650,2008-04-14 13:40:17,0,2,2019-02-01 18:37:29,Bill would reveal the cost of a free lunch for lawmakers https://t.co/1wWzBiuiTO https://t.co/t5SxEBvAA6
269,1091398118480990208,14385076,48,79282,202,850,72650,2008-04-14 13:40:17,0,0,2019-02-01 18:09:23,Prep hoops: 6th-ranked Rams hold off No. 3 Volcano https://t.co/Aj4tYv2AyM https://t.co/PFOjOplk22
270,1091386710150299650,14385076,48,79282,202,850,72650,2008-04-14 13:40:17,0,0,2019-02-01 17:24:03,MMA: Holm-Ladd fight is off https://t.co/x3N9NOa0Ur
271,1091380833624027141,14385076,48,79282,202,850,72650,2008-04-14 13:40:17,1,0,2019-02-01 17:00:42,Weir isn't only Mountain West coach facing sophomore slump https://t.co/2Y5hNVk65A https://t.co/G5QaMekQpw
272,1091214659833729024,14385076,48,79282,202,850,72650,2008-04-14 13:40:17,1,2,2019-02-01 06:00:23,Weir isn't only Mountain West coach facing sophomore slump https://t.co/xzIKP53qbU https://t.co/dXntfQxCSY
273,1091213895312818176,14385076,48,79282,202,850,72650,2008-04-14 13:40:17,13,25,2019-02-01 05:57:21,Record-setting Griffin has unfinished business https://t.co/6cWA5PRpsY https://t.co/PtmzWgZLZg
274,1091207936880398338,14385076,48,79282,202,850,72650,2008-04-14 13:40:17,2,2,2019-02-01 05:33:40,Parents charged in abuse of 1-month-old girl https://t.co/QqmRjlAOUm https://t.co/Y4wTCti4Pv
275,1091166202624380933,14385076,48,79282,202,850,72650,2008-04-14 13:40:17,3,8,2019-02-01 02:47:50,Torres Small favors ‘carefully placed’ border barriers https://t.co/OCjoGps3F5 https://t.co/D5GMUxqg0V
276,1091152811163873280,14385076,48,79282,202,850,72650,2008-04-14 13:40:17,0,1,2019-02-01 01:54:37,First trial starts for man accused of killing two women https://t.co/OJImEspiuA https://t.co/0g7XbCodNJ
277,1091147106449047552,14385076,48,79282,202,850,72650,2008-04-14 13:40:17,3,2,2019-02-01 01:31:57,How media covered Jackie Robinson's Debut https://t.co/PhrT4qRPUN https://t.co/DylubgoHOa
278,1091141329088888833,14385076,48,79282,202,850,72650,2008-04-14 13:40:17,1,0,2019-02-01 01:08:59,Education in 'circus arts' proposed in Senate https://t.co/zgizqbTVSB https://t.co/JTKfOQjcEe
279,1091133159373238272,14385076,48,79282,202,850,72650,2008-04-14 13:40:17,1,4,2019-02-01 00:36:32,U.S. Rep. Ben Ray Lujan voices support for NM voting bills https://t.co/Gbyu63it1W https://t.co/hf5WEya1j7
280,1091126929741230080,14385076,48,79282,202,850,72650,2008-04-14 13:40:17,1,6,2019-02-01 00:11:46,Judge arrested on suspicion of DWI resigns https://t.co/w8kN645SzZ
281,1091122148092141569,14385076,48,79282,202,850,72650,2008-04-14 13:40:17,2,3,2019-01-31 23:52:46,"Alleged drug runners in special shoes, camouflage nabbed at border https://t.co/UlRCNCfK86 https://t.co/8kFsuVkT5W"
282,1091116458531319811,14385076,48,79282,202,850,72650,2008-04-14 13:40:17,1,1,2019-01-31 23:30:10,NCAA bans Missouri from postseason after academic misconduct https://t.co/65Kx4klqtq https://t.co/gBMDVeil0l
283,1091111509697200128,14385076,48,79282,202,850,72650,2008-04-14 13:40:17,0,0,2019-01-31 23:10:30,AP sources: Knicks agree to trade Porzingis to Dallas https://t.co/dXKZrGJGe8 https://t.co/h9jjOwWVms
284,1091106968410955777,14385076,48,79282,202,850,72650,2008-04-14 13:40:17,0,4,2019-01-31 22:52:27,Skip Maisel to close his Downtown ABQ store https://t.co/mCdnEpVlby https://t.co/iXerhTQLqT
285,1091095209251880960,14385076,48,79282,202,850,72650,2008-04-14 13:40:17,1,2,2019-01-31 22:05:44,Florida official to run NM prison system https://t.co/afNnKg6tkf https://t.co/vmcu6UmFa3
286,1091090221322649600,14385076,48,79282,202,850,72650,2008-04-14 13:40:17,0,1,2019-01-31 21:45:54,Guaido to police: Don't cross red line with my family https://t.co/FAIZC0Jamq https://t.co/JmHOiZfcZr
287,1091085054875455489,14385076,48,79282,202,850,72650,2008-04-14 13:40:17,2,2,2019-01-31 21:25:23,Minimum wage bill draws fire from restaurant owners https://t.co/K1PDEfWaEA
288,1091079615957880834,14385076,48,79282,202,850,72650,2008-04-14 13:40:17,1,4,2019-01-31 21:03:46,Governor names Ives to NM Court of Appeals https://t.co/cBONV0p8v3 https://t.co/ZYpbpFmLWX
289,1091074357068292098,14385076,48,79282,202,850,72650,2008-04-14 13:40:17,0,0,2019-01-31 20:42:52,Anthony man arrested following border pursuit https://t.co/WvQPA4nQc0
290,1091067462823694338,14385076,48,79282,202,850,72650,2008-04-14 13:40:17,2,0,2019-01-31 20:15:28,US oil lease near sacred park pushes forward https://t.co/DWvh7RT0RT https://t.co/GyTpaRmV5M
291,1091062695456067584,14385076,48,79282,202,850,72650,2008-04-14 13:40:17,0,0,2019-01-31 19:56:32,"Report: Afghan forces still shrinking, security gaps growing https://t.co/zRYQoEdNcM https://t.co/AGqkoit5g2"
292,1091055534856388608,14385076,48,79282,202,850,72650,2008-04-14 13:40:17,0,0,2019-01-31 19:28:04,Scenes from a protest: Venezuelans fill streets of capital https://t.co/0tSSt0a1F4 https://t.co/Eyy5Sb94dB
293,1091048700409987075,14385076,48,79282,202,850,72650,2008-04-14 13:40:17,0,0,2019-01-31 19:00:55,"APD: Man shot, killed in SW Albuquerque https://t.co/gMI2KFbwg1 https://t.co/E7aqik1Wod"
294,1091043561011904513,14385076,48,79282,202,850,72650,2008-04-14 13:40:17,0,0,2019-01-31 18:40:30,Autopsy shows suspect was shot 40 times https://t.co/2irIq3I1G9 https://t.co/BUxyNv4xmH
295,1091038418753212422,14385076,48,79282,202,850,72650,2008-04-14 13:40:17,1,1,2019-01-31 18:20:04,Four Corners teams will have big say in 5A girls hoops battle https://t.co/FNB9CgSkuO https://t.co/wJi38V3vIz
296,1091032916652707841,14385076,48,79282,202,850,72650,2008-04-14 13:40:17,6,16,2019-01-31 17:58:12,UNM women to host Bulldogs Saturday in MWC showdown https://t.co/d3sdpL27SV https://t.co/sNjZg0lLzp
297,1091025995296055297,14385076,48,79282,202,850,72650,2008-04-14 13:40:17,0,1,2019-01-31 17:30:42,WIPP: Construction coming as operations resume https://t.co/BAvzIxpiX0
298,1091018930947325954,14385076,48,79282,202,850,72650,2008-04-14 13:40:17,1,3,2019-01-31 17:02:37,"Jerseys auctions bring some extra cash for Lobos, Aggies https://t.co/YcjXYNdycb"
299,1090988526756335616,14385076,48,79282,202,850,72650,2008-04-14 13:40:17,1,0,2019-01-31 15:01:49,"Breaking: Crash snarls southbound I-25 at Alameda, eastbound Paseo https://t.co/LSlFQ9BLKP https://t.co/bJ3HbZ5HEU"
300,1090852349390786561,14385076,48,79282,202,850,72650,2008-04-14 13:40:17,0,2,2019-01-31 06:00:41,Santa Ana Star Casino offers Super options https://t.co/YhJJD0ux7t
301,1090849629464350720,14385076,48,79282,202,850,72650,2008-04-14 13:40:17,0,3,2019-01-31 05:49:53,"Deep freeze expected to ease, but disruptions persist https://t.co/9kqsNUTjqz https://t.co/LxYJP2sj5Y"
302,1090843697913180160,14385076,48,79282,202,850,72650,2008-04-14 13:40:17,0,1,2019-01-31 05:26:19,Democrats open budget talks with plan lacking wall money https://t.co/0lqJ8mtl6A https://t.co/Z5MUrzy49o
303,1090826282043097088,14385076,48,79282,202,850,72650,2008-04-14 13:40:17,1,1,2019-01-31 04:17:06,Shakespeare Center taking over SF's Adobe Rose Theatre https://t.co/rPw6EUr7rT https://t.co/gcrnYvz8Ca
304,1090805346132783105,14385076,48,79282,202,850,72650,2008-04-14 13:40:17,0,1,2019-01-31 02:53:55,Proposed East Mountain development loses water fight https://t.co/xfjn0tZqYM
305,1090800401752956928,14385076,48,79282,202,850,72650,2008-04-14 13:40:17,1,2,2019-01-31 02:34:16,DA seeks longer sentence for drunken driver who killed 2 men https://t.co/ff7OUmmXCa https://t.co/Aspz8xqgYG
306,1090791236972220418,14385076,48,79282,202,850,72650,2008-04-14 13:40:17,3,8,2019-01-31 01:57:51,Testing of rape kit backlog leads to charges https://t.co/G4IZmn9eDX
307,1090785801259151363,14385076,48,79282,202,850,72650,2008-04-14 13:40:17,0,5,2019-01-31 01:36:15,Senate to consider background-checks bill https://t.co/YxpSMbwzqF https://t.co/cN8Ft3vqUF
308,1090775145172684800,14385076,48,79282,202,850,72650,2008-04-14 13:40:17,0,0,2019-01-31 00:53:54,APD issues Brittany Alert for missing woman https://t.co/X8A10dGxaS https://t.co/qq3uCxlDLY
309,1090770430602952709,14385076,48,79282,202,850,72650,2008-04-14 13:40:17,0,6,2019-01-31 00:35:10,Lobo athletes post 3.29 GPA in fall semester https://t.co/GEObucCrog
310,1090764959976443904,14385076,48,79282,202,850,72650,2008-04-14 13:40:17,0,3,2019-01-31 00:13:26,ABQ woman who threatened postal workers gets 2 years in prison https://t.co/Kjhcr1m3eQ
311,1090759275595685889,14385076,48,79282,202,850,72650,2008-04-14 13:40:17,0,0,2019-01-30 23:50:51,College basketball goes in Midwest despite deep freeze https://t.co/pDyK1BfTca https://t.co/omvYpSgnjb
312,1090738894251925515,14385076,48,79282,202,850,72650,2008-04-14 13:40:17,0,0,2019-01-30 22:29:51,Peace with the Taliban? Trump warned of Afghan pullout risks https://t.co/eCRFb8H8Dt https://t.co/R5cYwVf5Hk
313,1090733101762916354,14385076,48,79282,202,850,72650,2008-04-14 13:40:17,0,0,2019-01-30 22:06:50,Saints' Payton: Nothing can undo what happened https://t.co/1uhZ6ozIlp https://t.co/GJIwc3RZjI
314,1090723807466344448,14385076,48,79282,202,850,72650,2008-04-14 13:40:17,0,1,2019-01-30 21:29:55,Alcalde woman pleas to manslaughter in man's shooting death https://t.co/GtZTqCV6lt
315,1090718960599908353,14385076,48,79282,202,850,72650,2008-04-14 13:40:17,0,0,2019-01-30 21:10:39,Vegetable oil vandals delay classes at Eunice High School https://t.co/epZwUjExTa
316,1090711861719457792,14385076,48,79282,202,850,72650,2008-04-14 13:40:17,0,2,2019-01-30 20:42:26,Valley runs all over Hive; Hope up next https://t.co/dezfjW8ga5 https://t.co/MMC3HSFSIr
317,1090701406338772994,14385076,48,79282,202,850,72650,2008-04-14 13:40:17,0,0,2019-01-30 20:00:54,Al-Qaida's advance in northern Syria threatens fragile truce https://t.co/RfY7Y60jZ0 https://t.co/IEoYw1dSoM
318,1090696800179232771,14385076,48,79282,202,850,72650,2008-04-14 13:40:17,0,2,2019-01-30 19:42:35,Trump says 'wall' must be part of lawmakers' border deal https://t.co/JUMlbn7KY1 https://t.co/h6O3NHXuFl
319,1090686770302332930,14385076,48,79282,202,850,72650,2008-04-14 13:40:17,2,4,2019-01-30 19:02:44,Lost dog brings out the best in a whole lot of people https://t.co/DNGEMxB2v9 https://t.co/V4lmz7ls0u
320,1090682123588194304,14385076,48,79282,202,850,72650,2008-04-14 13:40:17,1,4,2019-01-30 18:44:16,Remains of missing ABQ man found near Pojoaque https://t.co/Ae7E26eDTs
321,1090681760428576768,14385076,48,79282,202,850,72650,2008-04-14 13:40:17,0,2,2019-01-30 18:42:50,Drug possession would be misdemeanor under bill https://t.co/oS3y4qOiT5 https://t.co/il1ejbXvwD
322,1090673447624151047,14385076,48,79282,202,850,72650,2008-04-14 13:40:17,0,4,2019-01-30 18:09:48,Bill would ban local 'right-to-work' laws https://t.co/eT7MJQ6RHW https://t.co/gEDFuI0q2H
323,1090668926067970048,14385076,48,79282,202,850,72650,2008-04-14 13:40:17,2,0,2019-01-30 17:51:50,"Campus debt, upkeep costs Santa Fe some $4M per year https://t.co/44OCUcYGsg https://t.co/NLOQKrphv2"
324,1090660676807335936,14385076,48,79282,202,850,72650,2008-04-14 13:40:17,1,5,2019-01-30 17:19:03,O'Keeffe Museum buys rare NY cityscape https://t.co/Hw2is3QgvB https://t.co/m0NUfCtRhj
325,1090656178923819014,14385076,48,79282,202,850,72650,2008-04-14 13:40:17,0,1,2019-01-30 17:01:11,Open primaries legislation moves forward https://t.co/sNYEv5Idhj https://t.co/ynxe2IWoIG
326,1090454284842553344,14385076,48,79282,202,850,72650,2008-04-14 13:40:17,0,2,2019-01-30 03:38:55,Jones granted license to fight in Nevada https://t.co/VOIrbT3mQI https://t.co/mHjKAd19S1
327,1090446800761339904,14385076,48,79282,202,850,72650,2008-04-14 13:40:17,4,2,2019-01-30 03:09:11,Santa Fe High wrestler suspended for season after throwing punch (w/video) https://t.co/5nsxJxDIrN https://t.co/B4qRRMK4sT
328,1090442300948447232,14385076,48,79282,202,850,72650,2008-04-14 13:40:17,0,0,2019-01-30 02:51:18,ACLU contests detention of Silver City woman https://t.co/V9M1rumRSC
329,1090436016412991492,14385076,48,79282,202,850,72650,2008-04-14 13:40:17,1,2,2019-01-30 02:26:20,"Sports Speak Up! Readers unhappy with Journal coverage, Lobo football recruiting https://t.co/wIvz3n2b1C"
330,1090431066350018565,14385076,48,79282,202,850,72650,2008-04-14 13:40:17,0,2,2019-01-30 02:06:40,College notes: Golfer Chanachai ties Aggie mark with fifth win https://t.co/o3lOtoDSG3
331,1090424878891745281,14385076,48,79282,202,850,72650,2008-04-14 13:40:17,0,2,2019-01-30 01:42:04,DA says timeliness of criminal cases lowers crime rates https://t.co/BWK4YgNzS4
332,1090411851849101313,14385076,48,79282,202,850,72650,2008-04-14 13:40:17,1,1,2019-01-30 00:50:19,Open primaries legislation moves forward https://t.co/S0oGPx2sEb https://t.co/aNt5W3HGYN
333,1090372274404900869,14385076,48,79282,202,850,72650,2008-04-14 13:40:17,0,2,2019-01-29 22:13:03,NHCC Art Museum to close for a month for renovations https://t.co/mwy4CTrggh https://t.co/8cmlccrq7v
334,1090364446621552641,14385076,48,79282,202,850,72650,2008-04-14 13:40:17,1,1,2019-01-29 21:41:56,FBI finds no specific motive in Vegas shooting https://t.co/Cqomviira3 https://t.co/qR64ZXrb1F
335,1090355211238076422,14385076,48,79282,202,850,72650,2008-04-14 13:40:17,0,3,2019-01-29 21:05:14,Man arrested in attempted carjacking at UNMH https://t.co/mkM8ApsyUK https://t.co/EqUsplwguS
336,1090344814183366656,14385076,48,79282,202,850,72650,2008-04-14 13:40:17,9,22,2019-01-29 20:23:55,Breaking: Governor signs executive order on climate change https://t.co/jtEYI3H0f2 https://t.co/ewWsFlPG0Y
337,1090340057297420288,14385076,48,79282,202,850,72650,2008-04-14 13:40:17,0,0,2019-01-29 20:05:01,Sect member gets suspended prison term in child abuse case https://t.co/mgEaT5eDCk
338,1090332469805674496,14385076,48,79282,202,850,72650,2008-04-14 13:40:17,1,8,2019-01-29 19:34:52,Panel approves ending A-F grades for schools https://t.co/voxKGvAXNb https://t.co/qYqPQyfBEd
339,1090324185824538629,14385076,48,79282,202,850,72650,2008-04-14 13:40:17,0,1,2019-01-29 19:01:57,Child's heart defect leaves parents on an emotional roller coaster https://t.co/181CikOJzd https://t.co/spf5mwRi2k
340,1090315839851687936,14385076,48,79282,202,850,72650,2008-04-14 13:40:17,1,0,2019-01-29 18:28:47,State land boss ready to 'dance' with oil industry https://t.co/of55zk43rY https://t.co/BJgOXeH2hT
341,1090308105576112128,14385076,48,79282,202,850,72650,2008-04-14 13:40:17,1,8,2019-01-29 17:58:03,"Bust takes 15 lbs. of meth and 2,000 fentanyl pills off the streets https://t.co/uLF0eHP7Zm https://t.co/4iclmpVrAa"
342,1090301797934206977,14385076,48,79282,202,850,72650,2008-04-14 13:40:17,1,0,2019-01-29 17:33:00,"911 call: ‘He says they're already dead’/Tesuque man 'timed email' for after killing self, son… https://t.co/GfxNzaJkqc"
343,1090287264301809664,14385076,48,79282,202,850,72650,2008-04-14 13:40:17,0,0,2019-01-29 16:35:15,Trump friend Stone pleads not guilty in Russia probe case https://t.co/Im9O58IyjW https://t.co/nT81Xa2wpO
344,1090277334110871557,14385076,48,79282,202,850,72650,2008-04-14 13:40:17,1,1,2019-01-29 15:55:47,New Mexicans honored for making a difference https://t.co/RwVwiZJ5Nc https://t.co/nCWynaPPIQ
345,1090127758481653760,14385076,48,79282,202,850,72650,2008-04-14 13:40:17,2,2,2019-01-29 06:01:25,Success for Legacy Fighting Alliance signals a return to N.M. https://t.co/hUUBsM6SpM https://t.co/zv8gPHDNEs
346,1090125913994551296,14385076,48,79282,202,850,72650,2008-04-14 13:40:17,0,3,2019-01-29 05:54:06,"Holly Holm on divorce, ‘challenge of my life’ https://t.co/fQHqnFAUn9 https://t.co/UUTLIe9ZNq"
347,1090117721902206976,14385076,48,79282,202,850,72650,2008-04-14 13:40:17,0,1,2019-01-29 05:21:32,City of ABQ questioning impact of state tax reform bill https://t.co/MVHlDkJfkZ
348,1090094474750054407,14385076,48,79282,202,850,72650,2008-04-14 13:40:17,1,0,2019-01-29 03:49:10,Three local players make commitments for football https://t.co/aCP3TumFgn
349,1090087298409119744,14385076,48,79282,202,850,72650,2008-04-14 13:40:17,0,1,2019-01-29 03:20:39,Brown (Cibola) out for season at Florida State https://t.co/mKrNxaR9Cu
350,1090081611507478529,14385076,48,79282,202,850,72650,2008-04-14 13:40:17,0,1,2019-01-29 02:58:03,GOP lawmakers want Rio Rancho judge to resign https://t.co/jo4b2Qq5w3 https://t.co/dr5Lkcf1GW
351,1090075882495115267,14385076,48,79282,202,850,72650,2008-04-14 13:40:17,0,0,2019-01-29 02:35:17,Second person sentenced in MLK State Commission embezzlement case https://t.co/jkbYGkYri1
352,1090068442227585024,14385076,48,79282,202,850,72650,2008-04-14 13:40:17,0,0,2019-01-29 02:05:43,Stewart joins leadership of national education panel https://t.co/0EkPKnxcxM
353,1090062557812064261,14385076,48,79282,202,850,72650,2008-04-14 13:40:17,1,0,2019-01-29 01:42:20,"911 call: ‘He says they're already dead’/Tesuque man 'timed email' for after killing self, son… https://t.co/yigB1pHMCZ"
354,1090058053779628032,14385076,48,79282,202,850,72650,2008-04-14 13:40:17,0,2,2019-01-29 01:24:26,UNM's Everett named MWC player of week https://t.co/2ilDVGdfy8 https://t.co/Is2vexoR7h
355,1090053100889653251,14385076,48,79282,202,850,72650,2008-04-14 13:40:17,0,0,2019-01-29 01:04:46,BCSO identifies two killed in interstate crash https://t.co/5MDtG79cKZ
356,1090048156258263040,14385076,48,79282,202,850,72650,2008-04-14 13:40:17,5,12,2019-01-29 00:45:07,UNM soccer players head to Roundhouse https://t.co/gKgxGbgHXB https://t.co/8viKCLg4Ir
357,1090043220732583937,14385076,48,79282,202,850,72650,2008-04-14 13:40:17,0,0,2019-01-29 00:25:30,AP analysis: Shutdown 2.0? Trump has reasons to avoid repeat https://t.co/jW4xmJxQk0 https://t.co/I3VaWmkM1j
358,1090038184728244224,14385076,48,79282,202,850,72650,2008-04-14 13:40:17,3,4,2019-01-29 00:05:29,Campaign finance overhaul passes first test https://t.co/GfoSzsxyY2 https://t.co/cwJ4k2gFt3
359,1090033223156015105,14385076,48,79282,202,850,72650,2008-04-14 13:40:17,0,2,2019-01-28 23:45:46,"Vinatieri, 46, signs contract to play another season in Indy https://t.co/xYxSsSXrhY"
360,1090026298318061568,14385076,48,79282,202,850,72650,2008-04-14 13:40:17,0,0,2019-01-28 23:18:15,Falcons turn over practice site to Rams for Super Bowl week https://t.co/4Vm4jip115 https://t.co/ZDyUkfJUfg
361,1090020614931468288,14385076,48,79282,202,850,72650,2008-04-14 13:40:17,0,0,2019-01-28 22:55:40,Tennessee stays No. 1 for 2nd week in AP Top 25 poll https://t.co/9MjKE3CHlS https://t.co/QsmsadcrfF
362,1090012435900186624,14385076,48,79282,202,850,72650,2008-04-14 13:40:17,0,0,2019-01-28 22:23:10,"Royals sign versatile Merrifield to $16.25M, 4-year deal https://t.co/6jZceC2qTW https://t.co/INGmTAjYow"
363,1090001018472095747,14385076,48,79282,202,850,72650,2008-04-14 13:40:17,1,2,2019-01-28 21:37:48,"Carrie Bradshaw, 'The Dude' to star in Super Bowl commercial https://t.co/zTIeeg8LV9 https://t.co/AgrmDlqFDv"
364,1089990470019809282,14385076,48,79282,202,850,72650,2008-04-14 13:40:17,4,6,2019-01-28 20:55:53,Albuquerque Journal Capitol Bureau Chief @DanBoydNM and Political Reporter @mckaydan look ahead to week three of th… https://t.co/LaeHADWTgX
365,1089984868325429248,14385076,48,79282,202,850,72650,2008-04-14 13:40:17,0,1,2019-01-28 20:33:38,Founding president of World College dies https://t.co/iEIkvSToIg https://t.co/wDRqiE2X0s
366,1089981557539028999,14385076,48,79282,202,850,72650,2008-04-14 13:40:17,0,2,2019-01-28 20:20:28,6 states backed Colorado River plan; Arizona faces deadline https://t.co/ttgNxptYNi https://t.co/WlaSpK8vrt
367,1089977990161809408,14385076,48,79282,202,850,72650,2008-04-14 13:40:17,0,0,2019-01-28 20:06:18,Presidential standoff may worsen Venezuelans' misery https://t.co/zRDETMjBox https://t.co/sRBvzh8PsD
368,1089973106083618816,14385076,48,79282,202,850,72650,2008-04-14 13:40:17,0,0,2019-01-28 19:46:53,Former longtime NM lawmaker Henry 'Kiki' Saavedra dies https://t.co/wb7Vdxbw4c https://t.co/ITOXsaAf8c
369,1089972317671907329,14385076,48,79282,202,850,72650,2008-04-14 13:40:17,0,1,2019-01-28 19:43:45,"Tornado hits Havana; Cuban president says 3 dead, 172 hurt https://t.co/dmIADPCWog https://t.co/yONCZFtECG"
370,1089963049241493505,14385076,48,79282,202,850,72650,2008-04-14 13:40:17,1,1,2019-01-28 19:06:56,"5 years after 'snow jam,' storm takes aim at Super Bowl city https://t.co/6ljNbhWFKl https://t.co/vKMZs48XNr"
371,1089956054652342274,14385076,48,79282,202,850,72650,2008-04-14 13:40:17,2,4,2019-01-28 18:39:08,Oil boom could mean $300M to $400M for roads https://t.co/d6mCqOmN3B https://t.co/4v26BOlaY1
372,1089949810277433346,14385076,48,79282,202,850,72650,2008-04-14 13:40:17,1,4,2019-01-28 18:14:19,End of life bill gets another chance https://t.co/iK1mn9LHcg https://t.co/VHODgAAIRl
373,1089943434947813376,14385076,48,79282,202,850,72650,2008-04-14 13:40:17,0,5,2019-01-28 17:48:59,UNM: Auto thefts plummeted 41% in 2018 https://t.co/BTtKEQXu4b https://t.co/4VWm6gZtAh
374,1089938188695674880,14385076,48,79282,202,850,72650,2008-04-14 13:40:17,1,14,2019-01-28 17:28:08,Mescalero Apache School wins STEM contest https://t.co/zlgpUrfSnE https://t.co/3Aghy8oX44
375,1089932646430502912,14385076,48,79282,202,850,72650,2008-04-14 13:40:17,2,10,2019-01-28 17:06:07,One-on-One with Hunter Greene https://t.co/ByAUPvgvyd https://t.co/7TuFVYy0Lg
376,1089762910400925696,14385076,48,79282,202,850,72650,2008-04-14 13:40:17,0,0,2019-01-28 05:51:39,Trump casts doubt on seeing a budget deal that he'd accept https://t.co/CvRy0w9uXW https://t.co/VJ0V2hiaYo
377,1089754747429634048,14385076,48,79282,202,850,72650,2008-04-14 13:40:17,1,0,2019-01-28 05:19:13,Firefighters search mud after Brazil dam collapse; 58 dead https://t.co/ivjjwWQFYv https://t.co/85Y5m1AOul
378,1089754739737280517,14385076,48,79282,202,850,72650,2008-04-14 13:40:17,1,1,2019-01-28 05:19:11,Firefighters search mud after Brazil dam collapse; 58 dead https://t.co/NWEG8spajE https://t.co/eHaxHAiZ87
379,1089742468764090371,14385076,48,79282,202,850,72650,2008-04-14 13:40:17,4,3,2019-01-28 04:30:25,"Now, it's the Lobos' scoring that is in a funk https://t.co/nW6DihVHtr https://t.co/00PgCLMIBx"
380,1089737505451192320,14385076,48,79282,202,850,72650,2008-04-14 13:40:17,0,0,2019-01-28 04:10:42,Sports Speak Up! Readers sound off on infamous costly call in Lobos' loss https://t.co/XupEYt1CHu
381,1089706403118411779,14385076,48,79282,202,850,72650,2008-04-14 13:40:17,3,7,2019-01-28 02:07:06,Navajo student pushes for change at APS forum https://t.co/2WkDoG4iui https://t.co/gePqb7LuaL
382,1089699066471219202,14385076,48,79282,202,850,72650,2008-04-14 13:40:17,0,0,2019-01-28 01:37:57,"Nitrous, Parade of Roses win at Sunland Park https://t.co/6EtkofT2UV"
383,1089680662775431169,14385076,48,79282,202,850,72650,2008-04-14 13:40:17,1,3,2019-01-28 00:24:49,Louisiana murder suspect caught at grandma's Virginia home https://t.co/voaBSYm7XH https://t.co/GPouOKqx3O
