Index,ID,User_ID,Friends_Count,Followers_Count,Favourites_Count,Listed_Count,Status_Count,Created_at,Retweet_Count,Favourite_Count,Created_at,Text
1,1094746179106152448,6942422,855,52593,1448,828,83225,2007-06-19 21:13:46,0,0,2019-02-10 23:53:23,COLUMN: Cardinal Mooney's Childs on road to recovery https://t.co/j6RexDJk8E
2,1094726040000319488,6942422,855,52593,1448,828,83225,2007-06-19 21:13:46,1,11,2019-02-10 22:33:21,Sarasota considers ban on plastic straws https://t.co/2U4pi2dtZq
3,1094710989507956739,6942422,855,52593,1448,828,83225,2007-06-19 21:13:46,0,0,2019-02-10 21:33:33,Bomb squad destroys explosives found near Terra Ceia https://t.co/GTKsrV9JzN
4,1094634180170993665,6942422,855,52593,1448,828,83225,2007-06-19 21:13:46,0,0,2019-02-10 16:28:20,Opera Review: ‘Turandot’ provides grand opening for new Sarasota Opera season https://t.co/ZqEuEgNVWA
5,1094611511878799361,6942422,855,52593,1448,828,83225,2007-06-19 21:13:46,0,2,2019-02-10 14:58:15,Steve Spurrier returns to football https://t.co/uzHdTgO6cQ
6,1094607873634693120,6942422,855,52593,1448,828,83225,2007-06-19 21:13:46,1,0,2019-02-10 14:43:48,Robots help supermarket gather your groceries fast https://t.co/20epXEnYIM
7,1094601480722677760,6942422,855,52593,1448,828,83225,2007-06-19 21:13:46,2,2,2019-02-10 14:18:24,"Chimps use branch to make ladder, escape Belfast Zoo https://t.co/xxvwLbLw7J"
8,1094601477451063297,6942422,855,52593,1448,828,83225,2007-06-19 21:13:46,2,5,2019-02-10 14:18:23,Vonn wins bronze medal in the final race of her career https://t.co/A9E8ZEmFtr
9,1094558726919544832,6942422,855,52593,1448,828,83225,2007-06-19 21:13:46,0,0,2019-02-10 11:28:31,Tryon: Accept bayfront terms without undue delay https://t.co/ASXgNbgTdi
10,1094558721521446912,6942422,855,52593,1448,828,83225,2007-06-19 21:13:46,1,0,2019-02-10 11:28:29,"Sunday's letters: Wages, separated families, more https://t.co/ZsiyS1iR65"
11,1094554953568452613,6942422,855,52593,1448,828,83225,2007-06-19 21:13:46,0,0,2019-02-10 11:13:31,VIN'S PEOPLE: Manatee County scholastic dancers shine at nationals https://t.co/GHIWLudHCW
12,1094554951328632832,6942422,855,52593,1448,828,83225,2007-06-19 21:13:46,2,2,2019-02-10 11:13:30,Seidman: Time for a health care overhaul https://t.co/PBwq8H3cLC
13,1094554947851558917,6942422,855,52593,1448,828,83225,2007-06-19 21:13:46,2,1,2019-02-10 11:13:30,Political Insider: ‘Assault weapon’ ban could be on 2020 ballot https://t.co/PhTuaCt5M6
14,1094548959421480960,6942422,855,52593,1448,828,83225,2007-06-19 21:13:46,0,0,2019-02-10 10:49:42,"Top 5 Things To Do This Week in Sarasota-Bradenton-Venice, Feb. 11-16 https://t.co/V6TlNPOGhB"
15,1094544854963625984,6942422,855,52593,1448,828,83225,2007-06-19 21:13:46,0,1,2019-02-10 10:33:23,Varnadores: What is Palmetto High's fate? https://t.co/M4T34Dnq3Q
16,1094538505106214912,6942422,855,52593,1448,828,83225,2007-06-19 21:13:46,0,1,2019-02-10 10:08:09,Game-changing ‘Hamilton’ opens Tampa run https://t.co/NgVtuNeIyA
17,1094538501738110978,6942422,855,52593,1448,828,83225,2007-06-19 21:13:46,0,0,2019-02-10 10:08:09,‘Hamilton’ breaks through to new audiences https://t.co/5FUq1jhZHp
18,1094500332560924672,6942422,855,52593,1448,828,83225,2007-06-19 21:13:46,0,0,2019-02-10 07:36:28,‘Tigers’ inspire new sounds and movement at New College https://t.co/eemflGMHiW
19,1094500330308550658,6942422,855,52593,1448,828,83225,2007-06-19 21:13:46,0,0,2019-02-10 07:36:28,Why women need their own accounts https://t.co/ldCqI5lmcF
20,1094500327036993537,6942422,855,52593,1448,828,83225,2007-06-19 21:13:46,0,0,2019-02-10 07:36:27,‘Magic Flute’ provides a debut for conductor at Sarasota Opera  https://t.co/ufqVCrhFbB
21,1094418508191096832,6942422,855,52593,1448,828,83225,2007-06-19 21:13:46,4,6,2019-02-10 02:11:20,"At Bradenton Area River Regatta, business wins  https://t.co/H4qra8jnM2"
22,1094366995175362560,6942422,855,52593,1448,828,83225,2007-06-19 21:13:46,0,0,2019-02-09 22:46:38,THEATER REVIEW: ‘Sweat’ taps into a nation’s frustrations https://t.co/kONwK3E5Yc
23,1094332996822409221,6942422,855,52593,1448,828,83225,2007-06-19 21:13:46,3,2,2019-02-09 20:31:32,"Buchanan gets earful on immigration, guns during town hall https://t.co/XqG7r6CBpl"
24,1094272650984259586,6942422,855,52593,1448,828,83225,2007-06-19 21:13:46,0,0,2019-02-09 16:31:45,Theater Review: ‘Sweat’ taps into a nation’s frustrations at Asolo Rep https://t.co/CDzF3olehX
25,1094234954639257600,6942422,855,52593,1448,828,83225,2007-06-19 21:13:46,0,0,2019-02-09 14:01:57,Iconic Martha Graham Dance Company visits Sarasota https://t.co/NeEcDdHrRG
26,1094229831443771396,6942422,855,52593,1448,828,83225,2007-06-19 21:13:46,0,0,2019-02-09 13:41:36,Firm helped make Miami a plastic surgery stop; 8 women died https://t.co/v2RwdH5971
27,1094223651208085507,6942422,855,52593,1448,828,83225,2007-06-19 21:13:46,0,0,2019-02-09 13:17:02,Woman charged with hitting officer at Florida airport https://t.co/8XO8Us00Vw
28,1094223648301506561,6942422,855,52593,1448,828,83225,2007-06-19 21:13:46,1,0,2019-02-09 13:17:02,US refiner Citgo emerges as key to Venezuela's power battle https://t.co/5NzqYOmjWe
29,1094223646531428352,6942422,855,52593,1448,828,83225,2007-06-19 21:13:46,0,0,2019-02-09 13:17:01,Choral Artists mark 40 years ‘From the Heart’ https://t.co/z5GAxJJ5tM
30,1094223644451065856,6942422,855,52593,1448,828,83225,2007-06-19 21:13:46,1,1,2019-02-09 13:17:01,Former Fleetwood Mac guitarist's open heart surgery damages vocal cords https://t.co/AePe2yh87g
31,1094223641561219072,6942422,855,52593,1448,828,83225,2007-06-19 21:13:46,0,0,2019-02-09 13:17:00,"Snow storm wallops Seattle, people rescued in Sierra Nevada https://t.co/IPykAxcBET"
32,1094223639170433029,6942422,855,52593,1448,828,83225,2007-06-19 21:13:46,0,0,2019-02-09 13:16:59,"Saturday's letters: Stroke response, Mote Marine, more https://t.co/4FfNtRPvLk"
33,1094223635680759808,6942422,855,52593,1448,828,83225,2007-06-19 21:13:46,0,0,2019-02-09 13:16:59,"FLORIDA BUILDINGS I LOVE: No. 109: Sabal Palm Plaza, 2018, Sarasota https://t.co/Fdd8QsZc4o"
34,1094223633701109760,6942422,855,52593,1448,828,83225,2007-06-19 21:13:46,1,1,2019-02-09 13:16:58,"Sarasota schools, teachers' union gird for contentious contract negotiations https://t.co/rKKhmC4YF1"
35,1094223630555406336,6942422,855,52593,1448,828,83225,2007-06-19 21:13:46,0,0,2019-02-09 13:16:57,COMMENTARY: Good things come in pairs for Jackson https://t.co/vzZh2AugX4
36,1094223627682226182,6942422,855,52593,1448,828,83225,2007-06-19 21:13:46,1,1,2019-02-09 13:16:57,"A year later, Parkland shootings prompt memorials and more debate over safety https://t.co/Z9cwBhbQ2K"
37,1094223624561668098,6942422,855,52593,1448,828,83225,2007-06-19 21:13:46,0,0,2019-02-09 13:16:56,SHOW AND TELL: Connect to your business message — don’t just send it  https://t.co/lY1XhLMhal
38,1094223621294358529,6942422,855,52593,1448,828,83225,2007-06-19 21:13:46,0,1,2019-02-09 13:16:55,Late burst of buying on Wall Street leaves indexes mixed https://t.co/L27dOrGqGe
39,1094223618261823489,6942422,855,52593,1448,828,83225,2007-06-19 21:13:46,0,0,2019-02-09 13:16:54,University Park homeowners approve $24 million bond to buy country club https://t.co/YYMx7tV8a1
40,1094223615543914497,6942422,855,52593,1448,828,83225,2007-06-19 21:13:46,4,12,2019-02-09 13:16:54,Public grand opening event at Margaritaville  https://t.co/ig0TFI6f3t
41,1094223613673291777,6942422,855,52593,1448,828,83225,2007-06-19 21:13:46,0,0,2019-02-09 13:16:53,Large suit looms over Legacy Trail land grab https://t.co/eIA44LOFB8
42,1094223610607226881,6942422,855,52593,1448,828,83225,2007-06-19 21:13:46,0,1,2019-02-09 13:16:53,USDA: Forecast for orange crop remains steady https://t.co/ygEuWKeqgu
43,1094223607453151232,6942422,855,52593,1448,828,83225,2007-06-19 21:13:46,0,0,2019-02-09 13:16:52,Month of activities planned to celebrate Manatee County history  https://t.co/0gwXkLkm6M
44,1094223605423095809,6942422,855,52593,1448,828,83225,2007-06-19 21:13:46,6,11,2019-02-09 13:16:51,Sarasota Sen. Joe Gruters pushes to ban so-called sanctuary cities https://t.co/ZXRFd4b28U
45,1094223603078438913,6942422,855,52593,1448,828,83225,2007-06-19 21:13:46,0,0,2019-02-09 13:16:51,Mall at UTC losing its Charlotte Russe store https://t.co/GWmFwK70m6
46,1094223599538528257,6942422,855,52593,1448,828,83225,2007-06-19 21:13:46,1,0,2019-02-09 13:16:50,Author: Public must better appreciate Gulf's importance   https://t.co/AyqKijdzfE
47,1093915678271307782,6942422,855,52593,1448,828,83225,2007-06-19 21:13:46,1,3,2019-02-08 16:53:16,"No red tide bloom offshore from Sarasota-Manatee, FWC says https://t.co/BEtRg7zLDL"
48,1093915675368804353,6942422,855,52593,1448,828,83225,2007-06-19 21:13:46,0,0,2019-02-08 16:53:15,Florida's concealed carry could stay put https://t.co/3oOHxAertF
49,1093910585706758144,6942422,855,52593,1448,828,83225,2007-06-19 21:13:46,0,1,2019-02-08 16:33:02,"Sarasota St. Armands garage opens next week, along with paid parking https://t.co/mIlQnVd3aD"
50,1093910582317772801,6942422,855,52593,1448,828,83225,2007-06-19 21:13:46,0,1,2019-02-08 16:33:01,Floridda's concealed carry could stay put https://t.co/jBJGhppMof
51,1093910580216426497,6942422,855,52593,1448,828,83225,2007-06-19 21:13:46,0,3,2019-02-08 16:33:00,Metro Diner announces Bradenton opening  https://t.co/mRol3QfATk
52,1093904382192701440,6942422,855,52593,1448,828,83225,2007-06-19 21:13:46,0,1,2019-02-08 16:08:23,Manatee pedestrian killed in Thursday crash https://t.co/DlAH9aaMTM
53,1093895515316600832,6942422,855,52593,1448,828,83225,2007-06-19 21:13:46,2,3,2019-02-08 15:33:09,Teenager arrested in attack on Sarasota police officer https://t.co/JRSF1f1lHV
54,1093881313755578369,6942422,855,52593,1448,828,83225,2007-06-19 21:13:46,0,1,2019-02-08 14:36:43,FHP: Two die in Charlotte County crash https://t.co/cH508x6rWo
55,1093872503313915904,6942422,855,52593,1448,828,83225,2007-06-19 21:13:46,0,1,2019-02-08 14:01:42,"Sheriff: Woman, 18, missing after jumping out of moving car https://t.co/Z88DI6t9G7"
56,1093841065042432000,6942422,855,52593,1448,828,83225,2007-06-19 21:13:46,0,0,2019-02-08 11:56:47,Editorial: State should reward teacher certification https://t.co/4Yx3hojvqy
57,1093830968429957120,6942422,855,52593,1448,828,83225,2007-06-19 21:13:46,0,0,2019-02-08 11:16:39,"Friday's letters: State of the Union, abortion, more https://t.co/cQk5vQ7nGR"
58,1093822230017048576,6942422,855,52593,1448,828,83225,2007-06-19 21:13:46,2,0,2019-02-08 10:41:56,"Top 10 Things To Do This Weekend in Sarasota-Bradenton-Venice, Feb. 8-10 https://t.co/abAWIAJwxz"
59,1093822227127193600,6942422,855,52593,1448,828,83225,2007-06-19 21:13:46,0,1,2019-02-08 10:41:55,"Silverberg: ALICE is living in Florida, and that's not good https://t.co/SCYQwfiK4g"
60,1093775497614495744,6942422,855,52593,1448,828,83225,2007-06-19 21:13:46,0,0,2019-02-08 07:36:14,Prostate cancer does not mean an end to potential fatherhood https://t.co/slYezvNuW4
61,1093761653148188672,6942422,855,52593,1448,828,83225,2007-06-19 21:13:46,0,1,2019-02-08 06:41:13,Selby Gardens searches for ‘Paradise’ in exhibit of Paul Gauguin woodblock prints https://t.co/4FywLXPIrs
62,1093745413310595073,6942422,855,52593,1448,828,83225,2007-06-19 21:13:46,1,0,2019-02-08 05:36:41,Animal advocates hope new law has the teeth to deter abusers https://t.co/p95gA1Anmr
63,1093696261847465986,6942422,855,52593,1448,828,83225,2007-06-19 21:13:46,0,0,2019-02-08 02:21:23,Former Sarasota schools police chief files complaint against district https://t.co/oBmqloS4vR
64,1093691232419753985,6942422,855,52593,1448,828,83225,2007-06-19 21:13:46,0,1,2019-02-08 02:01:24,New cannabis chief sees potential in hemp https://t.co/nJjXau3ZGX
65,1093671123009581059,6942422,855,52593,1448,828,83225,2007-06-19 21:13:46,0,2,2019-02-08 00:41:29,Commission revises plans for Lakewood Ranch project  https://t.co/amdS6TUlHY
66,1093671119725441024,6942422,855,52593,1448,828,83225,2007-06-19 21:13:46,0,0,2019-02-08 00:41:29,Guests kick up their heels for Boys &amp; Girls Clubs https://t.co/QqXe3PN4EZ
67,1093654683577659392,6942422,855,52593,1448,828,83225,2007-06-19 21:13:46,2,3,2019-02-07 23:36:10,Adopt me! https://t.co/IwMShQ9QiG
68,1093639608724848645,6942422,855,52593,1448,828,83225,2007-06-19 21:13:46,0,0,2019-02-07 22:36:16,R.I. strippers charged with stealing gun from Boston police officer https://t.co/jc93Dk3U4N
69,1093639605289738242,6942422,855,52593,1448,828,83225,2007-06-19 21:13:46,1,0,2019-02-07 22:36:15,"US stock indexes drop as economic, earnings worries rise https://t.co/J9PqonmQVj"
70,1093627295540092928,6942422,855,52593,1448,828,83225,2007-06-19 21:13:46,0,0,2019-02-07 21:47:20,"19-year-old caught on Snapchat setting man’s pants on fire, Texas police say https://t.co/w2LGw8MkGv"
71,1093612095915126785,6942422,855,52593,1448,828,83225,2007-06-19 21:13:46,0,0,2019-02-07 20:46:56,BareMinerals leaves Westfield Siesta Key https://t.co/QhbLCkQy1B
72,1093600693745790982,6942422,855,52593,1448,828,83225,2007-06-19 21:13:46,0,2,2019-02-07 20:01:38,Sarasota Police: Off-duty officer assaulted in Payne Park by group of teens https://t.co/f1Pjc0ORxv
73,1093586873581228032,6942422,855,52593,1448,828,83225,2007-06-19 21:13:46,0,0,2019-02-07 19:06:43,"Smaller stocks are winning again, but for how long? https://t.co/1K8qnxc1co"
74,1093586870343270400,6942422,855,52593,1448,828,83225,2007-06-19 21:13:46,0,0,2019-02-07 19:06:42,Some restaurants sit out the third-party food delivery boom https://t.co/Rj8yzXkzHq
75,1093581976668385281,6942422,855,52593,1448,828,83225,2007-06-19 21:13:46,0,1,2019-02-07 18:47:15,Waterside Place announces first four tenants https://t.co/HEvXUG0bTe
76,1093581974235697157,6942422,855,52593,1448,828,83225,2007-06-19 21:13:46,1,3,2019-02-07 18:47:15,DeSantis wants to stop tying teacher bonuses to ACT/SAT scores https://t.co/40jTcnCzQQ
77,1093581970939043841,6942422,855,52593,1448,828,83225,2007-06-19 21:13:46,2,2,2019-02-07 18:47:14,Stiffer penalties could be in store for animal abusers https://t.co/ssyVqXZr2s
78,1093581968149757954,6942422,855,52593,1448,828,83225,2007-06-19 21:13:46,0,0,2019-02-07 18:47:13,RUDD: An introduction to moving averages https://t.co/dzaiOioVc6
79,1093581966354595840,6942422,855,52593,1448,828,83225,2007-06-19 21:13:46,0,0,2019-02-07 18:47:13,Arts leaders take new approach to state funding https://t.co/BPQcSDdq6g
80,1093560608010588160,6942422,855,52593,1448,828,83225,2007-06-19 21:13:46,0,0,2019-02-07 17:22:20,Bradenton Blues Festival announces 2019 lineup  https://t.co/hAJEcVnVka
81,1093547974519599105,6942422,855,52593,1448,828,83225,2007-06-19 21:13:46,0,0,2019-02-07 16:32:08,Wastewater leaks into Lakewood Ranch neighborhoods https://t.co/FEgnncZyj4
82,1093547972141424642,6942422,855,52593,1448,828,83225,2007-06-19 21:13:46,0,0,2019-02-07 16:32:08,Holbrook: USF consolidation to enhance student opportunity https://t.co/GfPn9CLB8v
83,1093543017997320192,6942422,855,52593,1448,828,83225,2007-06-19 21:13:46,0,2,2019-02-07 16:12:27,86-year-old Florida man owns a hospital for shoes and you need to know him https://t.co/JAe9MGRrHQ
84,1093543014922887168,6942422,855,52593,1448,828,83225,2007-06-19 21:13:46,0,0,2019-02-07 16:12:26,5 fired in Walton County Sheriff's Office sex scandal https://t.co/3ZQskpJZCu
85,1093543011546513408,6942422,855,52593,1448,828,83225,2007-06-19 21:13:46,0,0,2019-02-07 16:12:25,Judge denies request to halt University Park Country Club purchase vote https://t.co/CQFUnOJstq
86,1093536594068471814,6942422,855,52593,1448,828,83225,2007-06-19 21:13:46,0,0,2019-02-07 15:46:55,Judge denies request to halt $24M bond referendum on golf course purchase https://t.co/ZL6TXh7hQd
87,1093515098998620161,6942422,855,52593,1448,828,83225,2007-06-19 21:13:46,2,0,2019-02-07 14:21:30,"BB&amp;T to buy SunTrust, creating sixth-largest U.S. bank https://t.co/XCjRyPB3ue"
88,1093472368448688134,6942422,855,52593,1448,828,83225,2007-06-19 21:13:46,0,0,2019-02-07 11:31:43,Tryon: Social media began at Grin &amp; Beer It https://t.co/OOBrn6cnt6
89,1093467227091816448,6942422,855,52593,1448,828,83225,2007-06-19 21:13:46,0,1,2019-02-07 11:11:17,Seidman: SOTU response from AOC (an ordinary citizen) https://t.co/p71lkmsAOW
90,1093462298943983617,6942422,855,52593,1448,828,83225,2007-06-19 21:13:46,0,0,2019-02-07 10:51:42,"Thursday's letters: School shootings, student testing, more https://t.co/4f7kg2MEyf"
91,1093462295789924353,6942422,855,52593,1448,828,83225,2007-06-19 21:13:46,0,0,2019-02-07 10:51:41,"Restaurant News in Sarasota-Bradenton-Venice, Feb. 7-13 https://t.co/quverxWErl"
92,1093462292493156352,6942422,855,52593,1448,828,83225,2007-06-19 21:13:46,1,1,2019-02-07 10:51:40,12 great romantic restaurants in Sarasota-Bradenton-Venice https://t.co/AZYMvBADMl
93,1093454670553591808,6942422,855,52593,1448,828,83225,2007-06-19 21:13:46,0,1,2019-02-07 10:21:23,NEW: Annual climate reports released: 'There is a very serious concern'   https://t.co/6oGU8NvvGt
94,1093454667621826560,6942422,855,52593,1448,828,83225,2007-06-19 21:13:46,0,0,2019-02-07 10:21:22,"Carol Burnett on Golden Globe award, 'The Carol Burnett Show' before Sarasota visit https://t.co/Cp3BvVrZD4"
95,1093454663897309184,6942422,855,52593,1448,828,83225,2007-06-19 21:13:46,0,0,2019-02-07 10:21:21,From a secret history to a tourist attraction https://t.co/DNMftHASrY
96,1093448357081686016,6942422,855,52593,1448,828,83225,2007-06-19 21:13:46,0,0,2019-02-07 09:56:18,"Live music picks for Sarasota-Bradenton, Feb. 7-14 https://t.co/vNR8Mx4uux"
97,1093409835419385856,6942422,855,52593,1448,828,83225,2007-06-19 21:13:46,0,0,2019-02-07 07:23:13,Local homeowners build equity in 2018 https://t.co/sjCnHz4nEh
98,1093409832810528769,6942422,855,52593,1448,828,83225,2007-06-19 21:13:46,0,0,2019-02-07 07:23:13,"Top movie picks for Sarasota-Bradenton, Feb. 8-14 https://t.co/rg1DsrD1Ku"
99,1093409831065665536,6942422,855,52593,1448,828,83225,2007-06-19 21:13:46,0,0,2019-02-07 07:23:12,Condoms do protect against HIV transmission https://t.co/SHzf5941lf
100,1093349471520477186,6942422,855,52593,1448,828,83225,2007-06-19 21:13:46,0,1,2019-02-07 03:23:22,Lawsuit against Sarasota city manager settled https://t.co/698VO3UJEE
101,1093331785876996098,6942422,855,52593,1448,828,83225,2007-06-19 21:13:46,0,0,2019-02-07 02:13:05,'Black Panther' star Winston Duke visits Sarasota's Ringling College https://t.co/8ma1BAY1IM
102,1093309168096854019,6942422,855,52593,1448,828,83225,2007-06-19 21:13:46,0,0,2019-02-07 00:43:13,Venice Yacht Club Charitable Foundation kicks off 2019 grant year https://t.co/PYC8g43kTu
103,1093301716311785472,6942422,855,52593,1448,828,83225,2007-06-19 21:13:46,0,0,2019-02-07 00:13:36,This high school senior wants to make change through writing https://t.co/gPKjMW2xHW
104,1093290330563186688,6942422,855,52593,1448,828,83225,2007-06-19 21:13:46,0,0,2019-02-06 23:28:21,Video game companies trigger modest slide in US stocks https://t.co/Jpg6wlWech
105,1093290328583491584,6942422,855,52593,1448,828,83225,2007-06-19 21:13:46,0,0,2019-02-06 23:28:21,Telemedicine's challenge: Getting patients to click the app https://t.co/xsXusnnJ9M
106,1093290326431883264,6942422,855,52593,1448,828,83225,2007-06-19 21:13:46,0,0,2019-02-06 23:28:20,"Some federal workers still unpaid after shutdown, dread what's next https://t.co/JhrobJMg6o"
107,1093284124247371776,6942422,855,52593,1448,828,83225,2007-06-19 21:13:46,3,0,2019-02-06 23:03:42,Ringling College buys Trail Plaza property for $4.95 million https://t.co/iGwcefNI1R
108,1093245293875863558,6942422,855,52593,1448,828,83225,2007-06-19 21:13:46,1,0,2019-02-06 20:29:24,https://t.co/xhwxGDBXSK
109,1093242525723357184,6942422,855,52593,1448,828,83225,2007-06-19 21:13:46,0,1,2019-02-06 20:18:24,‘Ragtime’ creators to premiere new musical at Asolo Rep in Sarasota https://t.co/j0NVI6RrGm
110,1093242520581165058,6942422,855,52593,1448,828,83225,2007-06-19 21:13:46,2,5,2019-02-06 20:18:23,Campaign for Grade Level Reading welcomes DeSoto County  https://t.co/pA63DR3cvB
111,1093227465626054657,6942422,855,52593,1448,828,83225,2007-06-19 21:13:46,0,0,2019-02-06 19:18:33,Tensions build in Miami episode of MTV's 'Siesta Key' https://t.co/LzZRwQ0s1O
112,1093212617928331265,6942422,855,52593,1448,828,83225,2007-06-19 21:13:46,0,1,2019-02-06 18:19:33,Strip club employees help Florida dog rescued after Hurricane Michael https://t.co/PJ4tyB9ZRu
113,1093197426985439235,6942422,855,52593,1448,828,83225,2007-06-19 21:13:46,1,1,2019-02-06 17:19:11,"Patti LaBelle on staying adventurous, Aretha Franklin friendship before Sarasota show https://t.co/4BxtZ5V5BH"
114,1093192376682770434,6942422,855,52593,1448,828,83225,2007-06-19 21:13:46,1,0,2019-02-06 16:59:07,Sarasota-based apartment company closes deals worth $115 million https://t.co/9pDKv9quVL
115,1093187262614044679,6942422,855,52593,1448,828,83225,2007-06-19 21:13:46,0,0,2019-02-06 16:38:48,Bar Tab: Sage another welcome addition to downtown Sarasota's rooftop bar scene https://t.co/p0kgncUNQR
116,1093177110439649280,6942422,855,52593,1448,828,83225,2007-06-19 21:13:46,0,1,2019-02-06 15:58:28,"Bradenton Area River Regatta bigger, better in 5th year https://t.co/YSktkXYVY6"
117,1093177107457417216,6942422,855,52593,1448,828,83225,2007-06-19 21:13:46,0,0,2019-02-06 15:58:27,Barancik and Legal Aid of Manasota start groundbreaking foster care program https://t.co/wmethATqGk
118,1093172134430543874,6942422,855,52593,1448,828,83225,2007-06-19 21:13:46,0,1,2019-02-06 15:38:41,Sarasota's Summer Learning Academies yield gains  https://t.co/j5Qud1h66k
119,1093167180894662658,6942422,855,52593,1448,828,83225,2007-06-19 21:13:46,4,2,2019-02-06 15:19:00,Manatee Sheriff: Tiny house stolen from yard https://t.co/5pPnjMtG5G
120,1093136800510554112,6942422,855,52593,1448,828,83225,2007-06-19 21:13:46,0,0,2019-02-06 13:18:17,Manatee Sheriff: Armed robbery of two boys in Pride Park https://t.co/ecKrZtg7Yq
121,1093110344338288640,6942422,855,52593,1448,828,83225,2007-06-19 21:13:46,0,0,2019-02-06 11:33:09,"Wednesday's letters: Abortion, medical marijuana, more https://t.co/6bE8iXc4xG"
122,1093101544009015297,6942422,855,52593,1448,828,83225,2007-06-19 21:13:46,0,1,2019-02-06 10:58:11,Leonhardt: Tax laws soak the middle class https://t.co/lxQZaHHvqf
123,1093091571640270850,6942422,855,52593,1448,828,83225,2007-06-19 21:13:46,0,1,2019-02-06 10:18:33,A look at those left behind by the economy https://t.co/oRuGxy4EuJ
124,1093087745398972416,6942422,855,52593,1448,828,83225,2007-06-19 21:13:46,0,1,2019-02-06 10:03:21,SLICE OF SARASOTA: Art (and whimsy) appreciation on the North Trail https://t.co/LWIa8n6nHW
125,1093047532702363648,6942422,855,52593,1448,828,83225,2007-06-19 21:13:46,0,0,2019-02-06 07:23:34,SINGLETARY: Were you kicked out of the 401(k) millionaire's club? https://t.co/CHSX60LO6q
126,1093047529636356096,6942422,855,52593,1448,828,83225,2007-06-19 21:13:46,1,1,2019-02-06 07:23:33,Could secondhand marijuana trigger a drug-test fail? https://t.co/2KzIUOxRzO
127,1093022326294278144,6942422,855,52593,1448,828,83225,2007-06-19 21:13:46,0,0,2019-02-06 05:43:24,Miller: Slash pines have roots in Sarasota’s natural history https://t.co/nHNjCk8QLt
128,1092995876472135681,6942422,855,52593,1448,828,83225,2007-06-19 21:13:46,0,0,2019-02-06 03:58:18,Now Playing: Arts listings for Feb. 7-13 https://t.co/8fj8QjRYKG
129,1092987050305966082,6942422,855,52593,1448,828,83225,2007-06-19 21:13:46,0,0,2019-02-06 03:23:14,Sarasota School Board weighs audit results  https://t.co/gxOdrXOZqU
130,1092969534116503552,6942422,855,52593,1448,828,83225,2007-06-19 21:13:46,0,0,2019-02-06 02:13:37,"Proposal for 1,300-home Venice development short on details https://t.co/EtAM2lJdVT"
131,1092956921294802945,6942422,855,52593,1448,828,83225,2007-06-19 21:13:46,0,0,2019-02-06 01:23:30,"Tragedy, romance and comedy in Sarasota Opera’s 2019-20 season https://t.co/c5Z18RtPrb"
132,1092938065113313280,6942422,855,52593,1448,828,83225,2007-06-19 21:13:46,1,0,2019-02-06 00:08:35,Revamped Supreme Court rejects minimum-wage case https://t.co/jE7vF0ZoWV
133,1092925544541421568,6942422,855,52593,1448,828,83225,2007-06-19 21:13:46,1,2,2019-02-05 23:18:50,Skyline Chili debuts in Lakewood Ranch https://t.co/BWF7yoUb4d
134,1092921809010335745,6942422,855,52593,1448,828,83225,2007-06-19 21:13:46,0,2,2019-02-05 23:03:59,Palm trees return to Venice Avenue median https://t.co/NXk8f2yoYy
135,1092900365400530944,6942422,855,52593,1448,828,83225,2007-06-19 21:13:46,1,1,2019-02-05 21:38:46,Manatee County updating land development rules  https://t.co/EYUnnbjsHS
136,1092900361520713728,6942422,855,52593,1448,828,83225,2007-06-19 21:13:46,0,0,2019-02-05 21:38:45,New public art tours highlight sculptures https://t.co/6UWueJVis5
137,1092900358861537283,6942422,855,52593,1448,828,83225,2007-06-19 21:13:46,2,0,2019-02-05 21:38:45,Roper completes $225 million sale https://t.co/99t9I6oApL
138,1092900356399472640,6942422,855,52593,1448,828,83225,2007-06-19 21:13:46,0,0,2019-02-05 21:38:44,Bicyclist killed in Venice crash https://t.co/EhZt618gnS
139,1092900351290806272,6942422,855,52593,1448,828,83225,2007-06-19 21:13:46,0,0,2019-02-05 21:38:43,Registration open for Take Stock 5K Space Race https://t.co/j2wxj0W0jx
140,1092895445104447488,6942422,855,52593,1448,828,83225,2007-06-19 21:13:46,0,0,2019-02-05 21:19:13,Developer earns 2018 LEED Visionary Award https://t.co/ABlvc7aNuW
141,1092883971413815296,6942422,855,52593,1448,828,83225,2007-06-19 21:13:46,0,1,2019-02-05 20:33:38,Year of the pig? Mob of wild hogs marches across Lakewood Ranch road https://t.co/lNWsxH5Z2q
142,1092870092336099328,6942422,855,52593,1448,828,83225,2007-06-19 21:13:46,0,1,2019-02-05 19:38:29,New character at Universal Studios farts his way to your heart https://t.co/1WbuJb9naZ
143,1092870089731379212,6942422,855,52593,1448,828,83225,2007-06-19 21:13:46,0,4,2019-02-05 19:38:28,Skyline Chili in Lakewood Ranch is now open https://t.co/DcXBgqzFp8
144,1092870085285498880,6942422,855,52593,1448,828,83225,2007-06-19 21:13:46,0,1,2019-02-05 19:38:27,Home price increases forecast to slow in 2019 https://t.co/O62VmicP0q
145,1092860027898089472,6942422,855,52593,1448,828,83225,2007-06-19 21:13:46,0,4,2019-02-05 18:58:29,New College of Florida named a 'Best Value College' by Princeton Review https://t.co/sSJXssZHsj
146,1092828695511949315,6942422,855,52593,1448,828,83225,2007-06-19 21:13:46,0,0,2019-02-05 16:53:59,$9.85 million home sale tops in Sarasota since 2014 https://t.co/UxwxMABE4p
147,1092814683315335168,6942422,855,52593,1448,828,83225,2007-06-19 21:13:46,0,4,2019-02-05 15:58:18,Year of the pig? Mob of wild hogs march across Lakewood Ranch road https://t.co/wuMSab551r
148,1092814681050357760,6942422,855,52593,1448,828,83225,2007-06-19 21:13:46,0,0,2019-02-05 15:58:18,Girl reports attempted kidnapping in North Port https://t.co/UkRN6pS5kI
149,1092809612892532737,6942422,855,52593,1448,828,83225,2007-06-19 21:13:46,0,1,2019-02-05 15:38:09,Venice man convicted of molesting girl https://t.co/Hokfq7DaeO
150,1092794654070882304,6942422,855,52593,1448,828,83225,2007-06-19 21:13:46,1,1,2019-02-05 14:38:43,Teacher: Finding common threads through education https://t.co/sVo9F1XaCH
151,1092789558645846017,6942422,855,52593,1448,828,83225,2007-06-19 21:13:46,4,2,2019-02-05 14:18:28,Video: Mob of wild pigs march across Lakewood Ranch road https://t.co/5edlyDeWO6
152,1092784505063161857,6942422,855,52593,1448,828,83225,2007-06-19 21:13:46,0,0,2019-02-05 13:58:23,Sarasota City Commission delays key vote on The Bay project https://t.co/NIxHVW05st
153,1092779496015650817,6942422,855,52593,1448,828,83225,2007-06-19 21:13:46,0,1,2019-02-05 13:38:29,Why is Panama City advertising for spring tourism after Hurricane Michael? https://t.co/tZ9uuTG4B2
154,1092774415711039488,6942422,855,52593,1448,828,83225,2007-06-19 21:13:46,0,2,2019-02-05 13:18:18,Pop star Kesha to play Sarasota gala  https://t.co/BOY4D7PCIv
155,1092754227405963264,6942422,855,52593,1448,828,83225,2007-06-19 21:13:46,0,0,2019-02-05 11:58:04,Editorial: Review all factors of good education https://t.co/NukrYedSLb
156,1092746784009539584,6942422,855,52593,1448,828,83225,2007-06-19 21:13:46,0,0,2019-02-05 11:28:30,"Seidman: Building a bond, before it's too late https://t.co/22XvmRGa52"
157,1092740538216992768,6942422,855,52593,1448,828,83225,2007-06-19 21:13:46,1,3,2019-02-05 11:03:41,Sarasota City Commisison delays key vote on The Bay project https://t.co/ohL5b0PXHB
158,1092740536178524165,6942422,855,52593,1448,828,83225,2007-06-19 21:13:46,0,0,2019-02-05 11:03:40,"Tuesday's letters: 'Socialism,' UCF machine gun, more https://t.co/luDbx6C758"
159,1092734252842651649,6942422,855,52593,1448,828,83225,2007-06-19 21:13:46,0,1,2019-02-05 10:38:42,Venice block party welcomes Braves to the neighborhood https://t.co/wl0HL9uxWb
160,1092730383874093058,6942422,855,52593,1448,828,83225,2007-06-19 21:13:46,0,0,2019-02-05 10:23:20,Parker: New abortion debate redefines banality of evil https://t.co/rvWMN0jEzq
161,1092730380543762433,6942422,855,52593,1448,828,83225,2007-06-19 21:13:46,0,0,2019-02-05 10:23:19,Goldberg: Fake news about abortion https://t.co/km9ZndwtwL
162,1092685059990212608,6942422,855,52593,1448,828,83225,2007-06-19 21:13:46,0,0,2019-02-05 07:23:14,WERLIN: Defending intellectual property is crucial but we want China's economy to be strong https://t.co/C2bhkjdoLr
163,1092685056970240002,6942422,855,52593,1448,828,83225,2007-06-19 21:13:46,0,0,2019-02-05 07:23:13,"Krieger: Southern comfort food, Italian style https://t.co/lPQDPJCCFZ"
164,1092685054420099073,6942422,855,52593,1448,828,83225,2007-06-19 21:13:46,0,0,2019-02-05 07:23:12,Preston: Making Valentine's Day dear to your heart https://t.co/6RLh4lNbxl
165,1092685052599783424,6942422,855,52593,1448,828,83225,2007-06-19 21:13:46,1,2,2019-02-05 07:23:12,Brody: The life-changing magic of portion control https://t.co/6m8lQOrLpo
166,1092685049869332480,6942422,855,52593,1448,828,83225,2007-06-19 21:13:46,0,1,2019-02-05 07:23:11,"For prostate issue, careful monitoring is a viable strategy https://t.co/G5fnF0GUg7"
167,1092627741957066752,6942422,855,52593,1448,828,83225,2007-06-19 21:13:46,0,0,2019-02-05 03:35:28,https://t.co/mywbxAu98d
168,1092587028519235584,6942422,855,52593,1448,828,83225,2007-06-19 21:13:46,0,1,2019-02-05 00:53:41,Marijuana change draws heat in Florida Senate https://t.co/xVLFvcoez2
169,1092583148322545664,6942422,855,52593,1448,828,83225,2007-06-19 21:13:46,0,0,2019-02-05 00:38:16,A game that fooled pretty much everyone https://t.co/bd0jEQjKb8
170,1092583145289994240,6942422,855,52593,1448,828,83225,2007-06-19 21:13:46,0,0,2019-02-05 00:38:15,City officials hope to avoid costly pipeline replacement following major sewage spill in December https://t.co/gG8Oc6Sbyu
171,1092566846124032000,6942422,855,52593,1448,828,83225,2007-06-19 21:13:46,1,0,2019-02-04 23:33:29,School choice enrollment now available for Sarasota County https://t.co/l0xi64ksob
172,1092556708403122177,6942422,855,52593,1448,828,83225,2007-06-19 21:13:46,0,0,2019-02-04 22:53:12,Jewish Food Festival set for Feb. 17 in Venice https://t.co/FSaIYhLmcT
173,1092556705328713729,6942422,855,52593,1448,828,83225,2007-06-19 21:13:46,0,0,2019-02-04 22:53:11,Pioneer Picnic reunites longtime Sarasota residents  https://t.co/i4BPXyGGdF
174,1092540406343090176,6942422,855,52593,1448,828,83225,2007-06-19 21:13:46,0,1,2019-02-04 21:48:25,Buchanan visits Manatee Humane Society https://t.co/pgSdCaGWst
175,1092540402748526593,6942422,855,52593,1448,828,83225,2007-06-19 21:13:46,0,0,2019-02-04 21:48:25,Ian Black Real Estate tapped for office leasing assignment https://t.co/ZGtKpSYWmy
176,1092512688616415233,6942422,855,52593,1448,828,83225,2007-06-19 21:13:46,0,0,2019-02-04 19:58:17,Charles &amp; Margery Barancik Foundation Board approves $6 million in grants https://t.co/wmxy99WFHA
177,1092512686255017985,6942422,855,52593,1448,828,83225,2007-06-19 21:13:46,0,0,2019-02-04 19:58:16,School Choice enrollment available for Sarasota County https://t.co/6egGdSzit8
178,1092512683432263682,6942422,855,52593,1448,828,83225,2007-06-19 21:13:46,0,1,2019-02-04 19:58:16,Cash purchases of Sarasota-Manatee homes up 1%  https://t.co/ZVw7auI0M0
179,1092512680890548225,6942422,855,52593,1448,828,83225,2007-06-19 21:13:46,0,1,2019-02-04 19:58:15,Karen Rose to run for Sarasota School Board again https://t.co/BuYThCWRgs
180,1092507609830182913,6942422,855,52593,1448,828,83225,2007-06-19 21:13:46,0,0,2019-02-04 19:38:06,"Sarasota-Manatee's food courts of the past, present and future https://t.co/sLDH4SpApS"
181,1092507606600609794,6942422,855,52593,1448,828,83225,2007-06-19 21:13:46,4,6,2019-02-04 19:38:05,Standing ovations for James Comey in Sarasota as he slams Trump's leadership https://t.co/5gaiFpiDHR
182,1092501395910152192,6942422,855,52593,1448,828,83225,2007-06-19 21:13:46,0,1,2019-02-04 19:13:25,Former Sarasota School Board candidate files for District 2 School Board seat https://t.co/my0lLUuz80
183,1092491385398284288,6942422,855,52593,1448,828,83225,2007-06-19 21:13:46,3,3,2019-02-04 18:33:38,James Comey speaks in Sarasota today https://t.co/avaRkQzwGu
184,1092491383515033600,6942422,855,52593,1448,828,83225,2007-06-19 21:13:46,0,0,2019-02-04 18:33:37,"Osher Lifelong Learning Institute at Ringling College announces spring, summer semesters https://t.co/D5kJlCvpPX"
185,1092470221359722496,6942422,855,52593,1448,828,83225,2007-06-19 21:13:46,0,0,2019-02-04 17:09:32,Bicyclist killed in Sarasota crash https://t.co/Jy6bGzQFme
186,1092470218323124224,6942422,855,52593,1448,828,83225,2007-06-19 21:13:46,0,0,2019-02-04 17:09:31,Florida beekeeper trucks hives to California for almond season https://t.co/jEuSWU6AKk
187,1092432162534641665,6942422,855,52593,1448,828,83225,2007-06-19 21:13:46,0,0,2019-02-04 14:38:18,Local gas prices rise on seasonal demand https://t.co/TKeVfE7J36
188,1092427214761746432,6942422,855,52593,1448,828,83225,2007-06-19 21:13:46,2,1,2019-02-04 14:18:38,"As Hurricane Michael falls out of the national news cycle, survivors feel forgotten  https://t.co/mcLxrcYkZ1"
189,1092422148424192000,6942422,855,52593,1448,828,83225,2007-06-19 21:13:46,0,0,2019-02-04 13:58:31,"Boy, 9, injured by fleeing car in Bradenton https://t.co/oCcsQSKCvQ"
190,1092417020799434757,6942422,855,52593,1448,828,83225,2007-06-19 21:13:46,5,1,2019-02-04 13:38:08,"Chris-Craft is ready for its new owner, RV maker Winnebago, to accelerate its growth https://t.co/2oSRENrtk7"
191,1092401997066719233,6942422,855,52593,1448,828,83225,2007-06-19 21:13:46,1,3,2019-02-04 12:38:26,James Comey speaking in Sarasota today https://t.co/EzC6BXCrRr
192,1092391864114790402,6942422,855,52593,1448,828,83225,2007-06-19 21:13:46,3,3,2019-02-04 11:58:10,Chateau 13 restaurant and wine bar set to open https://t.co/3nmm5dX8VI
193,1092385619479838720,6942422,855,52593,1448,828,83225,2007-06-19 21:13:46,0,0,2019-02-04 11:33:21,"Monday's letters: Venezuela, campaign funding, more https://t.co/9KdZckUcUk"
194,1092370491741036544,6942422,855,52593,1448,828,83225,2007-06-19 21:13:46,0,2,2019-02-04 10:33:15,"During a dire illness, a choice besides life or death https://t.co/uBtnTe4Hrd"
195,1092365506491879424,6942422,855,52593,1448,828,83225,2007-06-19 21:13:46,0,0,2019-02-04 10:13:26,Mote builds a better lobster trap https://t.co/IxdrVJ1wyy
196,1092325033421225984,6942422,855,52593,1448,828,83225,2007-06-19 21:13:46,0,0,2019-02-04 07:32:37,BUSINESS CALENDAR: Feb. 4 to Feb. 28 https://t.co/QPuSikLrhr
197,1092325030829150209,6942422,855,52593,1448,828,83225,2007-06-19 21:13:46,0,0,2019-02-04 07:32:36,BUSINESS PEOPLE https://t.co/Onk7xxiXpm
198,1092325027419181056,6942422,855,52593,1448,828,83225,2007-06-19 21:13:46,0,0,2019-02-04 07:32:35,GRAND OPENINGS: fotofinitySRQ photography; Liberate Physician Centers https://t.co/NVl9J47pKE
199,1092325024424443904,6942422,855,52593,1448,828,83225,2007-06-19 21:13:46,0,0,2019-02-04 07:32:34,STEPLEMAN: Should you consider hedging your stock portfolio? https://t.co/O2SCs2QwBX
200,1092325020959952897,6942422,855,52593,1448,828,83225,2007-06-19 21:13:46,0,0,2019-02-04 07:32:34,ROBERT EISENBEIS: Tax the rich? Check the facts first https://t.co/L6gJ1Sj0ko
201,1092325017696849931,6942422,855,52593,1448,828,83225,2007-06-19 21:13:46,0,0,2019-02-04 07:32:33,REAL ESTATE DEALS https://t.co/3ePVhhpQqI
202,1092325013955465216,6942422,855,52593,1448,828,83225,2007-06-19 21:13:46,0,0,2019-02-04 07:32:32,REAL ESTATE PEOPLE https://t.co/xrvp0HjONa
203,1092325010369380352,6942422,855,52593,1448,828,83225,2007-06-19 21:13:46,0,0,2019-02-04 07:32:31,GOOD DEEDS https://t.co/5IAtVY8UXg
204,1092325006846185472,6942422,855,52593,1448,828,83225,2007-06-19 21:13:46,0,0,2019-02-04 07:32:30,VIRGINIA HALEY: How Visit Sarasota County helped area cope with red tide https://t.co/tzwu7ck6K6
205,1092325003419402245,6942422,855,52593,1448,828,83225,2007-06-19 21:13:46,0,0,2019-02-04 07:32:29,PARENTING: Nurturing our kids with healthy soul food https://t.co/0L4H4uDBPN
206,1092325000227536897,6942422,855,52593,1448,828,83225,2007-06-19 21:13:46,0,0,2019-02-04 07:32:29,DENNIS ZINK: Quality Management Systems for CEOs https://t.co/HgseKo8CA1
207,1092324998403026944,6942422,855,52593,1448,828,83225,2007-06-19 21:13:46,0,0,2019-02-04 07:32:28,EVAN GUIDO: Apple showing some worrisome bad spots https://t.co/qYDMAl9lJq
208,1092324996117155841,6942422,855,52593,1448,828,83225,2007-06-19 21:13:46,0,0,2019-02-04 07:32:28,Slow-moving GI system might be associated with virus https://t.co/ogrEN0csOB
209,1092282213155131395,6942422,855,52593,1448,828,83225,2007-06-19 21:13:46,1,1,2019-02-04 04:42:27,Anderson: The greatest McDonald's manager in the world https://t.co/gG0c61VwoK
210,1092214192667541504,6942422,855,52593,1448,828,83225,2007-06-19 21:13:46,0,0,2019-02-04 00:12:10,(No heading) https://t.co/zskhMZjHGZ
211,1092207978818740224,6942422,855,52593,1448,828,83225,2007-06-19 21:13:46,0,0,2019-02-03 23:47:29,Planning commission to review site plan for new Venice Police station https://t.co/ThDkdU1hKW
212,1092166491817025536,6942422,855,52593,1448,828,83225,2007-06-19 21:13:46,0,0,2019-02-03 21:02:37,Sarasota Orchestra launches search for new music director https://t.co/C3iVoODlHl
213,1092166487954079750,6942422,855,52593,1448,828,83225,2007-06-19 21:13:46,0,0,2019-02-03 21:02:36,FST celebrates the music of the boomer generation in ‘Wonder Years’ https://t.co/0GEgpjURVQ
214,1092160191066447872,6942422,855,52593,1448,828,83225,2007-06-19 21:13:46,1,0,2019-02-03 20:37:35,Titusville runner wins Metro Diner Sarasota Music Half Marathon https://t.co/zfoyExo09L
215,1092103617811804161,6942422,855,52593,1448,828,83225,2007-06-19 21:13:46,1,0,2019-02-03 16:52:47,Venezuela crisis resonates loudly in battleground Florida https://t.co/7cvK90pszd
216,1092103614330490880,6942422,855,52593,1448,828,83225,2007-06-19 21:13:46,0,0,2019-02-03 16:52:46,Bradenton traffic fatality identified https://t.co/s3F01jTrHI
217,1092095987622006790,6942422,855,52593,1448,828,83225,2007-06-19 21:13:46,0,0,2019-02-03 16:22:28,"Boy, 6, injured by fleeing car in Bradenton https://t.co/8RHGyMw8QD"
218,1092084576732749824,6942422,855,52593,1448,828,83225,2007-06-19 21:13:46,0,0,2019-02-03 15:37:07,Firm sues over product it says is hemp; state says it's pot https://t.co/d9jkdNnx7s
219,1092079563901976576,6942422,855,52593,1448,828,83225,2007-06-19 21:13:46,0,0,2019-02-03 15:17:12,(No heading) https://t.co/XV9583JdVU
220,1092079561452474368,6942422,855,52593,1448,828,83225,2007-06-19 21:13:46,0,0,2019-02-03 15:17:11,Hurricane Michael left a beloved motel in ruins https://t.co/2oaoSICSzn
221,1092074679974670336,6942422,855,52593,1448,828,83225,2007-06-19 21:13:46,0,1,2019-02-03 14:57:48,Here's what Florida's most popular Airbnb is like https://t.co/L5o2j34CLN
222,1092026748160667654,6942422,855,52593,1448,828,83225,2007-06-19 21:13:46,0,0,2019-02-03 11:47:20,Tryon: 'State of the Arts' is one Hot Topic https://t.co/AHpzQQ2UDk
223,1092020440514654209,6942422,855,52593,1448,828,83225,2007-06-19 21:13:46,0,0,2019-02-03 11:22:16,It's all about the water https://t.co/IBdkVIdQAI
224,1092020437947768833,6942422,855,52593,1448,828,83225,2007-06-19 21:13:46,0,0,2019-02-03 11:22:15,Sauer and Jerde: Sharing in the game of life https://t.co/Unbx5mvqX2
225,1092020435322134531,6942422,855,52593,1448,828,83225,2007-06-19 21:13:46,0,0,2019-02-03 11:22:15,“Happy to be back” after shutdown https://t.co/HU2bdgDOSH
226,1092020433472442368,6942422,855,52593,1448,828,83225,2007-06-19 21:13:46,1,3,2019-02-03 11:22:14,Seidman: Want healthy kids? You've got three years https://t.co/njqJXS4CRe
227,1092020431878541312,6942422,855,52593,1448,828,83225,2007-06-19 21:13:46,0,0,2019-02-03 11:22:14,Manatee detective renders big assist https://t.co/6kHj1XOd1o
228,1092020429693300736,6942422,855,52593,1448,828,83225,2007-06-19 21:13:46,0,0,2019-02-03 11:22:13,"Sunday's letters: Wealth tax, border security, more https://t.co/upKxJkNSgw"
229,1092015490212552704,6942422,855,52593,1448,828,83225,2007-06-19 21:13:46,0,0,2019-02-03 11:02:36,Lakewood Ranch developer to pay for 44th Avenue extension  https://t.co/RTrgXcFjWK
230,1092010425284247552,6942422,855,52593,1448,828,83225,2007-06-19 21:13:46,2,2,2019-02-03 10:42:28,"Top 5 Things To Do This Week in Sarasota-Bradenton-Venice, Feb. 4-8 https://t.co/jiBzQXVjsD"
231,1092005338763743232,6942422,855,52593,1448,828,83225,2007-06-19 21:13:46,0,0,2019-02-03 10:22:15,"Singer, composer, actress Helga Davis wins 2019 Greenfield Prize https://t.co/AWmPPW3Zd9"
232,1091962576722890752,6942422,855,52593,1448,828,83225,2007-06-19 21:13:46,0,0,2019-02-03 07:32:20,LAUREN RUDD: Dealing with the future means risk https://t.co/Gzb2OSy2P7
233,1091883399390863361,6942422,855,52593,1448,828,83225,2007-06-19 21:13:46,0,0,2019-02-03 02:17:43,Cirque Italia splashes into Palmetto https://t.co/QW9zv1ZD5s
234,1091878260688982016,6942422,855,52593,1448,828,83225,2007-06-19 21:13:46,0,0,2019-02-03 01:57:18,Cirque Italia spashes into Palmetto https://t.co/BTtpbZiNVc
235,1091858146266697728,6942422,855,52593,1448,828,83225,2007-06-19 21:13:46,1,1,2019-02-03 00:37:22,Environmental activists call out state Senate President Bill Galvano https://t.co/KMEkrtfPQ0
236,1091836718951645184,6942422,855,52593,1448,828,83225,2007-06-19 21:13:46,0,0,2019-02-02 23:12:13,House fire sends two to hospital https://t.co/Ow7lssDR3u
237,1091806496621506573,6942422,855,52593,1448,828,83225,2007-06-19 21:13:46,0,1,2019-02-02 21:12:08,"So, who are you picking in the Super Bowl? https://t.co/vc3eq1vxMj"
238,1091767603448725505,6942422,855,52593,1448,828,83225,2007-06-19 21:13:46,0,0,2019-02-02 18:37:35,Four Bradenton students treated for overdoses https://t.co/r53e2K7RJk
239,1091762913558384641,6942422,855,52593,1448,828,83225,2007-06-19 21:13:46,0,0,2019-02-02 18:18:57,Bradenton motorcyclist killed in crash https://t.co/Z3J04Hu3gD
240,1091757496816070656,6942422,855,52593,1448,828,83225,2007-06-19 21:13:46,0,0,2019-02-02 17:57:25,Suspect arrested in Bradenton auto burglaries https://t.co/vadAibiUKt
241,1091747452451999744,6942422,855,52593,1448,828,83225,2007-06-19 21:13:46,0,0,2019-02-02 17:17:31,"With government open again, Trump heads for Florida https://t.co/Wvdqodd9ty"
242,1091747450455498758,6942422,855,52593,1448,828,83225,2007-06-19 21:13:46,0,0,2019-02-02 17:17:30,Passengers at Orlando airport returned for screening https://t.co/VnNojMQHtZ
243,1091747446978433024,6942422,855,52593,1448,828,83225,2007-06-19 21:13:46,0,0,2019-02-02 17:17:29,Seinfeld sued over sale of Porsche alleged to be fake https://t.co/5TPZqBTtqb
244,1091717276011806720,6942422,855,52593,1448,828,83225,2007-06-19 21:13:46,1,0,2019-02-02 15:17:36,Sarasota Opera marks its 60th anniversary season in its own style https://t.co/WJrOPqYWNd
245,1091712103898144768,6942422,855,52593,1448,828,83225,2007-06-19 21:13:46,0,2,2019-02-02 14:57:03,Seinfeld sued over sale of Porsche alleged to be fak https://t.co/h5r7cDMkEf
246,1091707107341156354,6942422,855,52593,1448,828,83225,2007-06-19 21:13:46,0,0,2019-02-02 14:37:11,Supreme Court halts Louisiana abortion clinic law for now https://t.co/ko8WNdYlmG
247,1091707103910264834,6942422,855,52593,1448,828,83225,2007-06-19 21:13:46,0,1,2019-02-02 14:37:11,Venezuela air force general defects from Maduro government https://t.co/PCDfFPTqaK
248,1091702183769325568,6942422,855,52593,1448,828,83225,2007-06-19 21:13:46,0,1,2019-02-02 14:17:38,Asolo Rep’s ‘Sweat’ looks at challenges facing labor pool in a factory town  https://t.co/uFX7Bsqj1W
249,1091664342184087552,6942422,855,52593,1448,828,83225,2007-06-19 21:13:46,0,0,2019-02-02 11:47:15,Market snapshot: South Poinsettia Park https://t.co/zSadQDPZFa
250,1091664338325291008,6942422,855,52593,1448,828,83225,2007-06-19 21:13:46,0,1,2019-02-02 11:47:15,"FLORIDA BUILDINGS I LOVE: No. 108: Morrison House, 1885, Tampa https://t.co/KucIDCWRMK"
251,1091656902189162496,6942422,855,52593,1448,828,83225,2007-06-19 21:13:46,0,0,2019-02-02 11:17:42,"Saturday's letters: Buchanan polls, derelict boats, more https://t.co/jGqOLtiJxA"
252,1091648122508509184,6942422,855,52593,1448,828,83225,2007-06-19 21:13:46,1,0,2019-02-02 10:42:48,Tour of top nightlife spots for young people in downtown Sarasota https://t.co/E8OhcBFbOK
253,1091534919040450561,6942422,855,52593,1448,828,83225,2007-06-19 21:13:46,0,0,2019-02-02 03:12:59,https://t.co/MuZc8av5Y3
254,1091520935704834048,6942422,855,52593,1448,828,83225,2007-06-19 21:13:46,0,1,2019-02-02 02:17:25,Legacy Trail extension coming into focus https://t.co/NjNBrvpAMq
255,1091510787464671232,6942422,855,52593,1448,828,83225,2007-06-19 21:13:46,0,0,2019-02-02 01:37:05,"Common Core move draws praise, questions from area educators https://t.co/Jqno6Uck4l"
256,1091491982441177088,6942422,855,52593,1448,828,83225,2007-06-19 21:13:46,0,4,2019-02-02 00:22:22,Urban expert: 'Love notes' can transform a city https://t.co/HM71zyyQmj
257,1091478209877676033,6942422,855,52593,1448,828,83225,2007-06-19 21:13:46,0,0,2019-02-01 23:27:38,"Music Review: Gershwin, Bernstein bookend colorful Sarasota Orchestra concert https://t.co/rnPbjTdhv5"
258,1091469272432418818,6942422,855,52593,1448,828,83225,2007-06-19 21:13:46,0,0,2019-02-01 22:52:07,PARKINSON: Saying “No” made easy  https://t.co/BT4a92mYub
259,1091460667159252992,6942422,855,52593,1448,828,83225,2007-06-19 21:13:46,0,0,2019-02-01 22:17:56,Paid parking on Sarasota's St. Armands Circle delayed https://t.co/wNirWDTuUG
260,1091460664642752512,6942422,855,52593,1448,828,83225,2007-06-19 21:13:46,0,0,2019-02-01 22:17:55,US stocks manage small gains after bumpy day caps solid week https://t.co/zaE6CKxfbK
261,1091454382380589062,6942422,855,52593,1448,828,83225,2007-06-19 21:13:46,0,0,2019-02-01 21:52:57,Florida attorney general bars social media company from shady practices https://t.co/3TcF6sOBqA
262,1091454379666952192,6942422,855,52593,1448,828,83225,2007-06-19 21:13:46,0,1,2019-02-01 21:52:57,CHRIS WILLE: A peek at one street where gentrification is slow https://t.co/mqbmGihNLw
263,1091443139041210368,6942422,855,52593,1448,828,83225,2007-06-19 21:13:46,0,0,2019-02-01 21:08:17,Roper Technologies beats earnings estimates https://t.co/mrvSTWuLrU
264,1091422904745689090,6942422,855,52593,1448,828,83225,2007-06-19 21:13:46,0,1,2019-02-01 19:47:52,Fight for Grade-Level Reading podcast ep. 8: Joy Thomas Moore and 'The Power of Presence' https://t.co/yytYm3TGES
265,1091422902749147137,6942422,855,52593,1448,828,83225,2007-06-19 21:13:46,0,0,2019-02-01 19:47:52,"Lakewood Ranch plaza getting brewery, nail salon, maybe a sports bar  https://t.co/vAolL5v6IF"
266,1091419008212049922,6942422,855,52593,1448,828,83225,2007-06-19 21:13:46,0,0,2019-02-01 19:32:23,Race dominates unusual Manatee schools meeting https://t.co/pjyjnAOvEZ
267,1091413963890409472,6942422,855,52593,1448,828,83225,2007-06-19 21:13:46,0,0,2019-02-01 19:12:21,Book events for the week of Feb. 3 https://t.co/8qFBckh2wE
268,1091410291164921856,6942422,855,52593,1448,828,83225,2007-06-19 21:13:46,1,3,2019-02-01 18:57:45,"'US manufacturing is doing well and will continue to do well,"" Fed economist says https://t.co/5ZDW2KE9Xe"
269,1091410287369113600,6942422,855,52593,1448,828,83225,2007-06-19 21:13:46,1,1,2019-02-01 18:57:44,Venice daycare worker accused of child abuse https://t.co/SfVGlT1cH1
270,1091397750082674689,6942422,855,52593,1448,828,83225,2007-06-19 21:13:46,0,1,2019-02-01 18:07:55,"Heritage Green Way plaza getting brewery, nail salon, maybe a sports bar  https://t.co/aHAnKEzfia"
271,1091392574810669057,6942422,855,52593,1448,828,83225,2007-06-19 21:13:46,0,0,2019-02-01 17:47:21,Backroom Briefing: Florida Senate says it would play fair in election supervisor hearing https://t.co/ISskMsBZcH
272,1091392571782381568,6942422,855,52593,1448,828,83225,2007-06-19 21:13:46,0,0,2019-02-01 17:47:20,DeSantis spends freely in Florida budget proposal https://t.co/WiakscHRzc
273,1091387566933372936,6942422,855,52593,1448,828,83225,2007-06-19 21:13:46,0,2,2019-02-01 17:27:27,DeSantis spends freely in $91.3 billion Florida budget proposal https://t.co/Jr20FS5Auv
274,1091382644296876033,6942422,855,52593,1448,828,83225,2007-06-19 21:13:46,1,0,2019-02-01 17:07:53,DeSantis spends freely in $91.3 billion state budget proposal https://t.co/yExTt5ZBQ9
275,1091382640790384641,6942422,855,52593,1448,828,83225,2007-06-19 21:13:46,0,0,2019-02-01 17:07:53,Seidman: The catalyst behind the ‘Dance Makers’ https://t.co/wEW6ECmU8w
276,1091375162958770177,6942422,855,52593,1448,828,83225,2007-06-19 21:13:46,0,1,2019-02-01 16:38:10,Publix recalls popcorn chicken for 'foreign material' https://t.co/szdv7q1Gfu
277,1091364936880656386,6942422,855,52593,1448,828,83225,2007-06-19 21:13:46,1,2,2019-02-01 15:57:32,Bradenton man gets 15 years for distributing fentanyl and heroin https://t.co/iBI66qmcI5
278,1091360060176039936,6942422,855,52593,1448,828,83225,2007-06-19 21:13:46,0,0,2019-02-01 15:38:09,Florida woman's journey to read 100 books: Why she did it and what she learned https://t.co/vuTwnJYCE0
279,1091360057554620416,6942422,855,52593,1448,828,83225,2007-06-19 21:13:46,0,1,2019-02-01 15:38:08,Music Review: Gershwin and Bernstein bookend colorful Sarasota Orchestra concert https://t.co/exV3992FUl
280,1091349875084722177,6942422,855,52593,1448,828,83225,2007-06-19 21:13:46,1,1,2019-02-01 14:57:41,US pulls out from key nuclear arms treaty; Trump blames Russia  https://t.co/Ub0Z03s0uY
281,1091301966100217856,6942422,855,52593,1448,828,83225,2007-06-19 21:13:46,0,0,2019-02-01 11:47:18,Editorial: Ending Common Core presents challenges https://t.co/PkZyxgHfop
282,1091301963097096192,6942422,855,52593,1448,828,83225,2007-06-19 21:13:46,0,0,2019-02-01 11:47:18,Friday's letters: Border security https://t.co/bJghHBlUc7
283,1091289333594800128,6942422,855,52593,1448,828,83225,2007-06-19 21:13:46,0,1,2019-02-01 10:57:06,"Silverberg: Staying busy makes you more harried, but also happier https://t.co/OvJOnYzO2p"
284,1091289331317264384,6942422,855,52593,1448,828,83225,2007-06-19 21:13:46,1,2,2019-02-01 10:57:06,"Top 5 Things To Do This Weekend in Sarasota-Bradenton-Venice, Feb. 1-3 https://t.co/W1AK4sBKp4"
285,1091278104335663105,6942422,855,52593,1448,828,83225,2007-06-19 21:13:46,0,1,2019-02-01 10:12:29,Behind the Scenes: How does the show go on? https://t.co/TbHGl0jSsi
286,1091278102196559872,6942422,855,52593,1448,828,83225,2007-06-19 21:13:46,1,0,2019-02-01 10:12:29,Memoir on parenting also a 'love letter to single moms' https://t.co/QwCoCMchBe
287,1091238007351455744,6942422,855,52593,1448,828,83225,2007-06-19 21:13:46,0,0,2019-02-01 07:33:09,Burning tongue may be burning mouth syndrome https://t.co/5Cg6cQkhae
288,1091187775062319106,6942422,855,52593,1448,828,83225,2007-06-19 21:13:46,1,0,2019-02-01 04:13:33,‘Free market’ marijuana changes could be a hard sell https://t.co/4fbsZzpUiZ
289,1091166865253195776,6942422,855,52593,1448,828,83225,2007-06-19 21:13:46,1,0,2019-02-01 02:50:28,https://t.co/tDlq5tzdUD
290,1091147472838250496,6942422,855,52593,1448,828,83225,2007-06-19 21:13:46,0,2,2019-02-01 01:33:24,"HIELSCHER: Tariffs, trade wars shake up small-business owners in Florida https://t.co/UuxTkEsRa5"
291,1091147469822590976,6942422,855,52593,1448,828,83225,2007-06-19 21:13:46,0,1,2019-02-01 01:33:24,Brother of Parkland victim says youth are forcing legislators to care about gun violence https://t.co/P6DoGNtH2H
292,1091134966421962754,6942422,855,52593,1448,828,83225,2007-06-19 21:13:46,0,0,2019-02-01 00:43:42,Wings of Freedom on a mission to keep history alive https://t.co/AKOIV5ScjI
293,1091134962940682241,6942422,855,52593,1448,828,83225,2007-06-19 21:13:46,0,0,2019-02-01 00:43:42,DeSantis orders overhaul of Florida school testing standards https://t.co/qW4nWVTQpz
294,1091131118563311617,6942422,855,52593,1448,828,83225,2007-06-19 21:13:46,1,0,2019-02-01 00:28:25,"Wings of Freedom arrives in Venice, on mission to keep history alive https://t.co/1fqPzX7Dqb"
295,1091118575430045697,6942422,855,52593,1448,828,83225,2007-06-19 21:13:46,0,2,2019-01-31 23:38:35,Season of Sharing fund surpasses $2 million https://t.co/BHRTM4DfHW
296,1091114692075024384,6942422,855,52593,1448,828,83225,2007-06-19 21:13:46,0,0,2019-01-31 23:23:09,LAUREN RUDD: Correlation is not causation. Just ask the groundhogs https://t.co/sZaSEpUETD
297,1091114689562640384,6942422,855,52593,1448,828,83225,2007-06-19 21:13:46,0,1,2019-01-31 23:23:08,Brother of Parkland victim says young voters are forcing legislators to care about gun violence https://t.co/fK3BFcmtLv
298,1091109898514059265,6942422,855,52593,1448,828,83225,2007-06-19 21:13:46,0,2,2019-01-31 23:04:06,Adopt me! https://t.co/qufOIRgRNk
299,1091098444700233729,6942422,855,52593,1448,828,83225,2007-06-19 21:13:46,0,2,2019-01-31 22:18:35,S&amp;P 500 index delivers biggest monthly gain since 2015 https://t.co/6wht8lApaj
300,1091095563473506309,6942422,855,52593,1448,828,83225,2007-06-19 21:13:46,0,0,2019-01-31 22:07:08,"Groundhog Day 2019: Facts, history and the story of Punxsutawney Phil https://t.co/avyvrtLwYg"
301,1091089544643051526,6942422,855,52593,1448,828,83225,2007-06-19 21:13:46,0,0,2019-01-31 21:43:13,Know your snakes: Florida’s 6 venomous serpents https://t.co/SF5doZtAgv
302,1091083311332687872,6942422,855,52593,1448,828,83225,2007-06-19 21:13:46,0,0,2019-01-31 21:18:27,Sarasota Square mall loses 2 restaurants https://t.co/geWjb4qoCu
303,1091083308841209856,6942422,855,52593,1448,828,83225,2007-06-19 21:13:46,0,0,2019-01-31 21:18:26,"Women’s Resource Center to recognize ""Wonder Women""  https://t.co/R259cptMCo"
304,1091080723342286854,6942422,855,52593,1448,828,83225,2007-06-19 21:13:46,0,1,2019-01-31 21:08:10,https://t.co/XhUrfDsSkH
305,1091078274766254085,6942422,855,52593,1448,828,83225,2007-06-19 21:13:46,1,4,2019-01-31 20:58:26,Sarasota-Bradenton International Airport unveils new video and tagline https://t.co/wFhaJPATrr
306,1091078271649890310,6942422,855,52593,1448,828,83225,2007-06-19 21:13:46,0,0,2019-01-31 20:58:25,New condo complex to expand Sarasota's resort-style urban lifestyle https://t.co/lQk6kuzDbB
307,1091078269552807936,6942422,855,52593,1448,828,83225,2007-06-19 21:13:46,2,3,2019-01-31 20:58:25,The end of Common Core in Florida: Gov. DeSantis has made it so https://t.co/fzvVgPi558
308,1091071977077596160,6942422,855,52593,1448,828,83225,2007-06-19 21:13:46,2,1,2019-01-31 20:33:25,Red tide: Sarasota County considers water quality summit https://t.co/mI49zuy0yI
309,1091066890112434176,6942422,855,52593,1448,828,83225,2007-06-19 21:13:46,0,0,2019-01-31 20:13:12,Sarasota Square mall loses 2 food court restaurants https://t.co/K0uKIpr1yK
310,1091061984571863045,6942422,855,52593,1448,828,83225,2007-06-19 21:13:46,1,0,2019-01-31 19:53:42,Sarasota Square loses two food court restaurants https://t.co/okdBfbenaS
311,1091061982067871744,6942422,855,52593,1448,828,83225,2007-06-19 21:13:46,0,0,2019-01-31 19:53:42,Sarasota teachers' union and district at odds over superintendent contract https://t.co/m68kdWepNq
312,1091061978804772864,6942422,855,52593,1448,828,83225,2007-06-19 21:13:46,1,0,2019-01-31 19:53:41,Sarasota County considering water quality summit amid longest red tide event in history https://t.co/fuZnQjaMSN
313,1091061975633838081,6942422,855,52593,1448,828,83225,2007-06-19 21:13:46,2,0,2019-01-31 19:53:40,This 2-year-old Texas boy is America's youngest Mensa member https://t.co/yQBS9wbSc0
314,1091056877373394945,6942422,855,52593,1448,828,83225,2007-06-19 21:13:46,0,0,2019-01-31 19:33:25,Sarasota teachers' union and district at odds over possible four-year contract https://t.co/GJPvI25KOZ
315,1091056875158814721,6942422,855,52593,1448,828,83225,2007-06-19 21:13:46,0,0,2019-01-31 19:33:24,"In Manatee, Boy Scouts to celebrate 90th anniversary of Camp Flying Eagle https://t.co/MtVEFMrQiH"
316,1091051879168135169,6942422,855,52593,1448,828,83225,2007-06-19 21:13:46,2,1,2019-01-31 19:13:33,Florida red tide levels are the lowest in more than a year https://t.co/rgepqAEhpc
317,1091033052321640448,6942422,855,52593,1448,828,83225,2007-06-19 21:13:46,0,0,2019-01-31 17:58:44,Thompson: People need to relearn to be creative https://t.co/Scm3i0VBj5
318,1091026794453585926,6942422,855,52593,1448,828,83225,2007-06-19 21:13:46,2,0,2019-01-31 17:33:52,"Live music picks in Sarasota-Bradenton, Feb. 1-7 https://t.co/Sp2yLy0oDC"
319,1091021984245432326,6942422,855,52593,1448,828,83225,2007-06-19 21:13:46,0,0,2019-01-31 17:14:45,Did “Florida Man” dig an underground tunnel in attempt to rob a bank? https://t.co/bc7xx4yDOZ
320,1091021981712044035,6942422,855,52593,1448,828,83225,2007-06-19 21:13:46,0,0,2019-01-31 17:14:45,Boy Scouts to celebrate 90th anniversary of camp https://t.co/pbPknUWRTa
321,1090994080304320514,6942422,855,52593,1448,828,83225,2007-06-19 21:13:46,0,0,2019-01-31 15:23:53,Into blood and acrobats? This circus touring Florida is for you https://t.co/Jduru5vVfD
322,1090975274420850688,6942422,855,52593,1448,828,83225,2007-06-19 21:13:46,0,0,2019-01-31 14:09:09,Manatee Sheriff: 3 hurt in backyard shooting https://t.co/bp2h1OB97P
323,1090943731807764480,6942422,855,52593,1448,828,83225,2007-06-19 21:13:46,0,0,2019-01-31 12:03:49,Editorial: Criticism of advisers is typical of Trump https://t.co/ECQlTewid1
324,1090943728607465473,6942422,855,52593,1448,828,83225,2007-06-19 21:13:46,0,0,2019-01-31 12:03:48,"Thursday's letters: Government workers, Venezuela, more https://t.co/bC8kTekPVK"
325,1090938602639503360,6942422,855,52593,1448,828,83225,2007-06-19 21:13:46,0,1,2019-01-31 11:43:26,Matus: Florida students benefit from options https://t.co/pLVJxO6cwv
326,1090938598873092097,6942422,855,52593,1448,828,83225,2007-06-19 21:13:46,0,0,2019-01-31 11:43:25,"Top movie picks for Sarasota-Bradenton, Feb. 1-7 https://t.co/swgU5lgdCe"
327,1090938595274354688,6942422,855,52593,1448,828,83225,2007-06-19 21:13:46,1,1,2019-01-31 11:43:24,Paul Thorn on new gospel record 'Don't Let the Devil Ride' before Sarasota shows https://t.co/kNiHWcd5DB
328,1090933505075367936,6942422,855,52593,1448,828,83225,2007-06-19 21:13:46,0,0,2019-01-31 11:23:10,Seidman: Is 'housing first' making a dent in Sarasota's homeless population? https://t.co/BqhmC1dH5x
329,1090927246108438528,6942422,855,52593,1448,828,83225,2007-06-19 21:13:46,0,1,2019-01-31 10:58:18,Top outdoor yoga spots in Sarasota-Bradenton https://t.co/wyDAOdzHvq
330,1090927243713540097,6942422,855,52593,1448,828,83225,2007-06-19 21:13:46,0,0,2019-01-31 10:58:18,12 great restaurants on Anna Maria Island  https://t.co/EzeXGWdZzq
331,1090927241008156672,6942422,855,52593,1448,828,83225,2007-06-19 21:13:46,1,0,2019-01-31 10:58:17,"Top 10 Things To Do in Sarasota-Bradenton-Venice, Jan. 31-Feb. 6 https://t.co/XZx37ZWAsf"
332,1090927238047064064,6942422,855,52593,1448,828,83225,2007-06-19 21:13:46,1,0,2019-01-31 10:58:16,"Restaurant News in Sarasota-Bradenton-Venice, Jan. 31-Feb. 6 https://t.co/9V98HAe9wq"
333,1090873096846880768,6942422,855,52593,1448,828,83225,2007-06-19 21:13:46,0,0,2019-01-31 07:23:08,Cheap Eats: Fresh Kitchen for healthy cuisine  https://t.co/7hXYiBZyZY
334,1090873093613072385,6942422,855,52593,1448,828,83225,2007-06-19 21:13:46,0,0,2019-01-31 07:23:07,"Insurance companies decide which test, meds are 'experimental' https://t.co/cKuaahGxDV"
335,1090780153570041856,6942422,855,52593,1448,828,83225,2007-06-19 21:13:46,0,0,2019-01-31 01:13:48,Ethics complaint claims North Port mayor should have skipped vote https://t.co/LMOI3XeIIB
336,1090768718303559686,6942422,855,52593,1448,828,83225,2007-06-19 21:13:46,0,0,2019-01-31 00:28:22,Mote Marine manatees make Super Bowl picks https://t.co/2Ck9nn8HJ4
337,1090768714394419200,6942422,855,52593,1448,828,83225,2007-06-19 21:13:46,0,0,2019-01-31 00:28:21,Sarasota School Board to debate 4-year contract for Bowden https://t.co/kZDLbTIPdq
338,1090763705934139401,6942422,855,52593,1448,828,83225,2007-06-19 21:13:46,0,0,2019-01-31 00:08:27,DeSantis' push to change medical marijuana law draws sparks https://t.co/BQ7CT9wH8H
339,1090756159978565632,6942422,855,52593,1448,828,83225,2007-06-19 21:13:46,0,0,2019-01-30 23:38:28,Ethics complaint alleges North Port mayor should have skipped vote https://t.co/TLG1jQU7Y7
340,1090756154630787073,6942422,855,52593,1448,828,83225,2007-06-19 21:13:46,0,0,2019-01-30 23:38:27,Sarasota School Board Members to debate a four-year contract renewal for superintendent https://t.co/impfDduJ3V
341,1090756147747979272,6942422,855,52593,1448,828,83225,2007-06-19 21:13:46,0,0,2019-01-30 23:38:25,COMMENTARY: Slow-pitch softball is no easy out  https://t.co/wtWVcOt2E3
342,1090751089534791682,6942422,855,52593,1448,828,83225,2007-06-19 21:13:46,0,0,2019-01-30 23:18:19,DeSantis's push to change medical marijuana law draws sparks https://t.co/p4EMQCpneY
343,1090751086154182661,6942422,855,52593,1448,828,83225,2007-06-19 21:13:46,0,0,2019-01-30 23:18:18,JOAN LAPPIN: Numbers don’t lie — the shutdown was costly https://t.co/JSgISD8Avz
344,1090751083654324226,6942422,855,52593,1448,828,83225,2007-06-19 21:13:46,0,0,2019-01-30 23:18:18,POLAR VORTEX: Weather reports from chilly cities across the northern U.S. https://t.co/aGGn6dQxiN
345,1090747410069012480,6942422,855,52593,1448,828,83225,2007-06-19 21:13:46,0,0,2019-01-30 23:03:42,"HAROLD BUBIL: G.Wiz, what a debate https://t.co/EEp92Um4wj"
346,1090740957698576384,6942422,855,52593,1448,828,83225,2007-06-19 21:13:46,0,0,2019-01-30 22:38:03,Stocks jump after Fed indicates patience on rate increases https://t.co/MgwNDJiu5n
347,1090734690288439298,6942422,855,52593,1448,828,83225,2007-06-19 21:13:46,0,3,2019-01-30 22:13:09,Heather Kasten to head Sarasota Chamber of Commerce https://t.co/l7NkTE7XFr
348,1090723504360697856,6942422,855,52593,1448,828,83225,2007-06-19 21:13:46,0,0,2019-01-30 21:28:42,Multifamily properties top recent sales in Manatee https://t.co/A2vjyOZf1L
349,1090723498853613570,6942422,855,52593,1448,828,83225,2007-06-19 21:13:46,0,0,2019-01-30 21:28:41,Season of Sharing: When it's impossible to make your own luck https://t.co/tH2t7oij1g
350,1090723488112001041,6942422,855,52593,1448,828,83225,2007-06-19 21:13:46,0,0,2019-01-30 21:28:38,LWR Talks is for the curious and connected  https://t.co/Ji9jmhMHRY
351,1090718476753354752,6942422,855,52593,1448,828,83225,2007-06-19 21:13:46,0,0,2019-01-30 21:08:44,Another Publix coming to Lakewood Ranch https://t.co/yWpxqP2BFC
352,1090718474861711360,6942422,855,52593,1448,828,83225,2007-06-19 21:13:46,3,0,2019-01-30 21:08:43,Sheriff: Sarasota woman let dogs and cat die of thirst https://t.co/NOLv70dpSl
353,1090709548774670338,6942422,855,52593,1448,828,83225,2007-06-19 21:13:46,0,0,2019-01-30 20:33:15,Multi-family properties top recent sales in Manatee https://t.co/LMZmN5zUVI
354,1090704619918016520,6942422,855,52593,1448,828,83225,2007-06-19 21:13:46,3,1,2019-01-30 20:13:40,Sheriff: UCF student from Sarasota made illegal machine gun https://t.co/evXhbGWw7j
355,1090698243070136323,6942422,855,52593,1448,828,83225,2007-06-19 21:13:46,0,0,2019-01-30 19:48:19,Sarasota businessman sentenced to probation https://t.co/2E9FQVp2rf
356,1090693238799896577,6942422,855,52593,1448,828,83225,2007-06-19 21:13:46,1,2,2019-01-30 19:28:26,Mote Marine Laboratory a step closer to building new aquarium https://t.co/3LvI4GUU0i
357,1090668390480596993,6942422,855,52593,1448,828,83225,2007-06-19 21:13:46,0,1,2019-01-30 17:49:42,Buchanan pushes law to ban slaughter of horses https://t.co/bk0qERj83A
358,1090668387351650304,6942422,855,52593,1448,828,83225,2007-06-19 21:13:46,0,0,2019-01-30 17:49:41,MTV 'Siesta Key': Relationships strengthen and falter in latest episode  https://t.co/QBh6S97zVc
359,1090663016901869570,6942422,855,52593,1448,828,83225,2007-06-19 21:13:46,0,0,2019-01-30 17:28:21,3 community banks' profits rise in 2018 https://t.co/sJl2Qbu7ZN
360,1090654432868618240,6942422,855,52593,1448,828,83225,2007-06-19 21:13:46,0,2,2019-01-30 16:54:14,"Sage restaurant, rooftop bar now open in downtown Sarasota  https://t.co/hNTH2ODSr7"
361,1090643180817707008,6942422,855,52593,1448,828,83225,2007-06-19 21:13:46,0,1,2019-01-30 16:09:32,"Drastic drop in shark bites, why some scientists are concerned  https://t.co/h0nduKO3x0"
362,1090643179085414401,6942422,855,52593,1448,828,83225,2007-06-19 21:13:46,1,1,2019-01-30 16:09:31,Manatee libraries host events for African-American History Month  https://t.co/vRrmYlT3mp
363,1090639529072095232,6942422,855,52593,1448,828,83225,2007-06-19 21:13:46,0,0,2019-01-30 15:55:01,Mote Marine manatees pick Super Bowl winners https://t.co/LrbpxgJalw
364,1090582577902206976,6942422,855,52593,1448,828,83225,2007-06-19 21:13:46,0,0,2019-01-30 12:08:43,Top arts events for the week: Jan. 31-Feb. 6 https://t.co/aMWF0Kmscu
365,1090577480853917697,6942422,855,52593,1448,828,83225,2007-06-19 21:13:46,0,0,2019-01-30 11:48:28,Editorial: Red tide's damage to green economy https://t.co/PAiGhEYOvx
366,1090562305715326976,6942422,855,52593,1448,828,83225,2007-06-19 21:13:46,0,0,2019-01-30 10:48:10,"Wednesday's letters: Venezuela, federal government, more https://t.co/tPw1YSpR6u"
367,1090562303139950593,6942422,855,52593,1448,828,83225,2007-06-19 21:13:46,0,0,2019-01-30 10:48:09,Krugman: Elizabeth Warren channels Teddy Roosevelt https://t.co/wb7JNbH7Qf
368,1090513258744872962,6942422,855,52593,1448,828,83225,2007-06-19 21:13:46,0,1,2019-01-30 07:33:16,PPIs not the best choice for occasional heartburn https://t.co/NX4smfTVyo
369,1090460391166095362,6942422,855,52593,1448,828,83225,2007-06-19 21:13:46,1,0,2019-01-30 04:03:11,"Manatee administrator summarizes highs, lows of 2018 https://t.co/NMulLQk2tM"
370,1090435237664997377,6942422,855,52593,1448,828,83225,2007-06-19 21:13:46,1,5,2019-01-30 02:23:14,Manatee officials collaborate to counter climate change https://t.co/KB1vNq33FX
371,1090430276633849856,6942422,855,52593,1448,828,83225,2007-06-19 21:13:46,0,0,2019-01-30 02:03:31,Now playing: Arts listings for Jan. 31-Feb. 6 https://t.co/6hVNSicMaW
372,1090425253350854661,6942422,855,52593,1448,828,83225,2007-06-19 21:13:46,1,4,2019-01-30 01:43:34,DeSantis unveils 'war footing' budget plan for environment https://t.co/q0SONDvhee
373,1090420250347298823,6942422,855,52593,1448,828,83225,2007-06-19 21:13:46,2,5,2019-01-30 01:23:41,PGT Innovations celebrates opening of new connector building https://t.co/ROi8gblUVk
374,1090398792900362240,6942422,855,52593,1448,828,83225,2007-06-19 21:13:46,0,0,2019-01-29 23:58:25,"Police say Central Florida man killed parents, brother, stole $210K https://t.co/yZUHCFM3gW"
375,1090398790933270533,6942422,855,52593,1448,828,83225,2007-06-19 21:13:46,0,2,2019-01-29 23:58:25,Visit Sarasota County celebrates new visitors center  https://t.co/DfX2SoJyH4
376,1090398787749773312,6942422,855,52593,1448,828,83225,2007-06-19 21:13:46,1,3,2019-01-29 23:58:24,PGT Innovations celebrates opening of new connector buildling https://t.co/BpLioYYqs5
377,1090392516464181250,6942422,855,52593,1448,828,83225,2007-06-19 21:13:46,1,1,2019-01-29 23:33:29,Sarasota schools audit shows issues with construction cost record-keeping https://t.co/hjfqzTYiC2
378,1090381143424331779,6942422,855,52593,1448,828,83225,2007-06-19 21:13:46,0,0,2019-01-29 22:48:17,State acts against Airbnb over West Bank policy https://t.co/2jNCz0YHsd
379,1090376126101377024,6942422,855,52593,1448,828,83225,2007-06-19 21:13:46,1,0,2019-01-29 22:28:21,Vern Buchanan not on list of GOP lawmakers targeted in 2020 https://t.co/Xb9mduhqe0
380,1090376124008484864,6942422,855,52593,1448,828,83225,2007-06-19 21:13:46,1,0,2019-01-29 22:28:20,Manatee River Garden Club hosts annual show https://t.co/nJgkQrIPn8
381,1090376120921477121,6942422,855,52593,1448,828,83225,2007-06-19 21:13:46,0,0,2019-01-29 22:28:20,"Impact 100 SRQ: 100 Women Raise $100,000 https://t.co/YAXMaLL2XE"
382,1090366002662133765,6942422,855,52593,1448,828,83225,2007-06-19 21:13:46,0,0,2019-01-29 21:48:07,SINGLETARY: Where should you keep your emergency fund until you need it? https://t.co/BLVMQ40aCb
383,1090362338115497984,6942422,855,52593,1448,828,83225,2007-06-19 21:13:46,0,0,2019-01-29 21:33:34,Florida couple clears out Taco Bell with WWII-era hand grenade https://t.co/wAY2fUKjl5
384,1090357462551674880,6942422,855,52593,1448,828,83225,2007-06-19 21:13:46,0,0,2019-01-29 21:14:11,Sarasota County to soon begin borrowing money for Legacy Trail extension https://t.co/1GkwAOBBoJ
385,1090357459607343104,6942422,855,52593,1448,828,83225,2007-06-19 21:13:46,0,0,2019-01-29 21:14:10,USF professor: Younger Floridians shift debate on issues like the environment https://t.co/IwvhMNmPrB
386,1090357456398704640,6942422,855,52593,1448,828,83225,2007-06-19 21:13:46,0,0,2019-01-29 21:14:10,Teacher: Music enriches life and learning https://t.co/jjKYgA5WKf
387,1090357452426657798,6942422,855,52593,1448,828,83225,2007-06-19 21:13:46,0,0,2019-01-29 21:14:09,Manatee administrator summarizes highs and lows of 2018 https://t.co/GcXaKxQYPx
388,1090353480232067073,6942422,855,52593,1448,828,83225,2007-06-19 21:13:46,0,0,2019-01-29 20:58:22,Sarasota man faces child pornography charges https://t.co/KXWeKwVXkK
389,1090353477287641090,6942422,855,52593,1448,828,83225,2007-06-19 21:13:46,0,1,2019-01-29 20:58:21,USF professor: Younger Floridians shifting the debate on issues such as the environment https://t.co/eA8EehQZ7t
390,1090353475081461761,6942422,855,52593,1448,828,83225,2007-06-19 21:13:46,0,0,2019-01-29 20:58:20,Administrator summarizes highs and lows of 2018  https://t.co/FHy7jJgsns
391,1090346339093884928,6942422,855,52593,1448,828,83225,2007-06-19 21:13:46,0,0,2019-01-29 20:29:59,Contractors boost payrolls but keep searching for workers https://t.co/IdXgfvZ3ju
392,1090340998029475840,6942422,855,52593,1448,828,83225,2007-06-19 21:13:46,1,1,2019-01-29 20:08:46,Former Florida gubernatorial candidate Andrew Gillum to join CNN https://t.co/3VJkHJoMMk
393,1090340995273760769,6942422,855,52593,1448,828,83225,2007-06-19 21:13:46,1,1,2019-01-29 20:08:45,The climb in nation's home prices has eased https://t.co/TpFUhogSUr
394,1090338303285563393,6942422,855,52593,1448,828,83225,2007-06-19 21:13:46,2,1,2019-01-29 19:58:03,"Cops: Fla. man thought he was stealing opioids, but wound up with laxatives instead https://t.co/XAUaYWATBg"
395,1090332148245123074,6942422,855,52593,1448,828,83225,2007-06-19 21:13:46,0,0,2019-01-29 19:33:36,Luxury home builder expands into commercial construction https://t.co/jfYp7ZCUmJ
396,1090332145711747075,6942422,855,52593,1448,828,83225,2007-06-19 21:13:46,0,0,2019-01-29 19:33:35,New retail building coming to Venice Jacaranda Plaza https://t.co/HGk3YnaDza
397,1090332141202878464,6942422,855,52593,1448,828,83225,2007-06-19 21:13:46,0,0,2019-01-29 19:33:34,"Sarasota securities scammer, 81, heads to prison this week https://t.co/zeCi92xvQ7"
398,1090327050525831169,6942422,855,52593,1448,828,83225,2007-06-19 21:13:46,1,0,2019-01-29 19:13:20,"Cops: Fla. man thought he was stealing opiods, but wound up with laxatives instead https://t.co/egqL6uFDzl"
399,1090315693273296897,6942422,855,52593,1448,828,83225,2007-06-19 21:13:46,0,0,2019-01-29 18:28:13,Vehicle burns on top of Sarasota State Street garage https://t.co/aUbYREYFv0
400,1090252854139543553,6942422,855,52593,1448,828,83225,2007-06-19 21:13:46,1,1,2019-01-29 14:18:31,Seidman: 'Poverty simulation' is a reminder of how oblivious we often are https://t.co/et1ee7vF0N
401,1090252848871493633,6942422,855,52593,1448,828,83225,2007-06-19 21:13:46,1,1,2019-01-29 14:18:29,Sarasota state Sen. Joe Gruters files 20-week abortion ban https://t.co/fQeGMFuj6H
402,1090215014445793280,6942422,855,52593,1448,828,83225,2007-06-19 21:13:46,1,1,2019-01-29 11:48:09,Tryon: Let prisons copy jails in diverting inmates https://t.co/fynEp1jf38
403,1090215011421696000,6942422,855,52593,1448,828,83225,2007-06-19 21:13:46,0,0,2019-01-29 11:48:08,Tuesday's letters: Border security and the shutdown https://t.co/tmKGnb8UPX
404,1090210040655564800,6942422,855,52593,1448,828,83225,2007-06-19 21:13:46,0,0,2019-01-29 11:28:23,Gerson: Trump's false advertising exposed https://t.co/Xi8BOCeDpy
405,1090210037648232448,6942422,855,52593,1448,828,83225,2007-06-19 21:13:46,0,1,2019-01-29 11:28:22,Seidman: Experiencing life on the edge https://t.co/gAnneGQs4e
406,1090153380650074112,6942422,855,52593,1448,828,83225,2007-06-19 21:13:46,0,0,2019-01-29 07:43:14,Preston: Let the benefits of exercise go to your head https://t.co/0iYiOR8dZq
407,1090153378896859137,6942422,855,52593,1448,828,83225,2007-06-19 21:13:46,0,1,2019-01-29 07:43:14,Bonior: How can I change when I don't see the need to? https://t.co/3WOOs6UyLa
408,1090153375822434304,6942422,855,52593,1448,828,83225,2007-06-19 21:13:46,0,1,2019-01-29 07:43:13,Brody: Online research is no substitute for a real doctor https://t.co/AlbfNoMMHN
409,1090153373326888960,6942422,855,52593,1448,828,83225,2007-06-19 21:13:46,0,0,2019-01-29 07:43:12,Nasal irrigation can soothe inflamed sinuses https://t.co/7cdSHVQ7iU
410,1090056816254423040,6942422,855,52593,1448,828,83225,2007-06-19 21:13:46,2,1,2019-01-29 01:19:31,Selby Gardens announces largest gift in its history https://t.co/SJ282mUIDx
411,1090051708791767041,6942422,855,52593,1448,828,83225,2007-06-19 21:13:46,0,0,2019-01-29 00:59:14,Judge rules against state on Medicaid contract https://t.co/ANfCq7mR0f
412,1090036803669803008,6942422,855,52593,1448,828,83225,2007-06-19 21:13:46,5,10,2019-01-29 00:00:00,"The ""Antiques Roadshow"" filmed in Sarasota airs in one hour! Here's a preview of the first episode: https://t.co/DNcxDd09Dh"
413,1090027760930705408,6942422,855,52593,1448,828,83225,2007-06-19 21:13:46,2,3,2019-01-28 23:24:04,Salem the dolphin released after Sarasota rehab https://t.co/ss8ecKaCFf
414,1090015354187927553,6942422,855,52593,1448,828,83225,2007-06-19 21:13:46,0,0,2019-01-28 22:34:46,MPO forum: Automation will alter transportation planning  https://t.co/ByOCjd2u6i
415,1090015346680049664,6942422,855,52593,1448,828,83225,2007-06-19 21:13:46,0,0,2019-01-28 22:34:44,BUSINESS BUZZ: Wilson Window turns 50; Halfacre finishes Bayside church project; Goodwill reaccredited https://t.co/zJQHnmRVX7
416,1090010180547428352,6942422,855,52593,1448,828,83225,2007-06-19 21:13:46,0,0,2019-01-28 22:14:13,Prominent Christian conservative slams Joe Gruters over LGBTQ anti-discrimination bill https://t.co/L6U77arQ5l
417,1090005212377563136,6942422,855,52593,1448,828,83225,2007-06-19 21:13:46,0,0,2019-01-28 21:54:28,"NEIL IRWIN: Low-growth, low-inflation rut keeps world economy wavering https://t.co/ml1Zd7hrKI"
418,1090005210414632960,6942422,855,52593,1448,828,83225,2007-06-19 21:13:46,2,12,2019-01-28 21:54:28,Gruters files 20-week abortion ban https://t.co/bj15GcSNrl
419,1090005208611082244,6942422,855,52593,1448,828,83225,2007-06-19 21:13:46,0,2,2019-01-28 21:54:27,Lane closures planned for Sunday's Sarasota Music Half Marathon https://t.co/o7LRE44FKn
420,1090005206207733760,6942422,855,52593,1448,828,83225,2007-06-19 21:13:46,0,0,2019-01-28 21:54:27,Red tide caused worst Sarasota hotel occupancy dip since 9/11 https://t.co/UGT7pbvpIe
421,1089998897928433664,6942422,855,52593,1448,828,83225,2007-06-19 21:13:46,1,0,2019-01-28 21:29:23,Venice Theatre announces 70th season lineup https://t.co/feT1mUAR8w
422,1089998895860645888,6942422,855,52593,1448,828,83225,2007-06-19 21:13:46,2,3,2019-01-28 21:29:22,"Local education institutions want more money for school security, technology, growth https://t.co/WI5mgiolD3"
423,1089992633785688067,6942422,855,52593,1448,828,83225,2007-06-19 21:13:46,0,0,2019-01-28 21:04:29,Red tide caused worst Sarasota hotel occupancy decline since 9/11 https://t.co/0QSPCegjAe
424,1089992632179310592,6942422,855,52593,1448,828,83225,2007-06-19 21:13:46,0,0,2019-01-28 21:04:29,Tampa felon accused of robbing Sarasota bank https://t.co/Gu1KEQXysk
425,1089992629801107459,6942422,855,52593,1448,828,83225,2007-06-19 21:13:46,0,0,2019-01-28 21:04:28,CHRIS WILLE: Plenty of big spreads for sale https://t.co/7VpEwlkzUs
426,1089982547034025994,6942422,855,52593,1448,828,83225,2007-06-19 21:13:46,2,1,2019-01-28 20:24:24,Skyline Chili close to opening in Lakewood Ranch https://t.co/iVYXwmO9YH
427,1089977608912228352,6942422,855,52593,1448,828,83225,2007-06-19 21:13:46,0,0,2019-01-28 20:04:47,"Home starts rise, mostly at higher price levels  https://t.co/zrY5du1auD"
428,1089961159149735937,6942422,855,52593,1448,828,83225,2007-06-19 21:13:46,0,1,2019-01-28 18:59:25,Salem the dolphin to be released after Sarasota rehab https://t.co/7psBtopxIf
429,1089939859421253632,6942422,855,52593,1448,828,83225,2007-06-19 21:13:46,1,0,2019-01-28 17:34:47,Sarasota teacher's union representative dies in Nokomis crash https://t.co/jpgMMSIzJ3
430,1089934846934294528,6942422,855,52593,1448,828,83225,2007-06-19 21:13:46,3,0,2019-01-28 17:14:52,Red tide caused worst Sarasota tourism decline since 9/11 https://t.co/7ekm3IjkVI
431,1089929973958361088,6942422,855,52593,1448,828,83225,2007-06-19 21:13:46,2,1,2019-01-28 16:55:30,Red tide blamed for worst Sarasota tourism decline since 9/11 https://t.co/88nNeZy7mJ
432,1089922399313805318,6942422,855,52593,1448,828,83225,2007-06-19 21:13:46,0,0,2019-01-28 16:25:24,FHP investigating fatal crash in Nokomis https://t.co/7o4MiXGc6D
433,1089922397086646272,6942422,855,52593,1448,828,83225,2007-06-19 21:13:46,2,0,2019-01-28 16:25:23,Worst tourism decline since 9/11 prompts demands to act on red tide  https://t.co/RkT3Fk8FuG
434,1089894554109644807,6942422,855,52593,1448,828,83225,2007-06-19 21:13:46,1,1,2019-01-28 14:34:45,Pump prices slip as gasoline glut grows https://t.co/IP61KFdC1R
435,1089890683303923712,6942422,855,52593,1448,828,83225,2007-06-19 21:13:46,0,0,2019-01-28 14:19:22,Train hits car parked on tracks in Manatee https://t.co/pRLzyTZb36
436,1089850372603215873,6942422,855,52593,1448,828,83225,2007-06-19 21:13:46,0,1,2019-01-28 11:39:11,"Monday's letters: Sebring shootings, carbon tax, more https://t.co/cQ2qrnLZhk"
437,1089840343078629376,6942422,855,52593,1448,828,83225,2007-06-19 21:13:46,0,1,2019-01-28 10:59:20,Anderson: Sarasota's role in Trump's border wall https://t.co/XVgkRz7mBL
438,1089835412988792832,6942422,855,52593,1448,828,83225,2007-06-19 21:13:46,0,2,2019-01-28 10:39:45,Florida prisons: Time for reform? https://t.co/JMkLT6k1SR
439,1089830387570888704,6942422,855,52593,1448,828,83225,2007-06-19 21:13:46,0,0,2019-01-28 10:19:47,Bradenton nonprofit gives Green Beret new teeth https://t.co/UkMy41QTkM
440,1089810108257918979,6942422,855,52593,1448,828,83225,2007-06-19 21:13:46,0,1,2019-01-28 08:59:12,Ron Allen: A worthy choice for Manatee Chamber of Commerce honor https://t.co/5WnEwARJCP
441,1089788752162111488,6942422,855,52593,1448,828,83225,2007-06-19 21:13:46,0,0,2019-01-28 07:34:20,BUSINESS CALENDAR: Events of Jan. 28 to Feb. 21 https://t.co/hkVcFxwMO7
442,1089788750513799168,6942422,855,52593,1448,828,83225,2007-06-19 21:13:46,0,0,2019-01-28 07:34:20,How to really eat the elephant this year https://t.co/JeQEVbnPcC
443,1089788748047495168,6942422,855,52593,1448,828,83225,2007-06-19 21:13:46,0,0,2019-01-28 07:34:19,"TRAFFIC ADVISORY: Where to expect detours, delays  https://t.co/1Mp4Wk0xA2"
444,1089788746503999488,6942422,855,52593,1448,828,83225,2007-06-19 21:13:46,0,0,2019-01-28 07:34:19,GRAND OPENING: X 30 Fit Boot Camp; Your CBD Store Punta Gorda  https://t.co/q3HwAUUo0p
445,1089788744864018432,6942422,855,52593,1448,828,83225,2007-06-19 21:13:46,0,0,2019-01-28 07:34:18,DENNIS ZINK: Preventing wire fraud — what you need to do https://t.co/D13ws3eZd9
446,1089788743177981952,6942422,855,52593,1448,828,83225,2007-06-19 21:13:46,0,0,2019-01-28 07:34:18,STEPLEMAN: A thoughtful asset allocation for moderate investors https://t.co/83GYXF4CK4
447,1089788740543922176,6942422,855,52593,1448,828,83225,2007-06-19 21:13:46,0,0,2019-01-28 07:34:17,"HIELSCHER: Florida economy ends year strong, is poised to outpace US in 2019 https://t.co/RdiNgGif0j"
448,1089788739038130176,6942422,855,52593,1448,828,83225,2007-06-19 21:13:46,0,0,2019-01-28 07:34:17,Housing project outside Grand Canyon halts https://t.co/01Wv299cfL
449,1089788736425074690,6942422,855,52593,1448,828,83225,2007-06-19 21:13:46,0,0,2019-01-28 07:34:16,REAL ESTATE PEOPLE https://t.co/v1LvYY5P1L
450,1089788733585543168,6942422,855,52593,1448,828,83225,2007-06-19 21:13:46,0,0,2019-01-28 07:34:16,REAL ESTATE DEALS https://t.co/JOoWStY6kC
451,1089788731991584770,6942422,855,52593,1448,828,83225,2007-06-19 21:13:46,0,1,2019-01-28 07:34:15,An innovative home for 'grandfamilies' https://t.co/a5kSyQ8daW
452,1089788729345101824,6942422,855,52593,1448,828,83225,2007-06-19 21:13:46,0,0,2019-01-28 07:34:15,BUSINESS PEOPLE https://t.co/DREfJ8Dsrw
453,1089788727877165056,6942422,855,52593,1448,828,83225,2007-06-19 21:13:46,0,0,2019-01-28 07:34:14,GOOD DEEDS https://t.co/qVSdsvil2X
454,1089788725373161472,6942422,855,52593,1448,828,83225,2007-06-19 21:13:46,0,3,2019-01-28 07:34:14,MARK HUEY: Coding academy grant is a key win in closing tech-skills gap https://t.co/d151IM3bZO
455,1089788722378432512,6942422,855,52593,1448,828,83225,2007-06-19 21:13:46,0,0,2019-01-28 07:34:13,Men with enlarged prostate have options for daily meds https://t.co/Blyz1sPQ2U
456,1089757266646061056,6942422,855,52593,1448,828,83225,2007-06-19 21:13:46,0,0,2019-01-28 05:29:13,"'Black Panther' wins top honor at SAG Awards, 'Maisel' soars https://t.co/TUHSDW0SXe"
