Index,ID,User_ID,Friends_Count,Followers_Count,Favourites_Count,Listed_Count,Status_Count,Created_at,Retweet_Count,Favourite_Count,Created_at,Text
1,1094725218789220354,8862532,885,62804,1437,1821,68901,2007-09-13 21:08:23,1,2,2019-02-10 22:30:05,"Ruben Diaz Sr. is facing calls to resign after reports of ""anti-homosexual"" comments https://t.co/9itL7SHvG2 https://t.co/3j9mbQwIUU"
2,1094717673445957638,8862532,885,62804,1437,1821,68901,2007-09-13 21:08:23,1,0,2019-02-10 22:00:06,"The @RedRoomOrch is set to perform music from ""Twin Peaks"" and Wes Anderson films https://t.co/VFfX53Og0b https://t.co/MKwjZhEdjp"
3,1094693241952317440,8862532,885,62804,1437,1821,68901,2007-09-13 21:08:23,2,2,2019-02-10 20:23:01,Get to know the public advocate candidates ahead of the special election later this month https://t.co/AWFqkgyWqz https://t.co/26DAtJVOOS
4,1094688960041885697,8862532,885,62804,1437,1821,68901,2007-09-13 21:08:23,4,4,2019-02-10 20:06:01,"Queens' oldest bar, @Neirstavern, is fighting for its 200th anniversary https://t.co/6WTjFW77ub https://t.co/hnmxmkXYxV"
5,1094679146930884608,8862532,885,62804,1437,1821,68901,2007-09-13 21:08:23,0,0,2019-02-10 19:27:01,There's still time to find your sweetheart delicious artisanal chocolates for Valentine's Day… https://t.co/rAmBs8sxHx
6,1094664215770607619,8862532,885,62804,1437,1821,68901,2007-09-13 21:08:23,0,3,2019-02-10 18:27:41,"Dogs ""meet and compete"" at the #WestminsterDogShow (@wkcdogs) https://t.co/WEprOt98DR https://t.co/l2RELjpz5c"
7,1094643389612650501,8862532,885,62804,1437,1821,68901,2007-09-13 21:08:23,1,1,2019-02-10 17:04:56,A chef with some Michelin cred is behind a new American brasserie in the Meatpacking District ... and more new dini… https://t.co/K8MNmX3jTv
8,1094628557584809989,8862532,885,62804,1437,1821,68901,2007-09-13 21:08:23,0,1,2019-02-10 16:06:00,"A Bronx toddler has died after falling from a fourth-floor window, police say https://t.co/UoAyQnug92 https://t.co/apMSUJNkeq"
9,1094627128417705985,8862532,885,62804,1437,1821,68901,2007-09-13 21:08:23,0,0,2019-02-10 16:00:19,Here's who will win and who SHOULD win at tonight's #GrammyAwards https://t.co/1o1CjFqYFP https://t.co/TkSOUHQ0Zp
10,1094611954197581824,8862532,885,62804,1437,1821,68901,2007-09-13 21:08:23,4,6,2019-02-10 15:00:01,Go behind the scenes at the Bronx Zoo tonight on Animal Planet https://t.co/EDKX3QyzTU https://t.co/GaqfDBS80x
11,1094362855019892737,8862532,885,62804,1437,1821,68901,2007-09-13 21:08:23,0,1,2019-02-09 22:30:11,Valentine's Day dinners in the city that are delicious AND affordable https://t.co/f6hl6EEqL7 https://t.co/AuAW1e48Iu
12,1094348969814171653,8862532,885,62804,1437,1821,68901,2007-09-13 21:08:23,0,0,2019-02-09 21:35:01,Brooklyn singer Adeline finds her own spin on funk and disco https://t.co/aCQJMcRfcC https://t.co/obzfjKesVM
13,1094316257447473153,8862532,885,62804,1437,1821,68901,2007-09-13 21:08:23,1,1,2019-02-09 19:25:01,Temperatures in the 30s doesn't mean there aren't fresh vegetables at your area greenmarkets https://t.co/GMytPlSiRa https://t.co/4DvvWW9YeF
14,1094272239661449216,8862532,885,62804,1437,1821,68901,2007-09-13 21:08:23,1,0,2019-02-09 16:30:07,"This is the last weekend to take advantage of the NYC Broadway Week, NYC Restaurant Week and NYC Must-See Week deal… https://t.co/kHIcwWUwDg"
15,1094214589770858496,8862532,885,62804,1437,1821,68901,2007-09-13 21:08:23,2,3,2019-02-09 12:41:02,Don't wait for a train that's not coming. Check these MTA weekend service changes before heading out… https://t.co/vNEs7zGDVm
16,1094001078113394688,8862532,885,62804,1437,1821,68901,2007-09-13 21:08:23,7,11,2019-02-08 22:32:37,"""Little Pakistan"" community members celebrate in Brooklyn for the unveiling of ""Muhammad Ali Jinnah Way""… https://t.co/Hdz1Yn0Jh5"
17,1093994887496765446,8862532,885,62804,1437,1821,68901,2007-09-13 21:08:23,0,6,2019-02-08 22:08:01,Here's how you can meet the furry competitors at this year's #WKCDogShow https://t.co/p5JLXKjl5h https://t.co/0Orb2PzgRE
18,1093981576474562561,8862532,885,62804,1437,1821,68901,2007-09-13 21:08:23,1,2,2019-02-08 21:15:07,The Museum of the Dog is officially back in New York City after 32 years away https://t.co/A4Thsj13hs https://t.co/4ZHVjJhbHX
19,1093968466426687488,8862532,885,62804,1437,1821,68901,2007-09-13 21:08:23,1,1,2019-02-08 20:23:02,"MTA subway delay data misled the public for years, City Comptroller Scott Stringer says
https://t.co/3WqrmA6tQ4 https://t.co/4LKrnXtZqT"
20,1093962679134404608,8862532,885,62804,1437,1821,68901,2007-09-13 21:08:23,1,4,2019-02-08 20:00:02,The @MuseumatFIT pulled more than 80 of its ensembles to create a 50-year retrospective of its most intriguing exhi… https://t.co/2BUOn7lHn8
21,1093948080062373899,8862532,885,62804,1437,1821,68901,2007-09-13 21:08:23,0,1,2019-02-08 19:02:01,"Don't think you have to miss out on #NYFW if you don't have tickets — there are plenty of ways to participate, incl… https://t.co/AoCEoI6zoo"
22,1093934942571163650,8862532,885,62804,1437,1821,68901,2007-09-13 21:08:23,5,4,2019-02-08 18:09:49,Amazon is reportedly reconsidering its plan to come to Queens https://t.co/FfIlNzDr8B https://t.co/reoksTy3IU
23,1093932713453723649,8862532,885,62804,1437,1821,68901,2007-09-13 21:08:23,0,1,2019-02-08 18:00:57,See which celebs braved the cold for #NYFW https://t.co/fKEfUJq1we https://t.co/MB3s5VqyDn
24,1093921194565353473,8862532,885,62804,1437,1821,68901,2007-09-13 21:08:23,0,5,2019-02-08 17:15:11,"A Frida Kahlo exhibit is taking over the Brooklyn Museum, from the walls to the menu https://t.co/xzm5Tc5eoh https://t.co/SOVzs7vMHA"
25,1093913603948843009,8862532,885,62804,1437,1821,68901,2007-09-13 21:08:23,0,2,2019-02-08 16:45:01,.@QuadCinema's Jeff Goldblum retrospective highlights his deep cuts https://t.co/Na0w908nyG https://t.co/wmC2Q33rBz
26,1093893178992873472,8862532,885,62804,1437,1821,68901,2007-09-13 21:08:23,0,4,2019-02-08 15:23:52,"NYPD officers fatally shot a man who was stabbing his  partner in a LES apartment, officials said… https://t.co/xG4pcp2Uiv"
27,1093868254886539265,8862532,885,62804,1437,1821,68901,2007-09-13 21:08:23,0,2,2019-02-08 13:44:49,The NYPD is investigating a possible police-involved shooting on the Lower East Side https://t.co/d8UfyNx0ua https://t.co/xdBZal8Mt8
28,1093859101388480513,8862532,885,62804,1437,1821,68901,2007-09-13 21:08:23,0,1,2019-02-08 13:08:27,"Longest-serving congressman John Dingell, baseball Hall of Famer Frank Robinson and more celebrities we've recently… https://t.co/dNPcE5suUr"
29,1093682077889908736,8862532,885,62804,1437,1821,68901,2007-09-13 21:08:23,1,1,2019-02-08 01:25:01,"Without reaching a verdict, the ""El Chapo"" jury told the judge they didn't want to resume the trial until Monday… https://t.co/q3kfXq2Xh5"
30,1093668294454841344,8862532,885,62804,1437,1821,68901,2007-09-13 21:08:23,1,4,2019-02-08 00:30:15,"The city will extend its current hiring freeze in an effort to save $750 million in fiscal year 2020, @NYCMayor say… https://t.co/CNs0zLmUdR"
31,1093655678189744128,8862532,885,62804,1437,1821,68901,2007-09-13 21:08:23,2,5,2019-02-07 23:40:07,"The @BronxZoo takes visitors behind the scenes with the return of its @AnimalPlanet show ""The Zoo""… https://t.co/RgzVqotSfg"
32,1093652130135711747,8862532,885,62804,1437,1821,68901,2007-09-13 21:08:23,1,0,2019-02-07 23:26:01,"Bundle up: A chilly, windy weekend is ahead https://t.co/16FJkxiwXP https://t.co/1Ls0281Vbc"
33,1093643577312317442,8862532,885,62804,1437,1821,68901,2007-09-13 21:08:23,0,1,2019-02-07 22:52:02,"Gov. Cuomo touts Amazon HQ2 as a ""major economic plus"" https://t.co/1GpsY7eAUu https://t.co/VETCLk89OC"
34,1093638035357552640,8862532,885,62804,1437,1821,68901,2007-09-13 21:08:23,0,2,2019-02-07 22:30:01,"Has MTV pulled ""Made in Staten Island?"" Critics sure hope so https://t.co/1ZsecHNgaM https://t.co/I0NoYxJAit"
35,1093631752181039106,8862532,885,62804,1437,1821,68901,2007-09-13 21:08:23,0,2,2019-02-07 22:05:03,"The revival of Irving Berlin’s “Call Me Madam” is flat and tiresome, critic @MattWindman writes… https://t.co/BnvxyVpgqD"
36,1093626726427607040,8862532,885,62804,1437,1821,68901,2007-09-13 21:08:23,4,12,2019-02-07 21:45:04,"The @museumatFIT's 50-year retrospective ""Exhibitionism"" has got the LOOKS 💃 https://t.co/uO9PLCAC3Z https://t.co/qjvd0UvsBk"
37,1093618913185841152,8862532,885,62804,1437,1821,68901,2007-09-13 21:08:23,0,1,2019-02-07 21:14:02,A Queens mom has turned her life-changing experience with Nurse-Family Partnership (@NFP_nursefamily) into a career… https://t.co/96w6IwNFNR
38,1093610363193643008,8862532,885,62804,1437,1821,68901,2007-09-13 21:08:23,3,4,2019-02-07 20:40:03,A pizza turf battle brews between the NYPD and Chicago police https://t.co/WpsrHOynZf https://t.co/lnXNRNvREK
39,1093602808576831488,8862532,885,62804,1437,1821,68901,2007-09-13 21:08:23,1,2,2019-02-07 20:10:02,"Embrace the childhood fantasy and step inside a life-sized dollhouse at the ""Blow Up"" exhibit in Chelsea… https://t.co/MWGALl6yBK"
40,1093585196035854336,8862532,885,62804,1437,1821,68901,2007-09-13 21:08:23,0,1,2019-02-07 19:00:03,Who should win at this year's #GRAMMYs? Here's our predictions https://t.co/1o1CjFqYFP https://t.co/qmyaGmtDWl
41,1093577640634654721,8862532,885,62804,1437,1821,68901,2007-09-13 21:08:23,4,12,2019-02-07 18:30:01,Five endangered Atlantic sturgeon have found a new home at the New York Aquarium https://t.co/kQXcmViq1z https://t.co/jEkKEZQwZg
42,1093570239726608384,8862532,885,62804,1437,1821,68901,2007-09-13 21:08:23,0,0,2019-02-07 18:00:37,Where to get a great Valentine's Day dinner without breaking the bank https://t.co/f6hl6EEqL7 https://t.co/4J5RYTXIQx
43,1093562633322549254,8862532,885,62804,1437,1821,68901,2007-09-13 21:08:23,0,3,2019-02-07 17:30:23,Don't worry if you can't get into #NYFW shows when there are tons of events that are open to the public… https://t.co/OrHRajC4sn
44,1093551235683225600,8862532,885,62804,1437,1821,68901,2007-09-13 21:08:23,1,2,2019-02-07 16:45:06,"Today's the last day to see a screening of ""Black Panther"" for free https://t.co/5mWln7fOgR https://t.co/bc9aLZwRsq"
45,1093544415828824070,8862532,885,62804,1437,1821,68901,2007-09-13 21:08:23,0,0,2019-02-07 16:18:00,The federal government will investigate the heat and power outages at the Brooklyn detention center… https://t.co/fuMlkvJrix
46,1093298317394698241,8862532,885,62804,1437,1821,68901,2007-09-13 21:08:23,0,0,2019-02-07 00:00:06,We asked the public advocate candidates why New Yorkers should vote for them (and if they'll run for mayor in 2021)… https://t.co/MEbiV2DPC9
47,1093293266798301191,8862532,885,62804,1437,1821,68901,2007-09-13 21:08:23,1,1,2019-02-06 23:40:01,"The mystery L train odor is ""not in any way toxic or unsafe,"" the @MTA says https://t.co/oKm8PZXN1G https://t.co/ijZUoKTZZ5"
48,1093286975401005057,8862532,885,62804,1437,1821,68901,2007-09-13 21:08:23,0,4,2019-02-06 23:15:01,"Actor Will Arnett's (@arnettwill) take on his Lego counterpart: ""I get to be this kind of Batman with an asterisk.… https://t.co/YE8DPiCJUU"
49,1093283283989868544,8862532,885,62804,1437,1821,68901,2007-09-13 21:08:23,1,3,2019-02-06 23:00:21,"There's no shortage of fresh produce at NYC's greenmarkets, even during the bitter cold https://t.co/GMytPlSiRa https://t.co/OFQtyi3OuG"
50,1093266337227513856,8862532,885,62804,1437,1821,68901,2007-09-13 21:08:23,2,1,2019-02-06 21:53:01,10 public advocate candidates will debate tonight. Here's how you can watch https://t.co/qcmnzZrbKx https://t.co/SlDseax6RP
51,1093260642243543053,8862532,885,62804,1437,1821,68901,2007-09-13 21:08:23,0,6,2019-02-06 21:30:23,"Taylor Schilling deals with the real horrors of parenthood in ""The Prodigy"" https://t.co/NX1ObWdY2X https://t.co/ffvNkCtoKr"
52,1093253096078221312,8862532,885,62804,1437,1821,68901,2007-09-13 21:08:23,1,0,2019-02-06 21:00:24,Two legislators hope to give state prison inmates a raise https://t.co/2gMorZMaJ8 https://t.co/MtJCaVD8yh
53,1093245535698456581,8862532,885,62804,1437,1821,68901,2007-09-13 21:08:23,1,1,2019-02-06 20:30:21,"If you don't have a ticket for #NYFW, don't fret, there are many events open to the public https://t.co/aIADwHp1ZG https://t.co/lSIMZhKfj5"
54,1093240423366213632,8862532,885,62804,1437,1821,68901,2007-09-13 21:08:23,0,2,2019-02-06 20:10:03,"Bus and bike lanes for the nixed L train shutdown are still needed, advocates say 
https://t.co/FOAk8x95jE https://t.co/dav0LuiZKY"
55,1093230571654995974,8862532,885,62804,1437,1821,68901,2007-09-13 21:08:23,1,3,2019-02-06 19:30:54,The NYPD demands Google remove driver reports of DWI checkpoints from Waze https://t.co/8IxlVcNUnJ https://t.co/2Eo3mA5JCJ
56,1093221991748915200,8862532,885,62804,1437,1821,68901,2007-09-13 21:08:23,0,1,2019-02-06 18:56:48,Kennedy Airport is getting a $344 million makeover https://t.co/cBAsjxj5YR https://t.co/VdKyAM2sFK
57,1093206963033436160,8862532,885,62804,1437,1821,68901,2007-09-13 21:08:23,1,3,2019-02-06 17:57:05,Sexual assault victims who were improperly billed for examinations will be repaid under an AG settlement… https://t.co/b5qWwnbtix
58,1093198905641185282,8862532,885,62804,1437,1821,68901,2007-09-13 21:08:23,1,3,2019-02-06 17:25:04,The @QnsNightMarket is dropping its beer and wine garden and is allowing drinkers to roam this season… https://t.co/aTfrVV2vPb
59,1093180776819146758,8862532,885,62804,1437,1821,68901,2007-09-13 21:08:23,0,1,2019-02-06 16:13:02,"The new Essex Market announces its final vendors: Heros &amp; Villains (@herosNYC), Don Ceviche and more… https://t.co/RTtVkwzjkt"
60,1093166314670223361,8862532,885,62804,1437,1821,68901,2007-09-13 21:08:23,0,0,2019-02-06 15:15:34,"How Brooklyn's Nation of Language built an audience and toured Italy, without yet releasing their debut album… https://t.co/CEUOrP8HX0"
61,1093143789210927104,8862532,885,62804,1437,1821,68901,2007-09-13 21:08:23,3,4,2019-02-06 13:46:03,"Companies avoided up to $10M in parking fines last year through city programs, the Independent Budget Office said… https://t.co/H6Nq0G8DiP"
62,1093133847515021313,8862532,885,62804,1437,1821,68901,2007-09-13 21:08:23,1,3,2019-02-06 13:06:33,"At State of the Union, women lawmakers in white stand up (or sit down) to Trump https://t.co/fq5UTWexfP #SOTU https://t.co/qAELZwYPZG"
63,1092955287445680128,8862532,885,62804,1437,1821,68901,2007-09-13 21:08:23,2,2,2019-02-06 01:17:01,"City food pantries are bracing for government shutdown whiplash as advocates warn of a so-called ""SNAP gap""… https://t.co/Oz27cesVoX"
64,1092947240329580544,8862532,885,62804,1437,1821,68901,2007-09-13 21:08:23,1,2,2019-02-06 00:45:02,Beto 2020? Maybe. The Texas Democrat said he would make a decision on whether to run for president by the end of Fe… https://t.co/UaUi1tnafa
65,1092940894855143426,8862532,885,62804,1437,1821,68901,2007-09-13 21:08:23,1,0,2019-02-06 00:19:49,"Fifi, a 10-year-old Doberman pinscher, is returning to MSG as an agility competitor at the Westminster Kennel Club… https://t.co/5BWFlSpEvb"
66,1092927861424603137,8862532,885,62804,1437,1821,68901,2007-09-13 21:08:23,3,4,2019-02-05 23:28:02,"Jin Park, the first Dreamer to receive a Rhodes Scholarship, is headed to the #SOTU: ""I want to highlight that acce… https://t.co/U6x4ss2PQe"
67,1092917540555276288,8862532,885,62804,1437,1821,68901,2007-09-13 21:08:23,1,1,2019-02-05 22:47:01,The NYPD is adding 35 new detectives to its Special Victims Division amid a jump in reported rapes… https://t.co/ykbwtzW35p
68,1092909492101091329,8862532,885,62804,1437,1821,68901,2007-09-13 21:08:23,0,1,2019-02-05 22:15:02,"Improve your Westminster dog show (@WKCDOGS) knowledge, including how to meet the furry competitors… https://t.co/HM29UL8Zk0"
69,1092899924822450177,8862532,885,62804,1437,1821,68901,2007-09-13 21:08:23,2,3,2019-02-05 21:37:01,The rollout of a city ban on CBD-infused food and drink has left bar and restaurant owners scratching their heads… https://t.co/5Xo0ykQCWf
70,1092893741533274117,8862532,885,62804,1437,1821,68901,2007-09-13 21:08:23,3,3,2019-02-05 21:12:27,L train service is back up and running after the MTA determined the fuel smell to be non-flammable heating oil that… https://t.co/KVdL76iNgX
71,1092871099526848513,8862532,885,62804,1437,1821,68901,2007-09-13 21:08:23,3,3,2019-02-05 19:42:29,"There are major service disruptions on the L train as crews investigate the source of a fuel smell on the tracks, M… https://t.co/5Qli2S5XLW"
72,1092867206541725697,8862532,885,62804,1437,1821,68901,2007-09-13 21:08:23,5,7,2019-02-05 19:27:01,"The Nurse-Family Partnership (@NFP_nursefamily) seeks to break the cycle of poverty in the city, one new mom at a t… https://t.co/bbfwIws5uG"
73,1092853120093298688,8862532,885,62804,1437,1821,68901,2007-09-13 21:08:23,1,1,2019-02-05 18:31:02,"If you're looking for women-focused workouts sans mansplaining, check out @ClimbMetroRock, @UpliftStudios and Women… https://t.co/SVWg41AtgN"
74,1092831626625798144,8862532,885,62804,1437,1821,68901,2007-09-13 21:08:23,2,2,2019-02-05 17:05:38,These are the guests NYC lawmakers are bringing to Trump's State of the Union address tonight… https://t.co/N5JougM5Yz
75,1092822243179147274,8862532,885,62804,1437,1821,68901,2007-09-13 21:08:23,0,2,2019-02-05 16:28:21,Madonna is receiving @glaad's equivalent of a lifetime achievement award for her advocacy https://t.co/rFfBjWQSoH https://t.co/UiiNdrFwCW
76,1092815220223954946,8862532,885,62804,1437,1821,68901,2007-09-13 21:08:23,0,3,2019-02-05 16:00:26,Whip up some spicy stir-fried rice cakes for your Chinese New Year celebration https://t.co/5kc47iPRFU https://t.co/ADciZWoK0S
77,1092767371289350144,8862532,885,62804,1437,1821,68901,2007-09-13 21:08:23,0,1,2019-02-05 12:50:18,"2 more men are being sought after the fatal gang-related shooting on a Queens subway platform, police said… https://t.co/dNUx5vYVEf"
78,1092621341457567745,8862532,885,62804,1437,1821,68901,2007-09-13 21:08:23,1,2,2019-02-05 03:10:02,Enter to win free tickets to the #Manifest cast's panel chat and episode screening https://t.co/bj2KG87t5y https://t.co/eG417V4JTs
79,1092578457765232641,8862532,885,62804,1437,1821,68901,2007-09-13 21:08:23,0,0,2019-02-05 00:19:38,Who's in and who's out at New York Fashion Week https://t.co/2DYOB5trIO https://t.co/26mwge6RCs
80,1092562210751164416,8862532,885,62804,1437,1821,68901,2007-09-13 21:08:23,0,0,2019-02-04 23:15:04,"Jurors deliberated all Monday without a verdict in the federal trial of ""El Chapo"" https://t.co/mUFXD4reNY https://t.co/pn2FcGZNel"
81,1092554658965528576,8862532,885,62804,1437,1821,68901,2007-09-13 21:08:23,35,56,2019-02-04 22:45:04,The @MorganLibrary Café has created a 'Hobbit' -themed menu alongside its Tolkien exhibit https://t.co/tW14jsMs3C https://t.co/EsXOvvllnS
82,1092544336787636225,8862532,885,62804,1437,1821,68901,2007-09-13 21:08:23,4,10,2019-02-04 22:04:03,"""New York Nico"" wants to help straphangers mind their manners in the subway https://t.co/1aoOXOeYsa https://t.co/1KgDhYivm0"
83,1092537282995908608,8862532,885,62804,1437,1821,68901,2007-09-13 21:08:23,1,5,2019-02-04 21:36:01,Queens Dreamer and Rhodes Scholar Jin Park (@JinNotJim) is bringing the plight of DACA enrollees to Trump's State o… https://t.co/DDl7EXe5fj
84,1092533663412174848,8862532,885,62804,1437,1821,68901,2007-09-13 21:08:23,0,0,2019-02-04 21:21:38,Police shot a carjacking suspect after they said she pinned an officer between two cars https://t.co/5VeaBJsBGY https://t.co/iMZxSljaq7
85,1092528236058365954,8862532,885,62804,1437,1821,68901,2007-09-13 21:08:23,0,0,2019-02-04 21:00:04,A sweet guide to where you can find some of New York City's best chocolates for Valentine's Day… https://t.co/HPjpzt3dv8
86,1092514889464197120,8862532,885,62804,1437,1821,68901,2007-09-13 21:08:23,0,0,2019-02-04 20:07:02,There will be protests in NYC before and during President Trump's State of the Union address tomorrow… https://t.co/yp8d7V6G6D
87,1092498133890801664,8862532,885,62804,1437,1821,68901,2007-09-13 21:08:23,16,37,2019-02-04 19:00:27,"Brooklyn's Jemima Kirke stars alongside her sister, Lola, in ""Untogether,"" out Friday https://t.co/AiNiGXBpLz https://t.co/QvjCwTHq1x"
88,1092490496243625985,8862532,885,62804,1437,1821,68901,2007-09-13 21:08:23,0,0,2019-02-04 18:30:06,Chef and author @andrewzimmern reveals the inspiration behind his new YA novel https://t.co/4sriTsIeBK https://t.co/vGucMJUgCu
89,1092479223762243584,8862532,885,62804,1437,1821,68901,2007-09-13 21:08:23,0,2,2019-02-04 17:45:18,Seal it with a hiss: Bronx Zoo's Name-A-Roach program is back for Valentine's Day https://t.co/XXkuw0CfkL https://t.co/viU0uBFkDb
90,1092477803239477250,8862532,885,62804,1437,1821,68901,2007-09-13 21:08:23,0,1,2019-02-04 17:39:40,Police have a man in custody in Sunday's fatal shooting on a Queens subway platform https://t.co/yHj1dbtc8o https://t.co/i2vgq7DjsV
91,1092465311998242817,8862532,885,62804,1437,1821,68901,2007-09-13 21:08:23,2,1,2019-02-04 16:50:02,Police have a Bronx man in custody but are seeking alleged accomplices in a series of bus theft joy rides… https://t.co/VY2DBWh9uv
92,1092460389047111681,8862532,885,62804,1437,1821,68901,2007-09-13 21:08:23,1,1,2019-02-04 16:30:28,Pilar Cuban Eatery adds a bakery and more new restaurant openings https://t.co/uD8ayy0t6y https://t.co/7ExBFmKKnK
93,1092455568634204166,8862532,885,62804,1437,1821,68901,2007-09-13 21:08:23,0,1,2019-02-04 16:11:19,"Power is back at the Brooklyn federal prison, but officials want answers https://t.co/4oZWE3ql8W https://t.co/OtITHQbL10"
94,1092446852157444099,8862532,885,62804,1437,1821,68901,2007-09-13 21:08:23,1,0,2019-02-04 15:36:40,Actor Kristoff St. John was confirmed dead on Monday https://t.co/QYhtm8Q3XW https://t.co/FUeXCNp5eM
95,1092407144463433728,8862532,885,62804,1437,1821,68901,2007-09-13 21:08:23,2,4,2019-02-04 12:58:53,Should the city keep the bike lanes and busway designed for the L train shutdown now that plans have changed?… https://t.co/GjABLyREaY
96,1092400675085004800,8862532,885,62804,1437,1821,68901,2007-09-13 21:08:23,2,3,2019-02-04 12:33:11,Brooklyn Metropolitan Detention Center guards used pepper spray on protesters who gathered after inmates had limite… https://t.co/RdHhvFjjPB
97,1092217676972412935,8862532,885,62804,1437,1821,68901,2007-09-13 21:08:23,0,1,2019-02-04 00:26:01,Want free tickets to the @nbcmanifest cast's #PaleyLive panel chat? ✈️ Enter here: https://t.co/bj2KG87t5y https://t.co/gW55YcrU9T
98,1092176409894838279,8862532,885,62804,1437,1821,68901,2007-09-13 21:08:23,0,0,2019-02-03 21:42:02,The submission deadline for our latest #CaptionThis cartoon is noon Feb. 4. Enter your words for @deankotz's artwor… https://t.co/7bKW7hVEQf
99,1092143235571568640,8862532,885,62804,1437,1821,68901,2007-09-13 21:08:23,0,0,2019-02-03 19:30:13,"If you don't know a touchdown from a home run, our #SuperBowl cheat sheet will get you up to speed by game time… https://t.co/TnLroflq51"
100,1092131201438101504,8862532,885,62804,1437,1821,68901,2007-09-13 21:08:23,4,2,2019-02-03 18:42:23,"A man was fatally shot on a subway platform in Queens today, police said https://t.co/chEcmWtmlE"
101,1092124316899180545,8862532,885,62804,1437,1821,68901,2007-09-13 21:08:23,0,0,2019-02-03 18:15:02,"No TV, no problem: Here's how to stream the #Rams vs. the #Patriots in #SuperBowlLIII https://t.co/AJRECbO3OX https://t.co/FYwiotedne"
102,1092090434711625729,8862532,885,62804,1437,1821,68901,2007-09-13 21:08:23,3,4,2019-02-03 16:00:24,New Yorkers are rooting for a #Patriots loss more than a #Rams win in the #SuperBowl https://t.co/UnSZ2gXBAz https://t.co/xGlhp6rwaW
103,1092075266699071489,8862532,885,62804,1437,1821,68901,2007-09-13 21:08:23,1,3,2019-02-03 15:00:08,Not a football fan? There's tons of things to watch today if you can't stand the #SuperBowl https://t.co/WGywINfi5K https://t.co/qkj3Tk2hb5
104,1091803506401595393,8862532,885,62804,1437,1821,68901,2007-09-13 21:08:23,2,3,2019-02-02 21:00:15,"It's almost the #LunarNewYear, and there's tons of things to do around the city https://t.co/NGMtbtakt5 https://t.co/0tEZesRRbU"
105,1091727984422195201,8862532,885,62804,1437,1821,68901,2007-09-13 21:08:23,0,1,2019-02-02 16:00:09,Need a last-minute #SuperBowlLIII plan? These bars and restaurants have your back https://t.co/GroPx7TOfj https://t.co/B1PSDbKJ3o
106,1091719394785406977,8862532,885,62804,1437,1821,68901,2007-09-13 21:08:23,0,2,2019-02-02 15:26:01,Want to meet the #Manifest cast? Enter to win tickets to the show’s @paleycenter panel https://t.co/bj2KG87t5y… https://t.co/jFVlNWEQoI
107,1091705354226987010,8862532,885,62804,1437,1821,68901,2007-09-13 21:08:23,1,4,2019-02-02 14:30:14,"The @brooklynmuseum kicks off #BlackHistoryMonth programming with “Soul of a Nation: Art in the Age of Black Power""… https://t.co/IQJuWVcq67"
108,1091487617231847426,8862532,885,62804,1437,1821,68901,2007-09-13 21:08:23,6,9,2019-02-02 00:05:01,".@ACSNYC teamed up with @carnegiehall to provide a creative outlet for struggling teens, culminating with a perform… https://t.co/iXj5YXA3ih"
109,1091467989520736257,8862532,885,62804,1437,1821,68901,2007-09-13 21:08:23,2,4,2019-02-01 22:47:01,These New Yorkers are paving the way for the growth of black-owned businesses https://t.co/zZAdYsfDqk https://t.co/1ue9D7zX8E
110,1091442405088342017,8862532,885,62804,1437,1821,68901,2007-09-13 21:08:23,1,4,2019-02-01 21:05:22,"There's still time to check out Sony's ""Lost in Music"" pop-up before it closes this month https://t.co/PzevC77PEX https://t.co/2HLGIZCUlI"
111,1091432507004866560,8862532,885,62804,1437,1821,68901,2007-09-13 21:08:23,1,3,2019-02-01 20:26:02,"Wakanda is forever and ""Black Panther"" is now free at five city theaters https://t.co/5mWln7fOgR https://t.co/blzOHQ8mrF"
112,1091404227006656512,8862532,885,62804,1437,1821,68901,2007-09-13 21:08:23,0,0,2019-02-01 18:33:39,"Area airports saw a record 137.9 million passengers last year, leaving some advocates wondering how the already str… https://t.co/Khm7JBkTlH"
113,1091391998119079937,8862532,885,62804,1437,1821,68901,2007-09-13 21:08:23,3,1,2019-02-01 17:45:04,"Check out these tours, talks and more for #BlackHistoryMonth in NYC https://t.co/aMgLOgoB0F https://t.co/mAB3LLKR1n"
114,1091385003534110721,8862532,885,62804,1437,1821,68901,2007-09-13 21:08:23,29,180,2019-02-01 17:17:16,We’re giving away tickets to the @nbcmanifest cast’s NYC panel chat. Enter here ✈️ https://t.co/bj2KG87t5y https://t.co/4B1oUjhddG
115,1091372941160390657,8862532,885,62804,1437,1821,68901,2007-09-13 21:08:23,0,1,2019-02-01 16:29:20,The Creole Food Festival is returning to the city in the spring with six international chefs https://t.co/sjpHOfkxXq https://t.co/bnUcsKKS5Y
116,1091315497591885825,8862532,885,62804,1437,1821,68901,2007-09-13 21:08:23,1,0,2019-02-01 12:41:04,New Jersey Sen. Cory Booker joins a growing field of Democrats running for president in 2020 https://t.co/B7smQKB1xx https://t.co/p1Riiu79aE
117,1091136357806804992,8862532,885,62804,1437,1821,68901,2007-09-13 21:08:23,3,2,2019-02-01 00:49:14,These faith leaders are fighting on the front lines against the Bronx's opioid epidemic https://t.co/qaUdpmwmMi https://t.co/DWUrqly58h
118,1091105984335040512,8862532,885,62804,1437,1821,68901,2007-09-13 21:08:23,1,0,2019-01-31 22:48:33,Let these eateries tackle your Super Bowl menu for you https://t.co/an8SEJWpYH https://t.co/8tHgUFi2fN
119,1091098555497021440,8862532,885,62804,1437,1821,68901,2007-09-13 21:08:23,2,1,2019-01-31 22:19:01,"Federally contracted workers who aren't receiving back pay were hit hard by the government shutdown. Now, they're p… https://t.co/1Z4aB5pdQT"
120,1091090009866858502,8862532,885,62804,1437,1821,68901,2007-09-13 21:08:23,0,2,2019-01-31 21:45:04,A new @NYPL exhibit shows intimate photos of Martin Luther King Jr. at home with his family and abroad with other f… https://t.co/u8ZevrcCU3
121,1091077342804488193,8862532,885,62804,1437,1821,68901,2007-09-13 21:08:23,2,3,2019-01-31 20:54:44,The MTA has vowed to make 50 more stations accessible within five years — and transit advocates have ideas… https://t.co/St9UdFI7Kj
122,1091067350852558848,8862532,885,62804,1437,1821,68901,2007-09-13 21:08:23,0,0,2019-01-31 20:15:02,"@TAOGroup's Bowery bar and restaurant Vandal now has an ""Endless Chess"" optical illusion by @IamEnhance… https://t.co/zpI7YHNxOC"
123,1091041780710166529,8862532,885,62804,1437,1821,68901,2007-09-13 21:08:23,2,0,2019-01-31 18:33:25,The federal government wants to install a monitor to oversee NYCHA https://t.co/c2WRpCKg4p https://t.co/7cnBs8B97p
124,1091041009994219520,8862532,885,62804,1437,1821,68901,2007-09-13 21:08:23,1,3,2019-01-31 18:30:22,New Yorkers have had enough of the New England #Patriots' winning ways https://t.co/UnSZ2gXBAz https://t.co/jzLbxL6HKa
125,1091033946547281920,8862532,885,62804,1437,1821,68901,2007-09-13 21:08:23,0,1,2019-01-31 18:02:17,"Tickets are available now for ""Lost and Found,"" the first-ever exhibit at Hudson Yards' Snark Park… https://t.co/QRMaKpTiBj"
126,1090986588790812672,8862532,885,62804,1437,1821,68901,2007-09-13 21:08:23,3,0,2019-01-31 14:54:06,Will New York City lose control of NYCHA? HUD Secretary Ben Carson is in Manhattan today to make an announcement ab… https://t.co/TxQXeax1S8
127,1090981532267876352,8862532,885,62804,1437,1821,68901,2007-09-13 21:08:23,3,1,2019-01-31 14:34:01,"Employees and locals ""saddened to see"" East Village staple @StMarksComicsNY close https://t.co/ECCDdaPKaO https://t.co/VGoEE8YE0B"
128,1090953762494185473,8862532,885,62804,1437,1821,68901,2007-09-13 21:08:23,9,9,2019-01-31 12:43:40,Today's high temperature is 17 degrees with wind chill values between negative 5 and negative 15… https://t.co/68OK43d1dU
129,1090775424358060034,8862532,885,62804,1437,1821,68901,2007-09-13 21:08:23,2,0,2019-01-31 00:55:01,From #SnowSquall to sunset: Today's wild weather and a look ahead at the rest of the week https://t.co/KwYvgMfx5I https://t.co/HF0L4tpT1g
130,1090764195841351681,8862532,885,62804,1437,1821,68901,2007-09-13 21:08:23,2,1,2019-01-31 00:10:24,"Police are investigating a police-involved shooting in Brooklyn, cops say https://t.co/Pat29ePAD4 https://t.co/8BYNtcGWoL"
131,1090742726080032768,8862532,885,62804,1437,1821,68901,2007-09-13 21:08:23,0,1,2019-01-30 22:45:05,"The #PopularBKHalf sold out in four hours and 57 minutes, the @nyrr say https://t.co/ZI9rd5APPR https://t.co/oIBAxeMC0x"
132,1090738950594007042,8862532,885,62804,1437,1821,68901,2007-09-13 21:08:23,2,7,2019-01-30 22:30:05,Amazon was grilled on its labor practices at City Council as protesters jeered the Long Island City HQ2 plan… https://t.co/vE82EiGZJf
133,1090733806477328384,8862532,885,62804,1437,1821,68901,2007-09-13 21:08:23,3,2,2019-01-30 22:09:38,"Malaysia Goodson's death after a fall at the 7th Avenue subway station may be related to a ""pre-existing medical co… https://t.co/jWDiN9MQU5"
134,1090731640752615424,8862532,885,62804,1437,1821,68901,2007-09-13 21:08:23,0,3,2019-01-30 22:01:02,Tickets to NYC's free #BlackPanther screenings are going fast https://t.co/nBNu80JrtR https://t.co/asPyOlylTl
135,1090723921228414989,8862532,885,62804,1437,1821,68901,2007-09-13 21:08:23,2,0,2019-01-30 21:30:22,"Lyft and Juno are suing the city over the new driver minimum wage, saying it unfairly advantages Uber… https://t.co/Y86v05He2H"
136,1090715910825000971,8862532,885,62804,1437,1821,68901,2007-09-13 21:08:23,0,6,2019-01-30 20:58:32,Has New York City been Kondo'd? Thrift stores are seeing donations swell since Marie Kondo's show started streaming… https://t.co/5FmAzespTF
137,1090701314600960001,8862532,885,62804,1437,1821,68901,2007-09-13 21:08:23,0,0,2019-01-30 20:00:32,#DessertGoals tickets will be on sale soon for the festival's sweet return in March https://t.co/F8GAaEIWcu https://t.co/DpjQAvXJ2F
138,1090685274584215557,8862532,885,62804,1437,1821,68901,2007-09-13 21:08:23,1,3,2019-01-30 18:56:48,St. Mark's Comics is closing after 36 years in the East Village https://t.co/ECCDdaPKaO https://t.co/AaOIG2Xtqf
139,1090665953191436289,8862532,885,62804,1437,1821,68901,2007-09-13 21:08:23,0,2,2019-01-30 17:40:01,"Your guide to how to eat extremely well over the Lunar New Year celebration 
 https://t.co/iiNhxakE3O https://t.co/5yU6TMlw6k"
140,1090660428181573633,8862532,885,62804,1437,1821,68901,2007-09-13 21:08:23,5,2,2019-01-30 17:18:04,"You have 17 choices in the public advocate special election 
https://t.co/Hhjr2U0Edx https://t.co/CsCjR1tOLI"
141,1090654888701411328,8862532,885,62804,1437,1821,68901,2007-09-13 21:08:23,0,2,2019-01-30 16:56:03,Registration for the #BrooklynHalf opens at noon — don't miss it https://t.co/ZI9rd5APPR https://t.co/zGODwQBVcA
142,1090645897539698690,8862532,885,62804,1437,1821,68901,2007-09-13 21:08:23,2,2,2019-01-30 16:20:19,Advocates are rallying for greater subway accessibility after the death of Malaysia Goodson https://t.co/VuErhAd3Wy https://t.co/PGwzp0uxq2
143,1090623160272195585,8862532,885,62804,1437,1821,68901,2007-09-13 21:08:23,0,3,2019-01-30 14:49:58,Temperatures will plummet to 4 degrees tonight and strong winds will make it feel even colder… https://t.co/c8q6q0IqTg
144,1090425117790879744,8862532,885,62804,1437,1821,68901,2007-09-13 21:08:23,1,0,2019-01-30 01:43:01,Retail and warehouse unions look to Cuomo and de Blasio for an in with Amazon https://t.co/dZTVhNZUXu https://t.co/dz5NmewUkx
145,1090416314785689601,8862532,885,62804,1437,1821,68901,2007-09-13 21:08:23,0,0,2019-01-30 01:08:03,"Brooklyn's The Springs bar is throwing a winter formal that will let you ""relive your youth while you're young""… https://t.co/9cerA1YWw1"
146,1090402798565507074,8862532,885,62804,1437,1821,68901,2007-09-13 21:08:23,1,5,2019-01-30 00:14:20,Unpaid TSA workers lined up outside LaGuardia Airport today for a free bag of food from @CityHarvest… https://t.co/odXg6SLDca
147,1090393160625336320,8862532,885,62804,1437,1821,68901,2007-09-13 21:08:23,8,14,2019-01-29 23:36:02,"The city has plenty of out-of-the-box ways to celebrate Valentine's Day with your sweetheart, from ice skating on a… https://t.co/NRv41OVfzP"
148,1090386365748051968,8862532,885,62804,1437,1821,68901,2007-09-13 21:08:23,4,3,2019-01-29 23:09:02,"""The lack of accessibility in our subways is literally killing people"": The death of a young mom who fell down stai… https://t.co/MOcbFJpRCe"
149,1090373779866439680,8862532,885,62804,1437,1821,68901,2007-09-13 21:08:23,0,0,2019-01-29 22:19:01,.@Metric and 4 other bands hitting the city's indie scene next month https://t.co/7VfhJDIsox https://t.co/i9NYFwc6Pz
150,1090366483807592448,8862532,885,62804,1437,1821,68901,2007-09-13 21:08:23,0,3,2019-01-29 21:50:02,"Upside, a new pizzeria in midtown, looks to elevate the standard slice https://t.co/MIIK1NGaCp https://t.co/5XTUeqinIH"
151,1090362711215669256,8862532,885,62804,1437,1821,68901,2007-09-13 21:08:23,2,2,2019-01-29 21:35:02,There are only 2 days left to enroll in a health care plan through the state's marketplace https://t.co/HzDWwlZkV4 https://t.co/ZnozrsTl6x
152,1090356422620209157,8862532,885,62804,1437,1821,68901,2007-09-13 21:08:23,0,1,2019-01-29 21:10:03,"""The show everyone saw was a live show, it just wasn’t meant to be our final take"" https://t.co/odcRtcXW3C #RentLive https://t.co/K35P4feVEm"
153,1090353486519324672,8862532,885,62804,1437,1821,68901,2007-09-13 21:08:23,1,0,2019-01-29 20:58:23,Grammy-winning R&amp;B singer James Ingram has reportedly died at age 66 https://t.co/RQ8uUGrqRZ https://t.co/0fAigmxWiU
154,1090346367413833729,8862532,885,62804,1437,1821,68901,2007-09-13 21:08:23,0,1,2019-01-29 20:30:06,"Performances, parades and dining specials around the city are set for #LunarNewYear https://t.co/6GdwFfaPRk https://t.co/y7QFu0MIhH"
155,1090339856948056066,8862532,885,62804,1437,1821,68901,2007-09-13 21:08:23,0,1,2019-01-29 20:04:14,"New York is expected to adopt a package of gun control legislation that Gov. Cuomo describes as ""common sense""… https://t.co/G5rwBwX4ty"
156,1090331367378993152,8862532,885,62804,1437,1821,68901,2007-09-13 21:08:23,0,1,2019-01-29 19:30:30,Waze says its GPS signal won't drop once you enter the city's tunnels https://t.co/7zyYsOI8xK https://t.co/pSPRA0nENJ
157,1090324209555902464,8862532,885,62804,1437,1821,68901,2007-09-13 21:08:23,2,3,2019-01-29 19:02:03,You can see #BlackPanther for free in NYC next week https://t.co/nBNu80JrtR https://t.co/1ZkGx4gBqh
158,1090316656797208576,8862532,885,62804,1437,1821,68901,2007-09-13 21:08:23,7,4,2019-01-29 18:32:02,Tenants at the Queensbridge Houses are launching a rent strike in an attempt to force NYCHA to make building repair… https://t.co/1gdOP4C7a9
159,1090308850740326400,8862532,885,62804,1437,1821,68901,2007-09-13 21:08:23,0,0,2019-01-29 18:01:01,"Get your fortune read at @MoxyTimesSquare, catch a silent film set to live music at Brookfield Place (@BFPLny) and… https://t.co/qNn0rTC9wH"
160,1090235028913745920,8862532,885,62804,1437,1821,68901,2007-09-13 21:08:23,2,2,2019-01-29 13:07:41,A woman holding her 1-year-old daughter in a stroller died after falling down the stairs of a midtown subway statio… https://t.co/JbQbG3ROV9
161,1090047124631416833,8862532,885,62804,1437,1821,68901,2007-09-13 21:08:23,1,1,2019-01-29 00:41:01,Here's how @ChelsweetsNYC founder Chelsey White turned her baking hobby into a full-time gig https://t.co/D77c5b6Y54 https://t.co/lRbryXDEoW
162,1090029293013487616,8862532,885,62804,1437,1821,68901,2007-09-13 21:08:23,2,1,2019-01-28 23:30:09,"At bars like Boqueria and Adriaen Block, mixologists are crafting fresh, tasty cocktails — without the booze… https://t.co/WD8Re4WbKW"
163,1090022463503810560,8862532,885,62804,1437,1821,68901,2007-09-13 21:08:23,0,2,2019-01-28 23:03:01,Here's why many women will rock red on Friday https://t.co/PPmkfR6sKs https://t.co/1A6BMbKaIj
164,1090014915472121860,8862532,885,62804,1437,1821,68901,2007-09-13 21:08:23,0,1,2019-01-28 22:33:02,"NY Senate passes the Child Victims Act, expanding protections for victims of sexual abuse https://t.co/FVmlz6kZgN https://t.co/Sj9cZtNA9y"
165,1090008631096078338,8862532,885,62804,1437,1821,68901,2007-09-13 21:08:23,0,2,2019-01-28 22:08:03,.@NYCMayor has a new plan to eradicate lead poisoning in children https://t.co/FsRETkLjld https://t.co/2EhEuJbSkA
166,1089999108855791620,8862532,885,62804,1437,1821,68901,2007-09-13 21:08:23,7,5,2019-01-28 21:30:13,"Small pharmacies are worried they're ""on track to be bankrupt"" https://t.co/vWfzlvbVSw https://t.co/UGuoY0hkQp"
167,1089992777742589952,8862532,885,62804,1437,1821,68901,2007-09-13 21:08:23,1,4,2019-01-28 21:05:03,The Easter Eggs you missed in #RentLive were nods to the original production https://t.co/odcRtcXW3C https://t.co/BbZ5tjKuNg
168,1089984724192411649,8862532,885,62804,1437,1821,68901,2007-09-13 21:08:23,1,1,2019-01-28 20:33:03,"New York lawmakers are poised to pass the Child Victims Act, which would extend statutes of limitations for sex abu… https://t.co/76enj5h8KE"
169,1089978426734362624,8862532,885,62804,1437,1821,68901,2007-09-13 21:08:23,1,0,2019-01-28 20:08:02,Free silent movie screenings set to live music are coming to Brookfield Place this week (@BFPLny)… https://t.co/9yJcz0399Z
170,1089966095719677953,8862532,885,62804,1437,1821,68901,2007-09-13 21:08:23,0,1,2019-01-28 19:19:02,Go ahead and clear your evenings: These TV shows return soon https://t.co/E0NQicECw5 https://t.co/7oeqGpgn2S
171,1089957556569731073,8862532,885,62804,1437,1821,68901,2007-09-13 21:08:23,3,1,2019-01-28 18:45:06,"A ""loud noise"" temporarily halted service on the A and C trains this morning  https://t.co/DYnIxFCcv8 https://t.co/rsitcmP0D2"
172,1089951336240578560,8862532,885,62804,1437,1821,68901,2007-09-13 21:08:23,1,4,2019-01-28 18:20:23,A woman spent her entire weekend stuck in an elevator in a Lenox Hill building https://t.co/5pEYk6RcEH https://t.co/H5V2v23XZK
173,1089941435686797312,8862532,885,62804,1437,1821,68901,2007-09-13 21:08:23,1,2,2019-01-28 17:41:03,".@CoreyinNYC says he's ""thinking about"" running for mayor in 2021 and has pledged not to take money from real estat… https://t.co/G1Gas0p4Gv"
174,1089936651848241152,8862532,885,62804,1437,1821,68901,2007-09-13 21:08:23,0,0,2019-01-28 17:22:02,"As the @ApolloTheater grows older, programmers hope the audience gets younger https://t.co/SluLLmD4w2 https://t.co/rubuuEOurV"
175,1089926098392104960,8862532,885,62804,1437,1821,68901,2007-09-13 21:08:23,0,2,2019-01-28 16:40:06,Bundle up for what looks to be a brutally cold week in the city https://t.co/KwYvgMfx5I https://t.co/Vl5FawFRlf
176,1089921059082637313,8862532,885,62804,1437,1821,68901,2007-09-13 21:08:23,1,0,2019-01-28 16:20:04,Get your hands on early @GovBallNYC tickets today https://t.co/FGW0bEKlfe https://t.co/J1K9HJACIU
177,1089897142297288707,8862532,885,62804,1437,1821,68901,2007-09-13 21:08:23,4,10,2019-01-28 14:45:02,".@HBO's ""Breslin and Hamill"" documentary airs tonight, examining New York City's tabloid heyday… https://t.co/FMzhzoZE0d"
178,1089890865953325056,8862532,885,62804,1437,1821,68901,2007-09-13 21:08:23,1,4,2019-01-28 14:20:06,Applying for Civil Service exams just got easier https://t.co/42IiadJtJU https://t.co/TdQixT8uZn
179,1089881649008070656,8862532,885,62804,1437,1821,68901,2007-09-13 21:08:23,3,2,2019-01-28 13:43:28,A design contest has launched for a new logo for the city's little-known public spaces https://t.co/1gfHgY7DTZ https://t.co/yiupmJQY7S
180,1089685746183745536,8862532,885,62804,1437,1821,68901,2007-09-13 21:08:23,4,23,2019-01-28 00:45:01,"Pioneering women artists' work is on view at @Sothebys in new exhibit called ""The Female Triumphant""… https://t.co/nowpuTp2Nq"
