Index,Publisher,URL,Date,Num_Images,Caption,Credit/Source
1,newsday,https://www.newsday.com/travel/long-island-getaways/hamptons-inns-bedside-reading-weekend-1.26393562?utm_source=tw_nd,2019-01-30T08:52:00-05:00,1,"The Baker House 1650 in East Hampton is participating in a special weekend for book lovers, March 1-3.",Yuxi Liu
2,newsday,https://www.newsday.com/long-island/father-son-conference-wyandanch-1.26476744?utm_source=tw_nd,2019-01-26T22:26:38-05:00,0,NA,NA
3,newsday,https://www.newsday.com/long-island/federal-workers-shutdown-long-island-1.26476399?utm_source=tw_nd,2019-01-27T10:32:04-05:00,2,"Rina Brooke and her daughter, Sophia Kieseheuer, of North Babylon, bring their donations to the Angels of Long Island center in Patchogue.",Howard Simmons
3,newsday,,,2,John Pantijaras and Tasha Chiuchiolp stack shelves at the nonprofit Angels of Long Island in East Patchogue with items collected to help furloughed federal workers.,Howard Simmons
4,newsday,https://www.newsday.com/long-island/nassau/bayville-seaside-inn-1.26505299?utm_source=tw_nd,2019-01-27T17:51:00-05:00,2,"The vacant waterfront land where developers want to build an event center, spa and restaurant on Bayville Avenue in Bayville.",Howard Simmons
4,newsday,,,2,The Tides Motor Inn at 1 Bayville Ave.,Howard Simmons
5,newsday,https://www.newsday.com/long-island/politics/nassau-spending-1.26434856?utm_source=tw_nd,2019-01-27T20:28:00-05:00,1,"A tractor to maintain museum grounds, statues, roller rink and weight room renovations and a comfort station were among the projects that legislators earmarked funds for through Nassau's Community Revitalization Program.",Howard Schnapp; Danielle Finkelstein; Shelby Knowles; Danielle Silverman; Barry Sloan; Johnny Milano
6,newsday,https://www.newsday.com/long-island/suffolk/shoreham-nuclear-plant-protection-1.26435904?utm_source=tw_nd,2019-01-27T13:57:00-05:00,1,An aerial view of the never-opened Shoreham nuclear plant in July 2015.,Daniel Brennan
7,newsday,https://www.newsday.com/long-island/politics/nassau-spending-1.26434856?utm_source=tw_nd,2019-01-27T20:28:00-05:00,1,"A tractor to maintain museum grounds, statues, roller rink and weight room renovations and a comfort station were among the projects that legislators earmarked funds for through Nassau's Community Revitalization Program.",Howard Schnapp; Danielle Finkelstein; Shelby Knowles; Danielle Silverman; Barry Sloan; Johnny Milano
8,newsday,https://www.newsday.com/travel/long-island-getaways/hamptons-inns-bedside-reading-weekend-1.26393562?utm_source=tw_nd,2019-01-30T08:52:00-05:00,1,"The Baker House 1650 in East Hampton is participating in a special weekend for book lovers, March 1-3.",Yuxi Liu
9,newsday,https://www.newsday.com/long-island/father-son-conference-wyandanch-1.26476744?utm_source=tw_nd,2019-01-26T22:26:38-05:00,0,NA,NA
10,newsday,https://www.newsday.com/long-island/federal-workers-shutdown-long-island-1.26476399?utm_source=tw_nd,2019-01-27T10:32:04-05:00,2,"Rina Brooke and her daughter, Sophia Kieseheuer, of North Babylon, bring their donations to the Angels of Long Island center in Patchogue.",Howard Simmons
10,newsday,,,2,John Pantijaras and Tasha Chiuchiolp stack shelves at the nonprofit Angels of Long Island in East Patchogue with items collected to help furloughed federal workers.,Howard Simmons
11,newsday,https://www.newsday.com/long-island/nassau/bayville-seaside-inn-1.26505299?utm_source=tw_nd,2019-01-27T17:51:00-05:00,2,"The vacant waterfront land where developers want to build an event center, spa and restaurant on Bayville Avenue in Bayville.",Howard Simmons
11,newsday,,,2,The Tides Motor Inn at 1 Bayville Ave.,Howard Simmons
12,newsday,https://www.newsday.com/long-island/politics/nassau-spending-1.26434856?utm_source=tw_nd,2019-01-27T20:28:00-05:00,1,"A tractor to maintain museum grounds, statues, roller rink and weight room renovations and a comfort station were among the projects that legislators earmarked funds for through Nassau's Community Revitalization Program.",Howard Schnapp; Danielle Finkelstein; Shelby Knowles; Danielle Silverman; Barry Sloan; Johnny Milano
13,newsday,https://www.newsday.com/long-island/suffolk/shoreham-nuclear-plant-protection-1.26435904?utm_source=tw_nd,2019-01-27T13:57:00-05:00,1,An aerial view of the never-opened Shoreham nuclear plant in July 2015.,Daniel Brennan
14,newsday,https://www.newsday.com/long-island/politics/nassau-spending-1.26434856?utm_source=tw_nd,2019-01-27T20:28:00-05:00,1,"A tractor to maintain museum grounds, statues, roller rink and weight room renovations and a comfort station were among the projects that legislators earmarked funds for through Nassau's Community Revitalization Program.",Howard Schnapp; Danielle Finkelstein; Shelby Knowles; Danielle Silverman; Barry Sloan; Johnny Milano
15,newsday,https://www.newsday.com/long-island/nassau/pope-francis-bishop-long-island-1.26660058?utm_source=tw_nd,2019-01-31T22:58:06-05:00,1,Auxiliary Bishop Robert Brennan of the Diocese of Rockville Centre before Mass at the Parish of St. Patrick in Bay Shore in May.,Newsday/Thomas A. Ferrara
16,newsday,https://www.newsday.com/long-island/politics/laura-curran-cold-war-veterans-1.26671727?utm_source=tw_nd,2019-01-31T18:24:52-05:00,1,Nassau County Executive Laura Curran speaks on Jan. 17 in Mineola.,Howard Schnapp
17,newsday,https://www.newsday.com/entertainment/republic-airport-tv-movie-shoots-1.26613575?utm_source=tw_nd,2019-01-31T06:00:07-05:00,2,"A scene from the ""Madam Secretary"" episode ""Mitya"" filmed at Republic Airport in East Farmingdale.",CBS / Sarah Shatz
17,newsday,,,2,"A scene from the ""Madam Secretary"" episode ""Mitya"" filmed at Republic Airport in East Farmingdale.",CBS / Sarah Shatz
18,newsday,https://www.newsday.com/lifestyle/restaurants/food-and-drink/super-bowl-parties-long-island-1.26546874?utm_source=tw_nd,2019-01-31T09:02:00-05:00,1,Patrons watch football at the bar at the Main Event in Farmingdale.,Linda Rosier
19,newsday,https://www.newsday.com/lifestyle/restaurants/nacho-mamas-hicksville-1.26669649?utm_source=tw_nd,2019-02-01T15:21:43-05:00,1,"A dirty dog at Nacho Mama's, a food truck that has gone brick-and-mortar in Hicksville.",Carlos Juarez
20,newsday,https://www.newsday.com/long-island/nassau/mangano-corruption-retrial-1.26623687?utm_source=tw_nd,2019-01-31T21:17:24-05:00,2,"Harendra Singh took off running after leaving the federal court in Central Islip on March 8, 2018.",James Carbone
20,newsday,,,2,Linda and Edward Mangano arrive at federal court in Central Islip on Thursday.,James Carbone
21,newsday,https://www.newsday.com/entertainment/tv/soul-train-american-soul-1.26599988?utm_source=tw_nd,2019-01-31T06:00:00-05:00,2,"Sinqua Walls as Don Cornelius from BET's ""American Soul.""",BET/Jace Downs
21,newsday,,,2,"Dancing up a storm on BET's ""American Soul.""",BET/Annette Brown
22,newsday,https://www.newsday.com/lifestyle/fashion-and-shopping/valentine-s-day-gifts-for-your-sweet-heart-1.16048207?utm_source=tw_nd,2019-02-12T08:48:00-05:00,10,NA,Finch and Cotter
22,newsday,,,10,NA,Lush Cosmetics North America
22,newsday,,,10,NA,Crosley Radio
22,newsday,,,10,NA,Warby Parker
22,newsday,,,10,NA,Shag New York
22,newsday,,,10,NA,Fossil
22,newsday,,,10,NA,Anthropologie
22,newsday,,,10,NA,Godiva Chocolatier
22,newsday,,,10,NA,Polaroid
22,newsday,,,10,NA,William Perlman
23,newsday,https://www.newsday.com/lifestyle/family/long-island-libraries-lend-tablets-3-d-gadgets-museum-passes-more-1.12999340?utm_source=tw_nd,2019-02-22T16:28:00-05:00,10,NA,Marisol Diaz
23,newsday,,,10,NA,Jeff Bachner
23,newsday,,,10,NA,Tuff Gong
23,newsday,,,10,NA,Margaret Utset
23,newsday,,,10,NA,East Rockaway Public Library
23,newsday,,,10,NA,Fotolia/Dmitriy Sandratsky
23,newsday,,,10,NA,Fotolia
23,newsday,,,10,NA,Fotolia
23,newsday,,,10,NA,Fotolia
23,newsday,,,10,NA,Disney/Pixar
24,newsday,https://www.newsday.com/long-island/suffolk/suffolk-police-inspector-retires-1.26630147?utm_source=tw_nd,2019-01-30T21:52:00-05:00,0,NA,NA
25,newsday,https://www.newsday.com/lifestyle/restaurants/rockville-centre-restaurants-1.26550874?utm_source=tw_nd,2019-02-04T15:51:37-05:00,10,NA,Raychel Brightman
25,newsday,,,10,NA,Marisol Diaz-Gordon
25,newsday,,,10,NA,Jeremy Bales
25,newsday,,,10,NA,Raychel Brightman
25,newsday,,,10,NA,Daniel Brennan
25,newsday,,,10,NA,Raychel Brightman
25,newsday,,,10,NA,Daniel Brennan
25,newsday,,,10,NA,Sugarberry Bakery
25,newsday,,,10,NA,Marisol Diaz
25,newsday,,,10,NA,Newsday/Erica Marcus
26,newsday,https://www.newsday.com/long-island/politics/ice-laura-curran-richard-nicolello-nassau-1.26624695?utm_source=tw_nd,2019-01-30T19:08:00-05:00,0,NA,NA
27,newsday,https://www.newsday.com/sports/high-school/john-corso-obituary-1.26625953?utm_source=tw_nd,2019-01-30T19:12:00-05:00,1,St. Dominic athletic  director John Corso died Saturday at age 58.,St. Dominic High School
28,newsday,https://www.newsday.com/entertainment/tv/reality-tv/bachelorette-rachel-lindsay-wedding-1.26601980?utm_source=tw_nd,2019-01-30T13:00:27-05:00,1,"""The Bachelorette's"" Rachel Lindsay celebrates her birthday with fiance Bryan Abasolo at SugarHouse Casino on April 21, 2018 in Philadelphia.",Getty Images for SugarHouse Casino/Lisa Lake
29,newsday,https://www.newsday.com/long-island/education/long-island-graduation-rates-1.26605657?utm_source=tw_nd,2019-01-30T18:46:31-05:00,2,Hempstead High School valedictorian Stephanie Chevez heads back to her seat after addressing the graduating class of 2018 during the ceremony at the school in June.,Newsday/J. Conrad Williams Jr.
29,newsday,,,2,"Students at the Brentwood High School graduation on June 25, 2017.",Newsday / Alejandra Villa Loarca
30,newsday,https://www.newsday.com/long-island/crime/erik-skoglund-cop-jakes58-1.26611052?utm_source=tw_nd,2019-01-30T20:01:00-05:00,1,Former Nassau Police Officer Erik Skoglund.,SCPD
31,newsday,https://www.newsday.com/long-island/education/long-island-graduation-rates-1.26605657?utm_source=tw_nd,2019-01-30T18:46:31-05:00,2,Hempstead High School valedictorian Stephanie Chevez heads back to her seat after addressing the graduating class of 2018 during the ceremony at the school in June.,Newsday/J. Conrad Williams Jr.
31,newsday,,,2,"Students at the Brentwood High School graduation on June 25, 2017.",Newsday / Alejandra Villa Loarca
32,newsday,https://www.newsday.com/lifestyle/long-island-events/dinner-and-a-show-1.26433166?utm_source=tw_nd,2019-01-30T08:46:00-05:00,1,"Grace Kelly and Cary Grant make a handsome couple in Alfred Hitchcock's ""To Catch a Thief,"" which comes to the Patchogue Theatre on Feb. 6.",Everett Collection
33,newsday,https://www.newsday.com/lifestyle/restaurants/toro-tapas-tequila-patchogue-nahcho-papi-1.26576496?utm_source=tw_nd,2019-01-30T10:00:31-05:00,1,"The shrimp nachos at Nahcho Papi, the new incarnation of Patchogue's Toro Tapas & Tequila.",Ariel Bonilla
34,newsday,https://www.newsday.com/long-island/marie-kondo-netflix-thrift-stores-1.26570018?utm_source=tw_nd,2019-02-03T07:06:00-05:00,5,"Japanese tidying guru Marie Kondo, left, is pictured with Long Island-based certified gold-level KonMari consultant Patty Morrissey at a seminar in Manhattan in April 2018.",Ryan Soule
34,newsday,,,5,Japanese tidying guru Marie Kondo speaks at the KonMari Consultant Seminar in New York City in April 2018.,Ryan Soule
34,newsday,,,5,"Debbie Loesch, founder of Angels of Long Island thrift store in Patchogue, stands in the donation room.",Kimberly Yuen
34,newsday,,,5,Dishes and bowls are displayed for sale at the Angels of Long Island thrift store in Patchogue.,Kimberly Yuen
34,newsday,,,5,North Bellmore resident Heather Fiore folds her clothes the KonMari way.,Kimberly Yuen
35,newsday,https://www.newsday.com/long-island/crime/ice-immigrants-arrested-illegal-1.26577236?utm_source=tw_nd,2019-01-29T19:44:00-05:00,0,NA,NA
36,newsday,https://www.newsday.com/long-island/lirr-service-arctic-cold-1.26595958?utm_source=tw_nd,2019-01-30T21:57:29-05:00,1,The LIRR is urging customers to use caution on platforms and staircases in the extreme cold.,David L. Pokress
38,newsday,https://www.newsday.com/news/region-state/gun-limits-new-york-state-1.26570417?utm_source=tw_nd,2019-01-29T21:42:00-05:00,1,"Linda Beigel Schulman holds a photograph of her son Scott Beigel, who was killed by gun violence in the Parkland, Florida school shootings. Schulman and Gov. Andrew M. Cuomo spoke along with gun safety advocates in the Red Room of the state Capitol during a news conference on Tuesday. (AP Photo/Hans Pennink)",AP/Hans Pennink
39,newsday,https://www.newsday.com/news/health/northwell-health-superbugs-disinfecting-1.26575679?utm_source=tw_nd,2019-01-29T18:02:00-05:00,0,NA,NA
40,newsday,https://www.newsday.com/long-island/nassau/revenge-porn-nassau-law-1.26576750?utm_source=tw_nd,2019-01-29T22:33:00-05:00,0,NA,NA
41,newsday,https://www.newsday.com/news/region-state/gun-limits-new-york-state-1.26570417?utm_source=tw_nd,2019-01-29T21:42:00-05:00,1,"Linda Beigel Schulman holds a photograph of her son Scott Beigel, who was killed by gun violence in the Parkland, Florida school shootings. Schulman and Gov. Andrew M. Cuomo spoke along with gun safety advocates in the Red Room of the state Capitol during a news conference on Tuesday. (AP Photo/Hans Pennink)",AP/Hans Pennink
42,newsday,https://www.newsday.com/business/lenaghan-dean-hofstra-zarb-school-1.26547768?utm_source=tw_nd,2019-01-28T18:54:33-05:00,1,Janet A. Lenaghan was appointed dean of Hofstra University's Zarb School of Business on Monday.,Hofstra University/Jonathan Heisler
43,newsday,https://www.newsday.com/entertainment/music/jones-beach-concerts-2019-1.26567658?utm_source=tw_nd,2019-01-29T11:27:44-05:00,10,NA,Getty Images for iHeartMedia/Kevin Winter
43,newsday,,,10,NA,Getty Images for CBS Radio Inc./Frazer Harrison
43,newsday,,,10,NA,Getty Images for dcp/Frederick M. Brown
43,newsday,,,10,NA,Getty Images for KIDZ BOP/Dia Dipasupil
43,newsday,,,10,NA,Getty Images/John Shearer/Country Rising
43,newsday,,,10,NA,Getty Images for SiriusXM/Bryan Steffy
43,newsday,,,10,NA,Getty Images for Escape To Marga/Noam Galai
43,newsday,,,10,NA,Getty Images for Spotify/Charley Gallay
43,newsday,,,10,NA,Getty Images/Frank Micelotta
43,newsday,,,10,NA,Getty Images/Rick Diamond
44,newsday,https://www.newsday.com/lifestyle/restaurants/tulip-caterers-franklin-square-zorns-bethpage-super-bowl-deals-1.26549326?utm_source=tw_nd,2019-01-29T10:00:35-05:00,1,"Zorn's of Bethpage will be making over 10,000 chicken wings for Long Islanders to eat on Super Bowl Sunday on Feb. 3.",Zorn's of Bethpage
45,newsday,https://www.newsday.com/lifestyle/family/chinese-new-year-pig-1.26548748?utm_source=tw_nd,2019-01-29T06:00:00-05:00,1,"Lunar New Year celebrations often include traditional lion dance, ribbon dance, drumming and more.",Ward Melville Heritage Organization/R.Ilowite
46,newsday,https://www.newsday.com/long-island/crime/wilson-pantosin-crash-sentencing-1.26569732?utm_source=tw_nd,2019-01-29T13:28:00-05:00,1,"Wilson Pantosin at First District Court in Central Islip on March 1, 2018.",James Carbone
47,newsday,https://www.newsday.com/lifestyle/restaurants/almarco-italian-grill-huntington-1.26549119?utm_source=tw_nd,2019-01-29T06:00:00-05:00,1,Almarco at 13 Wall St. in Huntington has been seized by the state for nonpayment of taxes.,Freelance/Howard Schnapp
48,newsday,https://www.newsday.com/lifestyle/recreation/ping-pong-long-island-1.26405256?utm_source=tw_nd,2019-01-28T08:47:00-05:00,0,NA,NA
50,newsday,https://www.newsday.com/long-island/lirr-duct-tape-trains-aluminum-1.26551765?utm_source=tw_nd,2019-01-28T18:45:00-05:00,2,An LIRR train car that was repaired with tape is seen some time between April 2016 and May 2017.,Jason Rabinowitz
50,newsday,,,2,An LIRR commuter at the Mineola station took this October photo of an LIRR train car that was repaired with aluminum speed tape.,John Napolitano
51,newsday,https://www.newsday.com/long-island/suffolk/boy-scout-killed-1.26549716?utm_source=tw_nd,2019-01-28T19:13:00-05:00,1,"Thomas Murphy appears at First District Court in Central Islip on Monday, Jan. 28, 2019.",James Carbone
52,newsday,https://www.newsday.com/long-island/nassau/nassau-reassessment-moog-1.26546179?utm_source=tw_nd,2019-01-28T18:45:00-05:00,2,"Nassau County Assesssor David Moog in the assessment office in Mineola on June 21, 2018.",Howard Schnapp
52,newsday,,,2,"Nassau County Legislature Presiding Officer Richard Nicolello, center, stands with other Republican legislators as he calls for the resignation of County Assessor David Moog on Monday.",Howard Schnapp
53,newsday,https://www.newsday.com/long-island/nassau/jericho-proposed-marriot-residence-inn-1.26502839?utm_source=tw_nd,2019-01-28T06:00:44-05:00,3,"The proposed three-story Marriott Residence Inn in Jericho, across from the Milleridge Inn, has riled residents.",NA
53,newsday,,,3,"Ms. Zheng (left) collecting petitions from locals at a petition drive at Jericho Public Library on Jan. 28, 2019.",Newsday /Howard Simmons
53,newsday,,,3,"A sign in support of the proposed three-story Marriott Residence Inn stands along Jericho Turnpike on Jan. 28, 2019.",Newsday /Howard Simmons
54,newsday,https://www.newsday.com/entertainment/movies/screen-actors-guild-awards-1.26495155?utm_source=tw_nd,2019-01-28T11:46:21-05:00,3,"From left, Sterling K. Brown, Angela Bassett, Lupita Nyong'o, Chadwick Boseman, Danai Gurira, Michael B. Jordan and Andy Serkis with the award for outstanding performance by a cast in a motion picture for ""Black Panther"" in the press room at the 25th annual Screen Actors Guild Awards at the Shrine Auditorium and Expo Hall in Los Angeles on Sunday.",AP / Invision / Jordan Strauss
54,newsday,,,3,"Lisa Burns, left, Elizabeth McLaughlin, Anthony Carrigan, Kathy Connell, Daryl Anderson, Yara Shahidi, Jason George and JD Heyman roll out the carpet at the 25th annual SAG Awards - Silver Carpet Roll Out event at the Shrine Auditorium and Expo Hall on Friday in Los Angeles.",AP / Invision / Willy Sanjuan
54,newsday,,,3,Presenter Alec Baldwin and host Megan Mullally appear onstage during the 25th annual Screen Actors Guild Awards Sunday in Los Angeles.,Getty Images for Turner / Kevin Winter
55,newsday,https://www.newsday.com/business/dollar-tree-new-stores-1.26396047?utm_source=tw_nd,2019-01-28T06:00:00-05:00,1,An artist's rendering of the Dollar Tree store planned for Huntington Station. Dollar Tree intends to open three additional stores on Long Island this year.,AD Real Estate Investors Inc.
56,newsday,https://www.newsday.com/travel/long-island-getaways/hamptons-inns-bedside-reading-weekend-1.26393562?utm_source=tw_nd,2019-01-30T08:52:00-05:00,1,"The Baker House 1650 in East Hampton is participating in a special weekend for book lovers, March 1-3.",Yuxi Liu
57,newsday,https://www.newsday.com/long-island/father-son-conference-wyandanch-1.26476744?utm_source=tw_nd,2019-01-26T22:26:38-05:00,0,NA,NA
58,newsday,https://www.newsday.com/long-island/federal-workers-shutdown-long-island-1.26476399?utm_source=tw_nd,2019-01-27T10:32:04-05:00,2,"Rina Brooke and her daughter, Sophia Kieseheuer, of North Babylon, bring their donations to the Angels of Long Island center in Patchogue.",Howard Simmons
58,newsday,,,2,John Pantijaras and Tasha Chiuchiolp stack shelves at the nonprofit Angels of Long Island in East Patchogue with items collected to help furloughed federal workers.,Howard Simmons
59,newsday,https://www.newsday.com/long-island/nassau/bayville-seaside-inn-1.26505299?utm_source=tw_nd,2019-01-27T17:51:00-05:00,2,"The vacant waterfront land where developers want to build an event center, spa and restaurant on Bayville Avenue in Bayville.",Howard Simmons
59,newsday,,,2,The Tides Motor Inn at 1 Bayville Ave.,Howard Simmons
60,newsday,https://www.newsday.com/long-island/politics/nassau-spending-1.26434856?utm_source=tw_nd,2019-01-27T20:28:00-05:00,1,"A tractor to maintain museum grounds, statues, roller rink and weight room renovations and a comfort station were among the projects that legislators earmarked funds for through Nassau's Community Revitalization Program.",Howard Schnapp; Danielle Finkelstein; Shelby Knowles; Danielle Silverman; Barry Sloan; Johnny Milano
61,newsday,https://www.newsday.com/long-island/suffolk/shoreham-nuclear-plant-protection-1.26435904?utm_source=tw_nd,2019-01-27T13:57:00-05:00,1,An aerial view of the never-opened Shoreham nuclear plant in July 2015.,Daniel Brennan
62,newsday,https://www.newsday.com/long-island/politics/nassau-spending-1.26434856?utm_source=tw_nd,2019-01-27T20:28:00-05:00,1,"A tractor to maintain museum grounds, statues, roller rink and weight room renovations and a comfort station were among the projects that legislators earmarked funds for through Nassau's Community Revitalization Program.",Howard Schnapp; Danielle Finkelstein; Shelby Knowles; Danielle Silverman; Barry Sloan; Johnny Milano
63,newsday,https://www.newsday.com/lifestyle/restaurants/hummus-mediterranean-grill-selden-1.27070952?utm_source=tw_nd,2019-02-10T06:00:30-05:00,1,"At Hummus Mediterranean Grill, customers customize bowls that start with rice, greens or bulgur as a base (or they can build pita sandwiches). The second location opened in Selden last week.",Newsday/Corin Hirsch
64,newsday,https://www.newsday.com/long-island/suffolk/amityville-social-media-policy-1.27061030?utm_source=tw_nd,2019-02-10T06:00:10-05:00,1,"The new Amityville Village social media ban, hailed by the mayor, comes after a lawsuit by a village firefighter over a posting in 2017.",Steve Pfost
65,newsday,https://www.newsday.com/business/connect-the-dots-westbury-stem-steam-1.26938930?utm_source=tw_nd,2019-02-10T06:00:00-05:00,5,"Laurie Carey, founder and CEO of We Connect The Dots Inc., seen in Westbury on Jan. 30.",Newsday/J. Conrad Williams Jr.
65,newsday,,,5,"Luis Tolosa, a volunteer instructor at We Connect The Dots, seen at the nonprofit's Westbury office on Jan. 31.",Raychel Brightman
65,newsday,,,5,"Syed Ali, 14, presents his team's project during the We Connect The Dots Code-A-Thon in Westbury on Jan. 27.",Jeff Bachner
65,newsday,,,5,"The judges listen as team members present their work during the We Connect The Dots Code-A-Thon in Westbury, on Jan. 27.",Jeff Bachner
65,newsday,,,5,"From left, Erin Laxton 18, Kleeve Simon 15, Tian Coltrain 18, and Alvin Paul interact with the judges during the We Connect The Dots Code-A-Thon in Westbury on Jan. 27.",Jeff Bachner
66,newsday,https://www.newsday.com/news/health/fetal-medicine-nyu-winthrop-1.27071513?utm_source=tw_nd,2019-02-10T06:00:00-05:00,2,"Angela McCray, left, and Theresa Delgado hold their baby Caleb, who underwent a daring surgical procedure to stop a tumor from stealing blood from his body as he developed in his mom's uterus.",Howard Schnapp
66,newsday,,,2,"Dr. Martin Chavez performs fetal surgery, guiding a laser fiber into the uterus to reduce blood flow to a fetal tumor. The doctors at NYU Winthrop in Mineola turned to fetal surgery to rescue baby Caleb from a rare fetal tumor that was siphoning blood from his body.",NYU Winthrop
67,newsday,https://www.newsday.com/long-island/suffolk/shirley-fatal-crash-1.27127744?utm_source=tw_nd,2019-02-10T20:09:23-05:00,1,Firefighters at the scene of the crash on William Floyd Parkway in Shirley early Sunday.,LiHotShots
68,newsday,https://www.newsday.com/long-island/nassau/race-breast-cancer-brain-contino-mother-son-1.27102674?utm_source=tw_nd,2019-02-10T07:08:10-05:00,0,NA,NA
69,newsday,https://www.newsday.com/long-island/obituaries/obituary-frank-soliwoda-wwii-veteran-centenarian-1.27097883?utm_source=tw_nd,2019-02-09T19:42:09-05:00,1,"Frank Soliwoda, one of Long Island's oldest World War II heroes, on Nov. 12 last year.",Yeong-Ung Yang
70,newsday,https://www.newsday.com/long-island/hud-homeless-grants-long-island-1.27066194?utm_source=tw_nd,2019-02-08T15:03:52-05:00,0,NA,NA
71,newsday,https://www.newsday.com/long-island/crime/super-bowl-weekend-crackdown-1.27067860?utm_source=tw_nd,2019-02-08T11:43:00-05:00,1,New York State Police operate a sobriety checkpoint on the Newbridge Road entrance ramp to the Southern State Parkway on Super Bowl Sunday.,Jeff Bachner
72,newsday,https://www.newsday.com/long-island/student-loans-college-debt-home-ownership-1.27018508?utm_source=tw_nd,2019-02-08T06:00:04-05:00,2,"Meri Kassmer, 38, lives alone in a basement apartment in Locust Valley. Her student loan balance is $40,000.",Howard Simmons
72,newsday,,,2,"Dave Barry, shown here in his Melville office, has seen his daughter amass student loan debt as he continues to pay off his own decades-old loans.",Yeong-Ung Yang
73,newsday,https://www.newsday.com/news/new-york/karina-vetrano-defendant-jail-fight-1.27100858?utm_source=tw_nd,2019-02-10T07:01:29-05:00,1,"NYPD detectives with Chanel Lewis, after his 2017 arrest in connection with the death of Howard Beach jogger Karina Vetrano.",Charles Eckert
74,newsday,https://www.newsday.com/long-island/suffolk/officer-glen-ciano-blood-drive-1.27092619?utm_source=tw_nd,2019-02-09T20:28:59-05:00,0,NA,NA
75,newsday,https://www.newsday.com/long-island/which-bagel-are-you-zodiac-sign-1.20253856?utm_source=tw_nd,2019-02-09T14:11:00-05:00,10,NA,Newsday Staff
75,newsday,,,10,NA,Newsday Staff
75,newsday,,,10,NA,Newsday Staff
75,newsday,,,10,NA,Newsday Staff
75,newsday,,,10,NA,Newsday Staff
75,newsday,,,10,NA,Newsday Staff
75,newsday,,,10,NA,Newsday Staff
75,newsday,,,10,NA,Newsday Staff
75,newsday,,,10,NA,Newsday Staff
75,newsday,,,10,NA,Newsday Staff
76,newsday,https://www.newsday.com/lifestyle/restaurants/konoba-craft-kitchen-tasting-lounge-huntington-hush-bistro-1.27070795?utm_source=tw_nd,2019-02-09T06:00:00-05:00,1,"Fuzi (Istrian pasta) with shrimp, white truffle and Parmesan cream at Konoba in Huntington.",Raychel Brightman
77,newsday,https://www.newsday.com/long-island/suffolk/pedestrian-killed-smithtown-1.27090148?utm_source=tw_nd,2019-02-09T18:17:00-05:00,1,The scene in Smithtown where a pedestrian was fatally struck by two vehicles.,Stringer News Service
78,newsday,https://www.newsday.com/long-island/long-islanders-working-on-water-in-winter-1.26948246?utm_source=tw_nd,2019-02-07T18:20:00-05:00,0,NA,NA
79,newsday,https://www.newsday.com/lifestyle/family/art-pint-size-painters-1.27019040?utm_source=tw_nd,2019-02-11T08:43:00-05:00,1,The first of their hands-on educational art kits is all about Vincent van Gogh.,NA
80,newsday,https://www.newsday.com/lifestyle/restaurants/the-trattoria-st-james-pier-95-freeport-la-plage-wading-river-1.27015958?utm_source=tw_nd,2019-02-08T10:00:00-05:00,1,The lasagna with Bolognese sauce at The Trattoria in St. James.,Daniel Brennan
81,newsday,https://www.newsday.com/long-island/education/ps-i-love-you-day-1.27059685?utm_source=tw_nd,2019-02-08T14:06:31-05:00,0,NA,NA
82,newsday,https://www.newsday.com/lifestyle/holidays/valentines-day/galentines-day-long-island-1.26699746?utm_source=tw_nd,2019-02-08T07:10:00-05:00,3,Women of Integrity members at the group's 2017 Galentine's Day celebration at City Cellar in Westbury.,Women Of Integrity Inc. /Shantay Carter
82,newsday,,,3,"Galentine's Day is a fictional holiday based on an episode of NBC's ""Parks and Recreation"" that's spawned merchandise, including greeting cards, $4.99 at Target.",William Perlman
82,newsday,,,3,"Galentine's Day paper dessert plates, $3.99 for 8, and beverage napkins, $2.99 for 16, online only at 
partycity.com.",William Perlman
83,newsday,https://www.newsday.com/business/amazon-reconsider-new-york-city-campus-1.27064592?utm_source=tw_nd,2019-02-08T20:50:00-05:00,1,"An aerial view of the Long Island City site, seen June 26, where Amazon proposes building its second headquarters.",AllCityAerial.com/Kevin P. Coughlin
84,newsday,https://www.newsday.com/lifestyle/long-island-events/long-island-this-weekend-1.20079138?utm_source=tw_nd,2019-02-24T11:55:00-05:00,10,NA,Long Island Museum/John Frederick Kensett
84,newsday,,,10,NA,Daniel Brennan
84,newsday,,,10,NA,Randee Daddona
84,newsday,,,10,NA,Gail Jhonson
84,newsday,,,10,NA,Joseph D. Sullivan
84,newsday,,,10,NA,Alamy
84,newsday,,,10,NA,Jennifer A. Uihlein
84,newsday,,,10,NA,AP/Matt Sayles
84,newsday,,,10,NA,Chris Waits
84,newsday,,,10,NA,Jeanine Boubli
85,newsday,https://www.newsday.com/lifestyle/restaurants/macaroni-and-cheese-on-long-island-versions-we-love-1.9561087?utm_source=tw_nd,2019-02-08T17:15:00-05:00,10,NA,Daniel Brennan
85,newsday,,,10,NA,Daniel Brennan
85,newsday,,,10,NA,Daniel Brennan
85,newsday,,,10,NA,Daniel Brennan
85,newsday,,,10,NA,Daniel Brennan
85,newsday,,,10,NA,Daniel Brennan
85,newsday,,,10,NA,Benjamin Petit
85,newsday,,,10,NA,Kathy Kmonicek
85,newsday,,,10,NA,Yvonne Albinowski
85,newsday,,,10,NA,Bruce Gilbert
86,newsday,https://www.newsday.com/long-island/student-loans-college-debt-home-ownership-1.27018508?utm_source=tw_nd,2019-02-08T06:00:04-05:00,2,"Meri Kassmer, 38, lives alone in a basement apartment in Locust Valley. Her student loan balance is $40,000.",Howard Simmons
86,newsday,,,2,"Dave Barry, shown here in his Melville office, has seen his daughter amass student loan debt as he continues to pay off his own decades-old loans.",Yeong-Ung Yang
87,newsday,https://www.newsday.com/lifestyle/restaurants/the-snapper-inn-oakdale-1.27023085?utm_source=tw_nd,2019-02-08T06:00:00-05:00,1,"The Snapper Inn Seafood Pot, a signature dish of Snapper Inn in Oakdale, now celebrating 90 years.",The Snapper Inn
88,newsday,https://www.newsday.com/business/long-island-hospitals-medicare-medicaid-1.27032141?utm_source=tw_nd,2019-02-08T06:00:00-05:00,4,"Health systems say Medicare, Medicaid payments are falling far behind the cost of care.",Getty Images/simonkr
88,newsday,,,4,South Nassau Communities Hospital CEO Richard J. Murphy says the financial squeeze caused by the Island's aging population is a financial concern.,Newsday/Alejandra Villa Loarca
88,newsday,,,4,"Community health worker Ducamel Denis, who works at the office of Dr. Mireille M. Constant in East Islip, helps connect patients to resources.",Barry Sloan
88,newsday,,,4,"Catholic Health Services staffers Dr. Patrick M. O'Shaughnessy, left, care coordinators Reneice Mclin and Kathleen Young Byagari, and Dr. George Beauregard at their Garden City office.",Newsday/Alejandra Villa Loarca
89,newsday,https://www.newsday.com/business/amazon-reconsider-new-york-city-campus-1.27064592?utm_source=tw_nd,2019-02-08T20:50:00-05:00,1,"An aerial view of the Long Island City site, seen June 26, where Amazon proposes building its second headquarters.",AllCityAerial.com/Kevin P. Coughlin
90,newsday,https://www.newsday.com/lifestyle/family/frontier-airlines-kids-fly-free-1.26973178?utm_source=tw_nd,2019-02-08T07:03:00-05:00,1,"For a $59.99 annual fee, children 14 and younger can fly free on Frontier Airlines on select dates when accompanied by adult passengers.",Frontier Airlines
91,newsday,https://www.newsday.com/news/new-york/ny-chicago-pizza-1.27019527?utm_source=tw_nd,2019-02-07T15:13:00-05:00,1,The New York City Police Department and the Chicago Police Department took to Twitter Thursday to escalate the timeless debate: Is Chicago or New York City pizza better?,Getty Images/Juanmonino
92,newsday,https://www.newsday.com/long-island/crime/public-lewdness-arrest-great-neck-1.27004087?utm_source=tw_nd,2019-02-07T16:54:08-05:00,1,"Jefferson Ramirez, of Great Neck, was charged with public lewdness and child endangerment, police said.",NCPD
93,newsday,https://www.newsday.com/long-island/transportation/on-time-performance-lirr-january-1.27025964?utm_source=tw_nd,2019-02-07T18:03:00-05:00,1,Long Island Rail Road riders board a rush-hour train to Babylon from Penn Station in January.,Linda Rosier
94,newsday,https://www.newsday.com/lifestyle/restaurants/gaetanos-flour-fire-pizza-garden-city-1.26996385?utm_source=tw_nd,2019-02-07T10:00:00-05:00,1,"A tronchetto roll stuffed with smoked and fresh mozzarella and emmental cheese -- then topped with prosciutto, arugula and Parmesan cheese -- at Gaetano's Flour & Fire in Garden City.",Newsday/Corin Hirsch
95,newsday,https://www.newsday.com/business/northwell-orthopedic-hospital-valley-stream-1.26987669?utm_source=tw_nd,2019-02-07T06:00:00-05:00,1,Northwell Health has opened an orthopedic hospital at Long Island Jewish Valley Stream.,Northwell Health
96,newsday,https://www.newsday.com/lifestyle/restaurants/caribbean-restaurants-long-island-1.26281346?utm_source=tw_nd,2019-02-06T09:36:00-05:00,0,NA,NA
97,newsday,https://www.newsday.com/lifestyle/family/gooseegged-bump-ice-pack-1.26944111?utm_source=tw_nd,2019-02-08T08:59:00-05:00,2,"Michael and Megan Ross of Rockville Centre, with their children Brady, 6, Madison, 4, and Molly, 15 months, modeling GooseEgged.",GooseEgged
97,newsday,,,2,Michael and Megan Ross of Rockville Centre invented GooseEgged.,GooseEgged
98,newsday,https://www.newsday.com/lifestyle/restaurants/rotisserie-banks-huntington-1.26948584?utm_source=tw_nd,2019-02-06T06:00:53-05:00,1,Rotisserie chickens are a highlight of the menu at Rotisserie Banks in Huntington.,George Lios
99,newsday,https://www.newsday.com/long-island/crime/rape-arrest-deer-park-1.26968771?utm_source=tw_nd,2019-02-06T19:21:05-05:00,1,"Philip Evanson of Deer Park was charged with third-degree rape, Suffolk County police said.",SCPD
100,newsday,https://www.newsday.com/entertainment/tv/reality-tv/gina-kirschenheiter-real-housewives-apologizes-1.26944878?utm_source=tw_nd,2019-02-05T16:01:04-05:00,1,"Gina Kirschenheiter of Bravo's ""Real Housewives of Orange County.""",Bravo/Phillip Faraone
101,newsday,https://www.newsday.com/lifestyle/long-island-events/girl-with-no-job-claudia-oshry-1.26726514?utm_source=tw_nd,2019-02-04T06:30:00-05:00,3,Claudia Oshry became known for her social media feeds under the handle @girlwithnojob.,bEcKs
101,newsday,,,3,"Instagram poster Claudia Oshry (aka Girl With No Job), will appear at the Paramount in Huntington Feb. 10.",@girlwithnojob
101,newsday,,,3,"Instagram sensation Claudia Oshry, aka Girl With No Job, will bring her ""Dirty Jeans"" tour to The Paramount in Huntington for two shows on Feb. 10 at 4 and 8 p.m.",@girlwithnojob
102,newsday,https://www.newsday.com/long-island/education/west-islip-high-school-teacher-tony-bennett-1.26943576?utm_source=tw_nd,2019-02-06T05:00:54-05:00,2,Nicole Cordani with credentials from her time working with Tony Bennett before she decided to pursue teaching full time in 2004.,Newsday / Brittany Bernstein
102,newsday,,,2,"Nicole Cordani, fourth from left, had the chance to reunite with her old boss, Tony Bennett, after his May 2018 concert at NYCB Theatre at Westbury. ""He's still as sweet as ever,"" she said.",Nicole Cordani
103,newsday,https://www.newsday.com/long-island/education/ap-exams-new-york-state-1.26949954?utm_source=tw_nd,2019-02-06T00:01:05-05:00,1,"Malverne in Nassau County and Commack in Suffolk were among 373 school districts in the U.S. and Canada recently named to an AP ""honor roll"" for increasing enrollments in advanced courses while maintaining achievement.",Newsday/J. Conrad Williams Jr.
104,newsday,https://www.newsday.com/long-island/politics/nassau-senior-tax-abatement-1.26986844?utm_source=tw_nd,2019-02-06T21:09:00-05:00,1,"Hempstead Town Tax Receiver Donald Clavin, shown Feb. 1",Newsday/J. Conrad Williams Jr.
105,newsday,https://www.newsday.com/long-island/crime/guns-drugs-patchogue-raid-1.26990541?utm_source=tw_nd,2019-02-06T21:59:00-05:00,2,Patrick Musumeci is to be arraigned Thursday on drug and weapon charges.,SCPD
105,newsday,,,2,"Suffolk police said they seized a Glock semiautomatic handgun, a Taurus semiautomatic handgun, a Ruger pistol, a Smith & Wesson pistol, four assault rifles, six shotguns, two rifles, five sets of brass knuckles and a switchblade in an early-morning raid on a Patchogue home Wednesday.",Stringer News Service
106,newsday,https://www.newsday.com/lifestyle/restaurants/valentines-day-restaurants-long-island-1.26971833?utm_source=tw_nd,2019-02-07T15:38:00-05:00,10,NA,Danielle Silverman
106,newsday,,,10,NA,Virgola
106,newsday,,,10,NA,Daniel Brennan
106,newsday,,,10,NA,Raychel Brightman
106,newsday,,,10,NA,Marisol Diaz-Gordon
106,newsday,,,10,NA,Daniel Brennan
106,newsday,,,10,NA,Yvonne Albinowski
106,newsday,,,10,NA,Daniel Brennan
106,newsday,,,10,NA,Yvonne Albinowski
106,newsday,,,10,NA,Heather Walsh
107,newsday,https://www.newsday.com/long-island/montauk-boy-super-bowl-commercial-1.26977504?utm_source=tw_nd,2019-02-06T19:46:59-05:00,1,Francisco Gabriel Estrella in a green-screen scene while making his Super Bowl ad.,Cynthia Neat
108,newsday,https://www.newsday.com/news/nation/trump-state-union-quotes-2019-1.26959358?utm_source=tw_nd,2019-02-06T13:59:17-05:00,2,"President Donald Trump delivers the State of the Union address, with Vice President Mike Pence House Speaker Nancy Pelosi watching, at the Capitol in Washington on Tuesday.",Pool / EPA / REX / Shutterstock / Doug Mills
108,newsday,,,2,"President Donald Trump delivers the State of the Union address, with Vice President Mike Pence House Speaker Nancy Pelosi watching, at the Capitol in Washington on Tuesday.",Pool / EPA / REX / Shutterstock / Doug Mills
109,newsday,https://www.newsday.com/long-island/pseg-residential-electricity-1.26950037?utm_source=tw_nd,2019-02-05T19:43:00-05:00,1,"Installation of solar panels on the roofs of Long Island homes is one reason for a projected drop in residential electricity use over the next 5 years, PSEG Long Island said.",Chris Ware
110,newsday,https://www.newsday.com/business/bill-mcdermott-sap-stony-brook-university-1.26949410?utm_source=tw_nd,2019-02-05T19:11:00-05:00,1,"Marianna Savoca, assistant vice president for Career Development & Experiential Education at Stony Brook University, talks with Bill McDermott, CEO of SAP, during a fireside chat in the school's Charles B. Wang Center on Tuesday.",Barry Sloan
111,newsday,https://www.newsday.com/entertainment/music/sublime-with-rome-great-south-bay-1.26940279?utm_source=tw_nd,2019-02-05T13:30:01-05:00,1,Rome Ramirez of Sublime with Rome performs at the 2014 Budweiser Made in America Festival at Los Angeles Grand Park.,Getty Images for Anheuser-Busch/Christopher Polk
112,newsday,https://www.newsday.com/long-island/suffolk/lawsuit-hedges-inn-wedding-permit-zoning-1.26948796?utm_source=tw_nd,2019-02-05T19:02:00-05:00,1,The Hedges Inn is on the National Register of Historic Places and is in a residential neighborhood on James Lane in East Hampton Village.,Newsday/Vera Chinese
113,newsday,https://www.newsday.com/long-island/suffolk/macarthur-airport-1.26942293?utm_source=tw_nd,2019-02-06T11:11:24-05:00,1,"Long Island MacArthur Airport offered 470,000 more seats in 2018 compared with the year before.",Newsday/J. Conrad Williams Jr.
114,newsday,https://www.newsday.com/news/nation/donald-trump-state-of-the-union-1.26928105?utm_source=tw_nd,2019-02-05T23:58:00-05:00,0,NA,NA
115,newsday,https://www.newsday.com/lifestyle/family/heated-igloos-gurneys-1.26933288?utm_source=tw_nd,2019-02-06T08:37:00-05:00,1,Families can relax inside outdoor heated igloos this winter on the deck of Gurney's Montauk.,Gurney’s
116,newsday,https://www.newsday.com/long-island/politics/nassau-county-2020-census-count-1.26940004?utm_source=tw_nd,2019-02-05T16:48:00-05:00,0,NA,NA
117,newsday,https://www.newsday.com/entertainment/celebrities/alec-baldwin-parking-space-incident-1.26895710?utm_source=tw_nd,2019-02-04T13:15:45-05:00,1,"Alec Baldwin chats with the host on ""The Ellen DeGeneres Show"" that aired on Feb. 4.",Warner Bros./Michael Rozman
118,newsday,https://www.newsday.com/lifestyle/restaurants/food-and-drink/chocolate-shops-long-island-1.26396360?utm_source=tw_nd,2019-01-27T05:00:00-05:00,1,Assorted handcrafted chocolates at the North Fork Chocolate Company in Aquebogue.,Randee Daddona
119,newsday,https://www.newsday.com/lifestyle/restaurants/food-and-drink/patchogue-beer-project-patchogue-1.26907525?utm_source=tw_nd,2019-02-05T10:00:00-05:00,1,"A beer sampling flight at Patchogue Beer Project, which opened in early January.",Newsday/Corin Hirsch
120,newsday,https://www.newsday.com/long-island/politics/robert-trotta-steve-bellone-suffolk-1.26941802?utm_source=tw_nd,2019-02-05T18:08:33-05:00,0,NA,NA
121,newsday,https://www.newsday.com/long-island/nassau/plainview-sikh-temple-1.26902071?utm_source=tw_nd,2019-02-05T06:00:06-05:00,0,NA,NA
122,newsday,https://www.newsday.com/long-island/nassau/lizza-oyster-bay-property-vacate-1.26899344?utm_source=tw_nd,2019-02-04T17:07:47-05:00,1,"Vehicles sit on the site at 200 Winding Road which is part of the Oyster Bay Town landfill where Carlo Lizza Paving occupied the property on Monday, Feb. 4 in Old Bethpage.",Howard Schnapp
123,newsday,https://www.newsday.com/long-island/suffolk/police-overdose-good-samaritan-medical-center-1.26893312?utm_source=tw_nd,2019-02-04T14:04:00-05:00,1,"Good Samaritan Hospital Medical Center in West Islip, seen on Dec. 15, 2016.",Barry Sloan
124,newsday,https://www.newsday.com/news/region-state/state-budget-revenue-decline-1.26892647?utm_source=tw_nd,2019-02-05T06:30:00-05:00,1,Gov. Andrew M. Cuomo delivers the 2019 State of the State and Budget address in Albany on Jan. 15.,Newsday / J. Conrad Williams Jr.
125,newsday,https://www.newsday.com/lifestyle/home-and-garden/home-renovation-mistakes-1.26707332?utm_source=fb_nd,2019-02-04T16:04:00-05:00,1,Building extra money into the budget is important before a home renovation.,Dreamstime
126,newsday,https://www.newsday.com/news/region-state/state-budget-revenue-decline-1.26892647?utm_source=tw_nd,2019-02-05T06:30:00-05:00,1,Gov. Andrew M. Cuomo delivers the 2019 State of the State and Budget address in Albany on Jan. 15.,Newsday / J. Conrad Williams Jr.
127,newsday,https://www.newsday.com/long-island/nassau/nice-bus-accident-baldwin-1.26904711?utm_source=tw_nd,2019-02-04T16:46:50-05:00,0,NA,NA
128,newsday,https://www.newsday.com/long-island/nassau/state-police-skeletal-remains-valley-stream-1.26907623?utm_source=tw_nd,2019-02-04T22:14:00-05:00,1,State Police on Monday investigate the scene where human remains were discovered in Valley Stream near the Southern State Parkway.,Howard Schnapp
129,newsday,https://www.newsday.com/classifieds/real-estate/long-island-rental-red-flags-1.26569035?utm_source=tw_nd,2019-01-31T10:00:00-05:00,1,"Renters on Long Island should be wary of apartments that don't have proper documentation, local real estate experts say.",Getty Images/iStockphoto/AntonioGuillem
130,newsday,https://www.newsday.com/lifestyle/restaurants/small-batch-review-garden-city-1.26603911?utm_source=tw_nd,2019-02-03T07:08:00-05:00,2,Chef Tom Colicchio in the kitchen of his restaurant Small Batch in Garden City.,Daniel Brennan
130,newsday,,,2,NA,NA
131,newsday,https://www.newsday.com/business/five-below-ulta-beauty-mattress-firm-1.26686185?utm_source=tw_nd,2019-02-04T06:00:00-05:00,1,The Five Below store in Westbury.,NA
132,newsday,https://www.newsday.com/business/bilingual-social-workers-1.26568917?utm_source=tw_nd,2019-02-03T06:00:00-05:00,2,"Russell Chertok, owner of Visiting Counselors of New York, soon will move his office from his South Setauket home to a space in Melville.",Jessica Rotkiewicz
132,newsday,,,2,"Russell Chertok, of South Setauket, a licensed social worker and owner of Visiting Counselors of New York, is having a hard time finding Spanish-speaking social workers for his business.",Jessica Rotkiewicz
133,newsday,https://www.newsday.com/lifestyle/restaurants/valentine-s-day-restaurants-picks-for-long-island-s-most-romantic-eateries-1.9866299?utm_source=tw_nd,2019-02-13T09:07:00-05:00,10,NA,Daniel Brennan
133,newsday,,,10,NA,Daniel Brennan
133,newsday,,,10,NA,Bruce Gilbert
133,newsday,,,10,NA,Marisol Diaz-Gordon
133,newsday,,,10,NA,Yvonne Albinowski
133,newsday,,,10,NA,Yvonne Albinowski
133,newsday,,,10,NA,Daniel Brennan
133,newsday,,,10,NA,Daniel Brennan
133,newsday,,,10,NA,Yvonne Albinowski
133,newsday,,,10,NA,Yvonne Albinowski
134,newsday,https://www.newsday.com/news/weather/long-island-weather-sunday-1.26797400?utm_source=tw_nd,2019-02-03T17:02:00-05:00,2,"Brian James of West Islip, with his son Ryan, 4, where they took advantage of warmer weather as Ryan practiced bicycling at Heckscher State Park in East Islip, on Sunday.",James Carbone
134,newsday,,,2,NA,NA
135,newsday,https://www.newsday.com/long-island/nassau/cats-shelter-north-hempstead-feral-1.26723089?utm_source=tw_nd,2019-02-03T06:00:50-05:00,0,NA,NA
136,newsday,https://www.newsday.com/long-island/politics/marijuana-legalize-new-york-1.26728482?utm_source=tw_nd,2019-02-02T06:00:00-05:00,1,"Mineola Mayor Scott Strauss on Tuesday at the corner of Union and East Second streets, in the village's ""light industrial district,"" where sales of recreational marijuana would be confined if it is legalized by the state.",Newsday / J. Conrad Williams Jr.
137,newsday,https://www.newsday.com/sports/football/super-bowl/super-bowl-liii-patriots-rams-1.26838786?utm_source=tw_nd,2019-02-04T05:48:40-05:00,3,New England Patriots head coach Bill Belichick waves after Super Bowl LIII against the Los Angeles Rams on Sunday in Atlanta. The Patriots won 13-3.,AP / Patrick Semansky
137,newsday,,,3,"New England running back Sony Michel, center, scores a touchdown during Super Bowl LIII between the Patriots and the Rams at Mercedes-Benz Stadium in Atlanta on Sunday.",AFP / Getty Images / Timothy A. Clary
137,newsday,,,3,NA,NA
138,newsday,https://www.newsday.com/long-island/nassau/polar-bear-plunge-long-beach-club-1.26831211?utm_source=tw_nd,2019-02-03T18:42:00-05:00,4,"Robert Browne, 17, goes in the water in his wheelchair with his father Timothy Browne, of Long Beach, at the Long Beach Polar Bears annual Super Bowl Splash on Sunday. Robert was injured in a surfing accident in 2014.",Debbie Egan-Chin
138,newsday,,,4,"Plungers leave the water during the Long Beach Polar Bear Club's Super Bowl Splash on Sunday, Feb. 3.",Debbie Egan-Chin
138,newsday,,,4,"Minka Palazzolo, 6, heads to the water with her dad, Matthew, at the Long Beach Polar Bear Club's Super Bowl Splash on Sunday at the Riverside Boulevard boardwalk in Long Beach.",Debbie Egan-Chin
138,newsday,,,4,Plungers and spectators alike prepare for the Long Beach Polar Bear Club's Super Bowl Splash on Sunday in Long Beach.,Debbie Egan-Chin
139,newsday,https://www.newsday.com/long-island/super-bowl-impaired-driving-crackdown-1.26750897?utm_source=tw_nd,2019-02-02T23:51:53-05:00,1,"A DWI checkpoint along the Long Island Expressway on Jan. 2, 2011.",Newsday/Thomas A. Ferrara
140,newsday,https://www.newsday.com/lifestyle/pets/puppy-bowl-super-bowl-liii-1.25698074?utm_source=tw_nd,2019-02-03T13:03:00-05:00,10,NA,Animal Planet/Keith Barraclough
140,newsday,,,10,NA,Animal Planet/Keith Barraclough
140,newsday,,,10,NA,Animal Planet/Keith Barraclough
140,newsday,,,10,NA,Animal Planet/Keith Barraclough
140,newsday,,,10,NA,Animal Planet/Keith Barraclough
140,newsday,,,10,NA,Animal Planet/Keith Barraclough
140,newsday,,,10,NA,Animal Planet/Keith Barraclough
140,newsday,,,10,NA,Animal Planet/Keith Barraclough
140,newsday,,,10,NA,Animal Planet/Keith Barraclough
140,newsday,,,10,NA,Animal Planet/Keith Barraclough
141,newsday,https://www.newsday.com/long-island/pseg-smart-meters-phone-1.26724516?utm_source=tw_nd,2019-02-03T06:00:42-05:00,2,A PSEG Long Island truck along Montauk Highway in West Islip in July 2014.,Newsday/John Paraskevas
141,newsday,,,2,"PSEG is going ahead with a large-scale rollout of smart electricity meters, similar to this one. The utility hopes to have the new meters installed in some 250,000 homes this year. (The serial number of the meter was obscured to protect privacy of the customer)",Newsday/Mark Harrington
142,newsday,https://www.newsday.com/long-island/crime/woman-killed-hit-run-mastic-1.26798132?utm_source=tw_nd,2019-02-03T09:47:41-05:00,1,Suffolk County investigate at the scene of the fatal hit-and-run accident at Mastic Road and Southaven Avenue in Mastic on Saturday.,Christopher Sabella
143,newsday,https://www.newsday.com/news/health/free-dental-screenings-kids-1.26667128?utm_source=tw_nd,2019-02-01T18:45:39-05:00,0,NA,NA
144,newsday,https://www.newsday.com/long-island/crime/australia-extradition-accused-killer-1.26749690?utm_source=tw_nd,2019-02-02T20:31:51-05:00,1,"The victim, Vladislav Tolstykh, had two young children.",handout
145,newsday,https://www.newsday.com/lifestyle/restaurants/yevma-authentic-greek-cuisine-east-meadow-1.26723232?utm_source=tw_nd,2019-02-02T10:00:00-05:00,1,Grilled octopus in extra virgin olive oil was on the menu at the now-closed Yevna in East Meadow.,Daniel Brennan
146,newsday,https://www.newsday.com/long-island/nassau/sober-super-bowl-hauppauge-1.26784847,2019-02-03T21:29:29-05:00,2,Several dozen people attended the second annual sober Super Bowl party at THRIVE Recovery Community and Outreach Center in Hauppauge on Sunday.,Jeff Bachner
146,newsday,,,2,Sign on the door of THRIVE in Hauppauge.,Newsday / Thomas A. Ferrara
147,newsday,https://www.newsday.com/lifestyle/family/indoor-places-to-play-on-long-island-1.6786977?utm_source=tw_nd,2019-02-19T08:24:00-05:00,10,NA,Uli Seit
147,newsday,,,10,NA,Patrick Mullooly
147,newsday,,,10,NA,Newsday / Alejandra Villa
147,newsday,,,10,NA,Newsday/Pat Mullooly
147,newsday,,,10,NA,Julie Cappiello
147,newsday,,,10,NA,Bowlmor Long Island
147,newsday,,,10,NA,Ian J. Stark
147,newsday,,,10,NA,Cup o’ Fun Café
147,newsday,,,10,NA,Howard Schnapp
147,newsday,,,10,NA,Dreamnastics/Adam Glassman
148,newsday,https://www.newsday.com/long-island/fatal-overdoses-long-island-1.26730788?utm_source=tw_nd,2019-02-02T06:00:00-05:00,0,NA,NA
149,newsday,https://www.newsday.com/entertainment/tv/most-memorable-long-island-tv-characters-1.23614215?utm_source=tw_nd,2019-02-02T07:28:00-05:00,1,"Erinn Hayes and Kevin James in a scene from the first season of CBS' ""Kevin Can Wait.""",CBS/Richard Boeth
150,newsday,https://www.newsday.com/entertainment/celebrities/jerry-sienfeld-lawsuit-porsche-inauthentic-collector-1.26729855?utm_source=tw_nd,2019-02-01T21:11:43-05:00,1,"Comedian Jerry Seinfeld attends the ""Colin Quinn: Red State Blue State"" opening night at the Minetta Lane Theatre in Manhattan on Jan. 22.",Getty Images/Nicholas Hunt
151,newsday,https://www.newsday.com/long-island/tom-brady-namesakes-long-island-1.26722039?utm_source=tw_nd,2019-02-02T06:00:00-05:00,6,"Tom Brady, a retired banker, with his son, Tom Brady, who is in real estate. The two will root for Patriots quarterback Tom Brady in Sunday's Super Bowl.",Shelby Knowles
151,newsday,,,6,"Tom Brady #12 of the New England Patriots celebrates after defeating the Kansas City Chiefs in overtime during the AFC Championship Game at Arrowhead Stadium on Jan. 20 in Kansas City, Missouri. The Patriots defeated the Chiefs 37-31.",Getty Images/Ronald Martinez
151,newsday,,,6,"Tom Brady III at home in West Islip on Tuesday. He and his son, also named Tom Brady, discuss the upcoming Super Bowl game and hope to see a win for the other football playing Tom Brady.",Shelby Knowles
151,newsday,,,6,"Tom Brady, 27, of Center Moriches, at the Jamesport home of his dad, also named Tom Brady, on Thursday.",Randee Daddona
151,newsday,,,6,Tom Brady II at his father's home in West Islip on Tuesday. His father is also named Tom Brady. Father and son will be watching the upcoming Super Bowl game and hope to see a win for the other Tom Brady.,Shelby Knowles
151,newsday,,,6,"Tom Brady in his Floral Park home on Thursday, with a 2008 article about how he shares the name of the famous NFL quarterback.",Shelby Knowles
152,newsday,https://www.newsday.com/long-island/fatal-overdoses-long-island-1.26730788?utm_source=tw_nd,2019-02-02T06:00:00-05:00,0,NA,NA
153,newsday,https://www.newsday.com/long-island/love-story-one-and-done-after-first-date-1.26606887?utm_source=tw_nd,2019-01-31T18:00:00-05:00,2,"Lucille and Louis Gallina, former Plainview residents, in April 1951. The couple, who reside in New Port Richie, Fla., were married in September 1953.",Gallina Family
153,newsday,,,2,"Lucille and Louis Gallina, former Plainview residents, celebrated their 65th anniversary in September 2018. The couple live in Newport Richie, Fla., but visit Long Island in the summer.",Gallina Family
154,newsday,https://www.newsday.com/lifestyle/family/malverne-clarke-yarn-project-princess-1.26717836?utm_source=tw_nd,2019-02-01T14:27:00-05:00,1,"Sydney Clarke, a fourth-grade student at Davison Avenue School in Malverne, is surprised at her school by Disney characters, and gifted two knitted princess-inspired wigs on Thursday.",Danielle Silverman
155,newsday,https://www.newsday.com/entertainment/celebrities/jerry-sienfeld-lawsuit-porsche-inauthentic-collector-1.26729855?utm_source=tw_nd,2019-02-01T21:11:43-05:00,1,"Comedian Jerry Seinfeld attends the ""Colin Quinn: Red State Blue State"" opening night at the Minetta Lane Theatre in Manhattan on Jan. 22.",Getty Images/Nicholas Hunt
156,newsday,https://www.newsday.com/lifestyle/family/tennis-expo-nassau-coliseum-open-1.26709274?utm_source=tw_nd,2019-02-05T08:42:00-05:00,1,The 2018 New York Tennis Expo will be held Feb. 9 at NYCB Live's Nassau Coliseum,Long Island Tennis Magazine
157,newsday,https://www.newsday.com/entertainment/music/shaggy-grammys-host-1.26679312?utm_source=tw_nd,2019-01-31T17:00:17-05:00,1,"Shaggy performs during a concert in Budapest, Hungary on Nov. 24, 2018.",AP/Zoltan Balogh
158,newsday,https://www.newsday.com/news/health/peak-flu-season-new-york-1.26728622?utm_source=tw_nd,2019-02-01T10:22:47-05:00,1,"Medical experts are encouraging the unvaccinated to get a flu shot, as flu infections are more common in cold, dry weather.",Newsday/J. Conrad Williams Jr.
159,newsday,https://www.newsday.com/news/weather/february-weather-long-island-1.26683794?utm_source=tw_nd,2019-02-01T05:00:42-05:00,2,"Route 347 in the aftermath of the blizzard on Feb. 8 and 9, 2013 in Lake Grove.",Newsday/John Paraskevas
159,newsday,,,2,"Newsday. Feb. 10, 1969",NA
160,newsday,https://www.newsday.com/business/retail-reset-grocery-wars-1.26683825?utm_source=tw_nd,2019-02-01T06:00:19-05:00,4,"Stop & Shop is buying this Patchogue King Kullen store, along with 31 others on Long Island.",Newsday/John Paraskevas
160,newsday,,,4,"Germany-based Lidl is expanding its U.S. presence, buying all the Best Markets on Long Island.",Lidl
160,newsday,,,4,"Kohl's is closing four stores this year, including a location in Valley Stream.",AP/Chuck Burton
160,newsday,,,4,"The Blink Fitness gym in Lindenhurst, which opened in May, is an example of the nonretail tenants moving into vacant retail space.",Johnny Milano
161,newsday,https://www.newsday.com/entertainment/tv/victoria-gotti-my-father-s-daughter-1.26714014?utm_source=tw_nd,2019-02-01T12:00:03-05:00,1,Victoria Gotti at the Sea Grill in Manhattan to promote her Lifetime movie.,Corey Sipkin
162,newsday,https://www.newsday.com/business/retail-reset-grocery-wars-1.26683825?utm_source=tw_sp,2019-02-01T06:00:19-05:00,4,"Stop & Shop is buying this Patchogue King Kullen store, along with 31 others on Long Island.",Newsday/John Paraskevas
162,newsday,,,4,"Germany-based Lidl is expanding its U.S. presence, buying all the Best Markets on Long Island.",Lidl
162,newsday,,,4,"Kohl's is closing four stores this year, including a location in Valley Stream.",AP/Chuck Burton
162,newsday,,,4,"The Blink Fitness gym in Lindenhurst, which opened in May, is an example of the nonretail tenants moving into vacant retail space.",Johnny Milano
163,newsday,https://www.newsday.com/long-island/nassau/pope-francis-bishop-long-island-1.26660058?utm_source=tw_nd,2019-01-31T22:58:06-05:00,1,Auxiliary Bishop Robert Brennan of the Diocese of Rockville Centre before Mass at the Parish of St. Patrick in Bay Shore in May.,Newsday/Thomas A. Ferrara
164,newsday,https://www.newsday.com/long-island/politics/laura-curran-cold-war-veterans-1.26671727?utm_source=tw_nd,2019-01-31T18:24:52-05:00,1,Nassau County Executive Laura Curran speaks on Jan. 17 in Mineola.,Howard Schnapp
165,newsday,https://www.newsday.com/entertainment/republic-airport-tv-movie-shoots-1.26613575?utm_source=tw_nd,2019-01-31T06:00:07-05:00,2,"A scene from the ""Madam Secretary"" episode ""Mitya"" filmed at Republic Airport in East Farmingdale.",CBS / Sarah Shatz
165,newsday,,,2,"A scene from the ""Madam Secretary"" episode ""Mitya"" filmed at Republic Airport in East Farmingdale.",CBS / Sarah Shatz
166,newsday,https://www.newsday.com/lifestyle/restaurants/food-and-drink/super-bowl-parties-long-island-1.26546874?utm_source=tw_nd,2019-01-31T09:02:00-05:00,1,Patrons watch football at the bar at the Main Event in Farmingdale.,Linda Rosier
167,newsday,https://www.newsday.com/lifestyle/restaurants/nacho-mamas-hicksville-1.26669649?utm_source=tw_nd,2019-02-01T15:21:43-05:00,1,"A dirty dog at Nacho Mama's, a food truck that has gone brick-and-mortar in Hicksville.",Carlos Juarez
168,newsday,https://www.newsday.com/long-island/nassau/mangano-corruption-retrial-1.26623687?utm_source=tw_nd,2019-01-31T21:17:24-05:00,2,"Harendra Singh took off running after leaving the federal court in Central Islip on March 8, 2018.",James Carbone
168,newsday,,,2,Linda and Edward Mangano arrive at federal court in Central Islip on Thursday.,James Carbone
169,newsday,https://www.newsday.com/entertainment/tv/soul-train-american-soul-1.26599988?utm_source=tw_nd,2019-01-31T06:00:00-05:00,2,"Sinqua Walls as Don Cornelius from BET's ""American Soul.""",BET/Jace Downs
169,newsday,,,2,"Dancing up a storm on BET's ""American Soul.""",BET/Annette Brown
170,newsday,https://www.newsday.com/lifestyle/fashion-and-shopping/valentine-s-day-gifts-for-your-sweet-heart-1.16048207?utm_source=tw_nd,2019-02-12T08:48:00-05:00,10,NA,Finch and Cotter
170,newsday,,,10,NA,Lush Cosmetics North America
170,newsday,,,10,NA,Crosley Radio
170,newsday,,,10,NA,Warby Parker
170,newsday,,,10,NA,Shag New York
170,newsday,,,10,NA,Fossil
170,newsday,,,10,NA,Anthropologie
170,newsday,,,10,NA,Godiva Chocolatier
170,newsday,,,10,NA,Polaroid
170,newsday,,,10,NA,William Perlman
171,newsday,https://www.newsday.com/lifestyle/family/long-island-libraries-lend-tablets-3-d-gadgets-museum-passes-more-1.12999340?utm_source=tw_nd,2019-02-22T16:28:00-05:00,10,NA,Marisol Diaz
171,newsday,,,10,NA,Jeff Bachner
171,newsday,,,10,NA,Tuff Gong
171,newsday,,,10,NA,Margaret Utset
171,newsday,,,10,NA,East Rockaway Public Library
171,newsday,,,10,NA,Fotolia/Dmitriy Sandratsky
171,newsday,,,10,NA,Fotolia
171,newsday,,,10,NA,Fotolia
171,newsday,,,10,NA,Fotolia
171,newsday,,,10,NA,Disney/Pixar
172,newsday,https://www.newsday.com/long-island/suffolk/suffolk-police-inspector-retires-1.26630147?utm_source=tw_nd,2019-01-30T21:52:00-05:00,0,NA,NA
173,newsday,https://www.newsday.com/lifestyle/restaurants/rockville-centre-restaurants-1.26550874?utm_source=tw_nd,2019-02-04T15:51:37-05:00,10,NA,Raychel Brightman
173,newsday,,,10,NA,Marisol Diaz-Gordon
173,newsday,,,10,NA,Jeremy Bales
173,newsday,,,10,NA,Raychel Brightman
173,newsday,,,10,NA,Daniel Brennan
173,newsday,,,10,NA,Raychel Brightman
173,newsday,,,10,NA,Daniel Brennan
173,newsday,,,10,NA,Sugarberry Bakery
173,newsday,,,10,NA,Marisol Diaz
173,newsday,,,10,NA,Newsday/Erica Marcus
174,newsday,https://www.newsday.com/long-island/politics/ice-laura-curran-richard-nicolello-nassau-1.26624695?utm_source=tw_nd,2019-01-30T19:08:00-05:00,0,NA,NA
175,newsday,https://www.newsday.com/sports/high-school/john-corso-obituary-1.26625953?utm_source=tw_nd,2019-01-30T19:12:00-05:00,1,St. Dominic athletic  director John Corso died Saturday at age 58.,St. Dominic High School
176,newsday,https://www.newsday.com/entertainment/tv/reality-tv/bachelorette-rachel-lindsay-wedding-1.26601980?utm_source=tw_nd,2019-01-30T13:00:27-05:00,1,"""The Bachelorette's"" Rachel Lindsay celebrates her birthday with fiance Bryan Abasolo at SugarHouse Casino on April 21, 2018 in Philadelphia.",Getty Images for SugarHouse Casino/Lisa Lake
177,newsday,https://www.newsday.com/long-island/education/long-island-graduation-rates-1.26605657?utm_source=tw_nd,2019-01-30T18:46:31-05:00,2,Hempstead High School valedictorian Stephanie Chevez heads back to her seat after addressing the graduating class of 2018 during the ceremony at the school in June.,Newsday/J. Conrad Williams Jr.
177,newsday,,,2,"Students at the Brentwood High School graduation on June 25, 2017.",Newsday / Alejandra Villa Loarca
178,newsday,https://www.newsday.com/long-island/crime/erik-skoglund-cop-jakes58-1.26611052?utm_source=tw_nd,2019-01-30T20:01:00-05:00,1,Former Nassau Police Officer Erik Skoglund.,SCPD
179,newsday,https://www.newsday.com/long-island/education/long-island-graduation-rates-1.26605657?utm_source=tw_nd,2019-01-30T18:46:31-05:00,2,Hempstead High School valedictorian Stephanie Chevez heads back to her seat after addressing the graduating class of 2018 during the ceremony at the school in June.,Newsday/J. Conrad Williams Jr.
179,newsday,,,2,"Students at the Brentwood High School graduation on June 25, 2017.",Newsday / Alejandra Villa Loarca
180,newsday,https://www.newsday.com/lifestyle/long-island-events/dinner-and-a-show-1.26433166?utm_source=tw_nd,2019-01-30T08:46:00-05:00,1,"Grace Kelly and Cary Grant make a handsome couple in Alfred Hitchcock's ""To Catch a Thief,"" which comes to the Patchogue Theatre on Feb. 6.",Everett Collection
181,newsday,https://www.newsday.com/lifestyle/restaurants/toro-tapas-tequila-patchogue-nahcho-papi-1.26576496?utm_source=tw_nd,2019-01-30T10:00:31-05:00,1,"The shrimp nachos at Nahcho Papi, the new incarnation of Patchogue's Toro Tapas & Tequila.",Ariel Bonilla
182,newsday,https://www.newsday.com/long-island/marie-kondo-netflix-thrift-stores-1.26570018?utm_source=tw_nd,2019-02-03T07:06:00-05:00,5,"Japanese tidying guru Marie Kondo, left, is pictured with Long Island-based certified gold-level KonMari consultant Patty Morrissey at a seminar in Manhattan in April 2018.",Ryan Soule
182,newsday,,,5,Japanese tidying guru Marie Kondo speaks at the KonMari Consultant Seminar in New York City in April 2018.,Ryan Soule
182,newsday,,,5,"Debbie Loesch, founder of Angels of Long Island thrift store in Patchogue, stands in the donation room.",Kimberly Yuen
182,newsday,,,5,Dishes and bowls are displayed for sale at the Angels of Long Island thrift store in Patchogue.,Kimberly Yuen
182,newsday,,,5,North Bellmore resident Heather Fiore folds her clothes the KonMari way.,Kimberly Yuen
183,newsday,https://www.newsday.com/long-island/crime/ice-immigrants-arrested-illegal-1.26577236?utm_source=tw_nd,2019-01-29T19:44:00-05:00,0,NA,NA
184,newsday,https://www.newsday.com/long-island/lirr-service-arctic-cold-1.26595958?utm_source=tw_nd,2019-01-30T21:57:29-05:00,1,The LIRR is urging customers to use caution on platforms and staircases in the extreme cold.,David L. Pokress
186,newsday,https://www.newsday.com/news/region-state/gun-limits-new-york-state-1.26570417?utm_source=tw_nd,2019-01-29T21:42:00-05:00,1,"Linda Beigel Schulman holds a photograph of her son Scott Beigel, who was killed by gun violence in the Parkland, Florida school shootings. Schulman and Gov. Andrew M. Cuomo spoke along with gun safety advocates in the Red Room of the state Capitol during a news conference on Tuesday. (AP Photo/Hans Pennink)",AP/Hans Pennink
187,newsday,https://www.newsday.com/news/health/northwell-health-superbugs-disinfecting-1.26575679?utm_source=tw_nd,2019-01-29T18:02:00-05:00,0,NA,NA
188,newsday,https://www.newsday.com/long-island/nassau/revenge-porn-nassau-law-1.26576750?utm_source=tw_nd,2019-01-29T22:33:00-05:00,0,NA,NA
189,newsday,https://www.newsday.com/news/region-state/gun-limits-new-york-state-1.26570417?utm_source=tw_nd,2019-01-29T21:42:00-05:00,1,"Linda Beigel Schulman holds a photograph of her son Scott Beigel, who was killed by gun violence in the Parkland, Florida school shootings. Schulman and Gov. Andrew M. Cuomo spoke along with gun safety advocates in the Red Room of the state Capitol during a news conference on Tuesday. (AP Photo/Hans Pennink)",AP/Hans Pennink
190,newsday,https://www.newsday.com/business/lenaghan-dean-hofstra-zarb-school-1.26547768?utm_source=tw_nd,2019-01-28T18:54:33-05:00,1,Janet A. Lenaghan was appointed dean of Hofstra University's Zarb School of Business on Monday.,Hofstra University/Jonathan Heisler
191,newsday,https://www.newsday.com/entertainment/music/jones-beach-concerts-2019-1.26567658?utm_source=tw_nd,2019-01-29T11:27:44-05:00,10,NA,Getty Images for iHeartMedia/Kevin Winter
191,newsday,,,10,NA,Getty Images for CBS Radio Inc./Frazer Harrison
191,newsday,,,10,NA,Getty Images for dcp/Frederick M. Brown
191,newsday,,,10,NA,Getty Images for KIDZ BOP/Dia Dipasupil
191,newsday,,,10,NA,Getty Images/John Shearer/Country Rising
191,newsday,,,10,NA,Getty Images for SiriusXM/Bryan Steffy
191,newsday,,,10,NA,Getty Images for Escape To Marga/Noam Galai
191,newsday,,,10,NA,Getty Images for Spotify/Charley Gallay
191,newsday,,,10,NA,Getty Images/Frank Micelotta
191,newsday,,,10,NA,Getty Images/Rick Diamond
192,newsday,https://www.newsday.com/lifestyle/restaurants/tulip-caterers-franklin-square-zorns-bethpage-super-bowl-deals-1.26549326?utm_source=tw_nd,2019-01-29T10:00:35-05:00,1,"Zorn's of Bethpage will be making over 10,000 chicken wings for Long Islanders to eat on Super Bowl Sunday on Feb. 3.",Zorn's of Bethpage
193,newsday,https://www.newsday.com/lifestyle/family/chinese-new-year-pig-1.26548748?utm_source=tw_nd,2019-01-29T06:00:00-05:00,1,"Lunar New Year celebrations often include traditional lion dance, ribbon dance, drumming and more.",Ward Melville Heritage Organization/R.Ilowite
194,newsday,https://www.newsday.com/long-island/crime/wilson-pantosin-crash-sentencing-1.26569732?utm_source=tw_nd,2019-01-29T13:28:00-05:00,1,"Wilson Pantosin at First District Court in Central Islip on March 1, 2018.",James Carbone
195,newsday,https://www.newsday.com/lifestyle/restaurants/almarco-italian-grill-huntington-1.26549119?utm_source=tw_nd,2019-01-29T06:00:00-05:00,1,Almarco at 13 Wall St. in Huntington has been seized by the state for nonpayment of taxes.,Freelance/Howard Schnapp
196,newsday,https://www.newsday.com/lifestyle/recreation/ping-pong-long-island-1.26405256?utm_source=tw_nd,2019-01-28T08:47:00-05:00,0,NA,NA
198,newsday,https://www.newsday.com/long-island/lirr-duct-tape-trains-aluminum-1.26551765?utm_source=tw_nd,2019-01-28T18:45:00-05:00,2,An LIRR train car that was repaired with tape is seen some time between April 2016 and May 2017.,Jason Rabinowitz
198,newsday,,,2,An LIRR commuter at the Mineola station took this October photo of an LIRR train car that was repaired with aluminum speed tape.,John Napolitano
199,newsday,https://www.newsday.com/long-island/suffolk/boy-scout-killed-1.26549716?utm_source=tw_nd,2019-01-28T19:13:00-05:00,1,"Thomas Murphy appears at First District Court in Central Islip on Monday, Jan. 28, 2019.",James Carbone
200,newsday,https://www.newsday.com/long-island/nassau/nassau-reassessment-moog-1.26546179?utm_source=tw_nd,2019-01-28T18:45:00-05:00,2,"Nassau County Assesssor David Moog in the assessment office in Mineola on June 21, 2018.",Howard Schnapp
200,newsday,,,2,"Nassau County Legislature Presiding Officer Richard Nicolello, center, stands with other Republican legislators as he calls for the resignation of County Assessor David Moog on Monday.",Howard Schnapp
201,newsday,https://www.newsday.com/long-island/nassau/jericho-proposed-marriot-residence-inn-1.26502839?utm_source=tw_nd,2019-01-28T06:00:44-05:00,3,"The proposed three-story Marriott Residence Inn in Jericho, across from the Milleridge Inn, has riled residents.",NA
201,newsday,,,3,"Ms. Zheng (left) collecting petitions from locals at a petition drive at Jericho Public Library on Jan. 28, 2019.",Newsday /Howard Simmons
201,newsday,,,3,"A sign in support of the proposed three-story Marriott Residence Inn stands along Jericho Turnpike on Jan. 28, 2019.",Newsday /Howard Simmons
202,newsday,https://www.newsday.com/entertainment/movies/screen-actors-guild-awards-1.26495155?utm_source=tw_nd,2019-01-28T11:46:21-05:00,3,"From left, Sterling K. Brown, Angela Bassett, Lupita Nyong'o, Chadwick Boseman, Danai Gurira, Michael B. Jordan and Andy Serkis with the award for outstanding performance by a cast in a motion picture for ""Black Panther"" in the press room at the 25th annual Screen Actors Guild Awards at the Shrine Auditorium and Expo Hall in Los Angeles on Sunday.",AP / Invision / Jordan Strauss
202,newsday,,,3,"Lisa Burns, left, Elizabeth McLaughlin, Anthony Carrigan, Kathy Connell, Daryl Anderson, Yara Shahidi, Jason George and JD Heyman roll out the carpet at the 25th annual SAG Awards - Silver Carpet Roll Out event at the Shrine Auditorium and Expo Hall on Friday in Los Angeles.",AP / Invision / Willy Sanjuan
202,newsday,,,3,Presenter Alec Baldwin and host Megan Mullally appear onstage during the 25th annual Screen Actors Guild Awards Sunday in Los Angeles.,Getty Images for Turner / Kevin Winter
203,newsday,https://www.newsday.com/business/dollar-tree-new-stores-1.26396047?utm_source=tw_nd,2019-01-28T06:00:00-05:00,1,An artist's rendering of the Dollar Tree store planned for Huntington Station. Dollar Tree intends to open three additional stores on Long Island this year.,AD Real Estate Investors Inc.
204,newsday,https://www.newsday.com/travel/long-island-getaways/hamptons-inns-bedside-reading-weekend-1.26393562?utm_source=tw_nd,2019-01-30T08:52:00-05:00,1,"The Baker House 1650 in East Hampton is participating in a special weekend for book lovers, March 1-3.",Yuxi Liu
205,newsday,https://www.newsday.com/long-island/father-son-conference-wyandanch-1.26476744?utm_source=tw_nd,2019-01-26T22:26:38-05:00,0,NA,NA
206,newsday,https://www.newsday.com/long-island/federal-workers-shutdown-long-island-1.26476399?utm_source=tw_nd,2019-01-27T10:32:04-05:00,2,"Rina Brooke and her daughter, Sophia Kieseheuer, of North Babylon, bring their donations to the Angels of Long Island center in Patchogue.",Howard Simmons
206,newsday,,,2,John Pantijaras and Tasha Chiuchiolp stack shelves at the nonprofit Angels of Long Island in East Patchogue with items collected to help furloughed federal workers.,Howard Simmons
207,newsday,https://www.newsday.com/long-island/nassau/bayville-seaside-inn-1.26505299?utm_source=tw_nd,2019-01-27T17:51:00-05:00,2,"The vacant waterfront land where developers want to build an event center, spa and restaurant on Bayville Avenue in Bayville.",Howard Simmons
207,newsday,,,2,The Tides Motor Inn at 1 Bayville Ave.,Howard Simmons
208,newsday,https://www.newsday.com/long-island/politics/nassau-spending-1.26434856?utm_source=tw_nd,2019-01-27T20:28:00-05:00,1,"A tractor to maintain museum grounds, statues, roller rink and weight room renovations and a comfort station were among the projects that legislators earmarked funds for through Nassau's Community Revitalization Program.",Howard Schnapp; Danielle Finkelstein; Shelby Knowles; Danielle Silverman; Barry Sloan; Johnny Milano
209,newsday,https://www.newsday.com/long-island/suffolk/shoreham-nuclear-plant-protection-1.26435904?utm_source=tw_nd,2019-01-27T13:57:00-05:00,1,An aerial view of the never-opened Shoreham nuclear plant in July 2015.,Daniel Brennan
210,newsday,https://www.newsday.com/long-island/politics/nassau-spending-1.26434856?utm_source=tw_nd,2019-01-27T20:28:00-05:00,1,"A tractor to maintain museum grounds, statues, roller rink and weight room renovations and a comfort station were among the projects that legislators earmarked funds for through Nassau's Community Revitalization Program.",Howard Schnapp; Danielle Finkelstein; Shelby Knowles; Danielle Silverman; Barry Sloan; Johnny Milano
"

2019-02-24 23:46:04.323186
"
News Org                                 Input      RTs        NoLinks    Output    
newsday                                  227        17         2          206       
