Index,Publisher,URL,Date,Num_Images,Caption,Credit/Source
1,amnewyork,https://www.amny.com/news/ruben-diaz-homosexual-comments-1.27145946,2019-02-10T20:20:00-05:00,1,"Councilman Ruben Diaz Sr. is unapologetic after saying ""the Council is controlled by the homosexual community"" in an interview.       Photo Credit: Charles Eckert",Photo Credit: Charles Eckert
2,amnewyork,https://www.amny.com/entertainment/red-room-orchestra-1.27144241,2019-02-10T18:19:53-05:00,1,"Red Room Orchestra will be performing music from ""Twin Peaks"" and from Wes Anderson movies this weekend.       Photo Credit: Jakub Mosur Photography/Jakub Mosur",Photo Credit: Jakub Mosur Photography/Jakub Mosur
3,amnewyork,https://www.amny.com/news/elections/nyc-public-advocate-election-1.26984144,2019-02-26T08:20:00-05:00,1,"The NYC public advocate candidates are, top left to right, A. Manny Alicandro, Michael Blake, David Eisenbach, Rafael Espinal, Anthony Herbert and Ron Kim; middle left to right, Nomiki Konst, Melissa Mark-Viverito, Danny O'Donnell, Jared Rich, Ydanis Rodriguez and Dawn Smalls; and bottom left to right, Eric A. Ulrich, Jumaane Williams and Benjamin Yee. Helal Sheikh (not pictured) also is running.       Photo Credit: Composite image",Photo Credit: Composite image
4,amnewyork,https://www.amny.com/news/queens-neir-s-tavern-1.27139979,2019-02-11T08:50:16-05:00,4,"Neir's Tavern, Queens' oldest bar located at 87-48 78th St. in Woodhaven, has never changed locations in its 190-year history.       Photo Credit: Jeff Bachner",Photo Credit: Jeff Bachner
4,amnewyork,,,4,"Owner Loy Gordon, center, took over as owner of Neir's Tavern in 2009. Photo Credit: Jeff Bachner",Photo Credit: Jeff Bachner
4,amnewyork,,,4,The bar's almost 200-year history is sprawled across its walls in the form of photographs and relics. Photo Credit: Jeff Bachner,Photo Credit: Jeff Bachner
4,amnewyork,,,4,The Neir's 190 Committee is considering applying again for landmark status from the city. Photo Credit: Jeff Bachner,Photo Credit: Jeff Bachner
5,amnewyork,https://www.amny.com/eat-and-drink/valentines-chocolates-nyc-1.26720032,2019-02-04T10:00:00-05:00,7,Flour Shop will help you get your Sweetheart fix this Valentine's Day with its $100 Midi Explosion Cakes.       Photo Credit: The Flour Shop,Photo Credit: The Flour Shop
5,amnewyork,,,7,"JoMart Chocolates is offering a chocolate high-heeled shoe, filled with sweets, this Valentine's Day. Photo Credit: JoMart Chocolates",Photo Credit: JoMart Chocolates
5,amnewyork,,,7,Tache Artisan Chocolates is offering CBD-infused chocolate truffles. Photo Credit: Tache Artisan Chocolates,Photo Credit: Tache Artisan Chocolates
5,amnewyork,,,7,"Jacques Torres locations are offering Be Still My Heart, a lace heart box filled with red chocolate-coated hazelnuts, and the Chocolate Violin, a milky rich instrument filled with signature bonbons, this Valentine's Day. Photo Credit: Jacques Torres",Photo Credit: Jacques Torres
5,amnewyork,,,7,Stick With Me is offering a Valentine's Day box for $98. Photo Credit: Evan Sung,Photo Credit: Evan Sung
5,amnewyork,,,7,Valentine's Day cake balls are available for order at Flour Shop. Photo Credit: Flour Shop,Photo Credit: Flour Shop
5,amnewyork,,,7,"Oddfellows Ice Cream Co. is teaming up with Nomikai, a new canned wine and cocktail brand, to create a Valentines Day boozy ice cream float for two. Photo Credit: Oddfellows Ice Cream Co.",Photo Credit: Oddfellows Ice Cream Co.
6,amnewyork,https://www.amny.com/things-to-do/westminster-dog-show-1.27138578,2019-02-10T13:19:00-05:00,10,Photo Credit: Debbie Egan-Chin,Photo Credit: Debbie Egan-Chin
6,amnewyork,,,10,Photo Credit: Debbie Egan-Chin,Photo Credit: Debbie Egan-Chin
6,amnewyork,,,10,Photo Credit: Debbie Egan-Chin,Photo Credit: Debbie Egan-Chin
6,amnewyork,,,10,Photo Credit: Debbie Egan-Chin,Photo Credit: Debbie Egan-Chin
6,amnewyork,,,10,Photo Credit: Debbie Egan-Chin,Photo Credit: Debbie Egan-Chin
6,amnewyork,,,10,Photo Credit: Debbie Egan-Chin,Photo Credit: Debbie Egan-Chin
6,amnewyork,,,10,Photo Credit: Debbie Egan-Chin,Photo Credit: Debbie Egan-Chin
6,amnewyork,,,10,Photo Credit: Debbie Egan-Chin,Photo Credit: Debbie Egan-Chin
6,amnewyork,,,10,Photo Credit: Debbie Egan-Chin,Photo Credit: Debbie Egan-Chin
6,amnewyork,,,10,Photo Credit: Debbie Egan-Chin,Photo Credit: Debbie Egan-Chin
7,amnewyork,https://www.amny.com/eat-and-drink/new-restaurants-nyc-1.27135718,2019-02-10T11:59:00-05:00,2,Find charred octopus on the menu at The Meatpackers.       Photo Credit: Sam Morris PR,Photo Credit: Sam Morris PR
7,amnewyork,,,2,Wagamama's new Murray Hill location is exclusively serving this hot katsu curry for a limited time. Photo Credit: Danielle Adams,Photo Credit: Danielle Adams
8,amnewyork,https://www.amny.com/news/bronx-girl-dies-in-fall-1.27134045,2019-02-10T11:16:07-05:00,1,"A four-year-old fell out of a fourth-floor window to her death on Saturday, police said.       Photo Credit: Theodore Parisienne",Photo Credit: Theodore Parisienne
9,amnewyork,https://www.amny.com/entertainment/grammy-award-predictions-1.27014438,2019-02-07T18:21:54-05:00,5,"Childish Gambino deserves to win the Grammy for album of the year for ""This is America.""       Photo Credit: Getty Images for iHeartMedia/Kevin Winter",Photo Credit: Getty Images for iHeartMedia/Kevin Winter
9,amnewyork,,,5,"Janelle Monáe's ""Dirty Computer"" is worthy of winning the Grammy for album of the year. Photo Credit: Getty Images for Global Citizen/Theo Wargo",Photo Credit: Getty Images for Global Citizen/Theo Wargo
9,amnewyork,,,5,"Kendrick Lamar's ""All the Stars"" should win the Grammy for song of the year. Photo Credit: Getty Images for NARAS/Kevin Winter",Photo Credit: Getty Images for NARAS/Kevin Winter
9,amnewyork,,,5,Jorja Smith stands out in a crowded field of candidates for the Grammy for best new artist. Photo Credit: Getty Images for Coachella/Rich Fury,Photo Credit: Getty Images for Coachella/Rich Fury
9,amnewyork,,,5,"Childish Gambino's ""This is America"" is a shoo-in for the Grammy for best music video. Photo Credit: Getty Images for Diamond Ball/Dimitrios Kambouris",Photo Credit: Getty Images for Diamond Ball/Dimitrios Kambouris
10,amnewyork,https://www.amny.com/entertainment/the-zoo-animal-planet-1.27024878,2019-02-07T19:00:50-05:00,2,"Season three of ""The Zoo,"" which provides a glimpse of life behind the scenes at the Bronx Zoo, premieres Feb. 10 on Animal Planet.       Photo Credit: Julie Larsen Maher/WCS",Photo Credit: Julie Larsen Maher/WCS
10,amnewyork,,,2,"""The Zoo"" shows how the Bronx Zoo cares for its animals, including this Nile crocodile Photo Credit: Julie Larsen Maher/WCS",Photo Credit: Julie Larsen Maher/WCS
11,amnewyork,https://www.amny.com/eat-and-drink/affordable-valentine-s-dinners-1.26332000,2019-02-12T12:34:00-05:00,4,Valentine's Day dinners don't have to cost hundreds of dollars -- Astoria's DiWine wine bar is offering dinner for $65 per person with two themed cocktails like the Glitter Valentine.       Photo Credit: DiWine,Photo Credit: DiWine
11,amnewyork,,,4,Baar Baar offers a warm and inviting dining experience. Photo Credit: Noah Fecks,Photo Credit: Noah Fecks
11,amnewyork,,,4,"Hortus in NoMad is offering a free glass of champagne to each guest and a menu that includes Special Asian Black Truffle Noodle, grilled beef with galbi sauce and more. Photo Credit: Hortus",Photo Credit: Hortus
11,amnewyork,,,4,Morton's is offering a special dish that includes steak and lobster for $65. Photo Credit: Ralph Smith Studio,Photo Credit: Ralph Smith Studio
12,amnewyork,https://www.amny.com/entertainment/adeline-singer-brooklyn-1.27020273,2019-02-07T16:25:52-05:00,1,Singer and bassist Adeline says disco never died.        Photo Credit: Shervin Lainez,Photo Credit: Shervin Lainez
13,amnewyork,https://www.amny.com/eat-and-drink/winter-produce-nyc-1.26982227,2019-02-06T16:32:08-05:00,4,Farmer Carolyn Paulik from Windfall Farms tosses microgreens at the Union Square Greenmarket.       Photo Credit: Claire Leaden,Photo Credit: Claire Leaden
13,amnewyork,,,4,"Lani's Farm uses a ""veggie bus"" to transport and keep vegetables at proper temperatures. Photo Credit: Claire Leaden",Photo Credit: Claire Leaden
13,amnewyork,,,4,Wilmier Tavarez picks out sweet potatoes for Gramercy Tavern. Photo Credit: Claire Leaden,Photo Credit: Claire Leaden
13,amnewyork,,,4,The Union Square Greenmarket offers a variety of root vegetables in the winter months. Photo Credit: Claire Leaden,Photo Credit: Claire Leaden
14,amnewyork,https://www.amny.com/things-to-do/nyc-winter-outing-deals-1.24538422,2019-01-09T12:34:00-05:00,4,"It may be cold outside but these deals on Broadway tickets, attractions and dining in the city are too good to pass up.       Photo Credit: Julienne Schaer",Photo Credit: Julienne Schaer
14,amnewyork,,,4,"""King Kong"" will be offering two-for-one tickets for three weeks. Photo Credit: Matthew Murphy",Photo Credit: Matthew Murphy
14,amnewyork,,,4,The two-for-one deal gives New Yorkers license to be a tourist in their own city this January and February. Photo Credit: The Ride LLC,Photo Credit: The Ride LLC
14,amnewyork,,,4,Leuca is one of nearly 400 restaurants offering prix-fixe meals during NYC Winter Outing. Photo Credit: Noah Fecks,Photo Credit: Noah Fecks
15,amnewyork,https://www.amny.com/transit/mta-weekend-service-changes-what-to-know-before-riding-the-subway-1.11488948,2019-02-22T12:51:00-05:00,1,Subway service changes are bound to impact your weekend commutes.       Photo Credit: Craig Ruttle,Photo Credit: Craig Ruttle
16,amnewyork,https://www.amny.com/news/little-pakistan-brooklyn-1.27071999,2019-02-08T17:28:35-05:00,1,"Councilman Jumaane Williams holds up a replica of the new street sign during a ceremony to rename the ""Little Pakistan"" stretch of Coney Island Avenue to Muhammad Ali Jinnah Way, on Friday, Feb. 8.       Photo Credit: Jeff Bachner",Photo Credit: Jeff Bachner
17,amnewyork,https://www.amny.com/things-to-do/westminster-dog-show-1.26944987,2019-02-05T16:04:00-05:00,2,"Westminster Kennel Club Dog Show's 2018 Best in Show winner Flynn, a Bichon Frise, poses for photos.       Photo Credit: Getty Images/Drew Angerer",Photo Credit: Getty Images/Drew Angerer
17,amnewyork,,,2,NA,NA
18,amnewyork,https://www.amny.com/things-to-do/museum-of-the-dog-nyc-1.25013950,2019-02-08T14:12:56-05:00,2,"The AKC Museum of the Dog opened its doors to the public with a ribbon-cutting ceremony on Friday, Feb, 8.       Photo Credit: Debbie Egan-Chin",Photo Credit: Debbie Egan-Chin
18,amnewyork,,,2,NA,NA
19,amnewyork,https://www.amny.com/transit/mta-subway-delays-1.27068050,2019-02-08T14:56:00-05:00,1,"The MTA admitted its data was ""incomplete or unreliable"" in internal documents, according to City Comptroller Scott Stringer.       Photo Credit: Craig Ruttle",Photo Credit: Craig Ruttle
20,amnewyork,https://www.amny.com/things-to-do/exhibitionism-museum-at-fit-1.27019398,2019-02-07T17:12:21-05:00,8,"The Museum at FIT's ""Exhibitionism"" show highlights 33 of the museum's most influential and provocative fashion exhibitions in its 50-year history.       Photo Credit: Corey Sipkin",Photo Credit: Corey Sipkin
20,amnewyork,,,8,"Designer Gareth Pugh was part of the ""Designs from Gothic: Dark Glamour"" show from 2008. Photo Credit: Corey Sipkin",Photo Credit: Corey Sipkin
20,amnewyork,,,8,"Designers Alexander McQueen (l.) and Gianni Versace were part of ""A Queer History of Fashion: From the Closet to the Catwalk"" show in 2013. Photo Credit: Corey Sipkin",Photo Credit: Corey Sipkin
20,amnewyork,,,8,"Designers Doru Olowu, left, and Pyer Moss and Scott Barrie were part of the ""Black Fashion Designers"" show from 2016. Photo Credit: Corey Sipkin",Photo Credit: Corey Sipkin
20,amnewyork,,,8,"The dress by Adrian on the left was worn by Greta Garbo in ""Camille"" in 1936. It was part of the Adrian retrospective show in 1971. Photo Credit: Corey Sipkin",Photo Credit: Corey Sipkin
20,amnewyork,,,8,"Designs from the ""Japan Fashion Now"" show held in 2012 included this gothic Lolita ensemble. Photo Credit: Corey Sipkin",Photo Credit: Corey Sipkin
20,amnewyork,,,8,"A design by Comme des Garcons for the ""Fairy Tale Fashion"" show puts the handmaids to shame. Photo Credit: Corey Sipkin",Photo Credit: Corey Sipkin
20,amnewyork,,,8,"Designer Noritaka Tatehana was part of ""Shoe Obsession,"" a show from 2013. Photo Credit: Corey Sipkin",Photo Credit: Corey Sipkin
21,amnewyork,https://www.amny.com/lifestyle/fashion-week/new-york-fashion-week-public-events-1.11419321,2019-02-07T16:34:00-05:00,7,Photo Credit: Corey Sipkin,Photo Credit: Corey Sipkin
21,amnewyork,,,7,Photo Credit: Bumble,Photo Credit: Bumble
21,amnewyork,,,7,Photo Credit: Hanky Panky,Photo Credit: Hanky Panky
21,amnewyork,,,7,Photo Credit: 11 Howard,Photo Credit: 11 Howard
21,amnewyork,,,7,Photo Credit: Getty Images/iStock,Photo Credit: Getty Images/iStock
21,amnewyork,,,7,Photo Credit: 11 Honoré,Photo Credit: 11 Honoré
21,amnewyork,,,7,Photo Credit: Getty Images for NYFW: The Shows / Monica Schipper,Photo Credit: Getty Images for NYFW: The Shows / Monica Schipper
22,amnewyork,https://www.amny.com/news/amazon-queens-headquarters-1.27065144,2019-02-08T14:52:22-05:00,2,"An aerial view of the Long Island City site, seen June 26, where Amazon proposes building its second headquarters.       Photo Credit: AllCityAerial.com/Kevin P. Coughlin",Photo Credit: AllCityAerial.com/Kevin P. Coughlin
22,amnewyork,,,2,Union groups protest the Amazon HQ2 deal on the steps of City Hall on Jan 30. Photo Credit: Charles Eckert,Photo Credit: Charles Eckert
23,amnewyork,https://www.amny.com/entertainment/celebrities/nyfw-celebrities-1.27063595,2019-02-14T14:54:40-05:00,10,Photo Credit: Getty Images for NYFW: The Shows/Nicholas Hunt/Getty Images,Photo Credit: Getty Images for NYFW: The Shows/Nicholas Hunt/Getty Images
23,amnewyork,,,10,Photo Credit: Getty Images/Noam Galai/Getty Images,Photo Credit: Getty Images/Noam Galai/Getty Images
23,amnewyork,,,10,Photo Credit: Getty Images/Michael Loccisano/Getty Images,Photo Credit: Getty Images/Michael Loccisano/Getty Images
23,amnewyork,,,10,Photo Credit: Getty Images for Afffair/Theo Wargo/Getty Images,Photo Credit: Getty Images for Afffair/Theo Wargo/Getty Images
23,amnewyork,,,10,Photo Credit: Getty Images for NYFW: The Shows/Jamie McCarthy/Getty Images,Photo Credit: Getty Images for NYFW: The Shows/Jamie McCarthy/Getty Images
23,amnewyork,,,10,Photo Credit: Getty Images for Afffair/Theo Wargo/Getty Images,Photo Credit: Getty Images for Afffair/Theo Wargo/Getty Images
23,amnewyork,,,10,Photo Credit: Getty Images for NYFW: The Shows/Theo Wargo/Getty Images,Photo Credit: Getty Images for NYFW: The Shows/Theo Wargo/Getty Images
23,amnewyork,,,10,Photo Credit: Getty Images for Afffair/Theo Wargo,Photo Credit: Getty Images for Afffair/Theo Wargo
23,amnewyork,,,10,Photo Credit: Getty Images/Michael Loccisano/Getty Images,Photo Credit: Getty Images/Michael Loccisano/Getty Images
23,amnewyork,,,10,Photo Credit: Getty Images/Getty Images / Dia Dipasupil,Photo Credit: Getty Images/Getty Images / Dia Dipasupil
24,amnewyork,https://www.amny.com/eat-and-drink/frida-kahlo-brooklyn-museum-1.27016619,2019-02-07T14:54:39-05:00,2,"Flautas de camerones, available during Sue Torres' residency at The Norm from Feb. 8 to March 4.        Photo Credit: Great Performances",Photo Credit: Great Performances
24,amnewyork,,,2,The Norm will have guacamole on the menu during the run of the Frida Kahlo exhibition. Photo Credit: Great Performances,Photo Credit: Great Performances
25,amnewyork,https://www.amny.com/entertainment/jeff-goldblum-retrospective-1.27023252,2019-02-07T17:46:59-05:00,2,"""Between the Lines,"" is part of The Quad's upcoming Jeff Goldblum retrospective.       Photo Credit: Courtesy Cohen Film Collection",Photo Credit: Courtesy Cohen Film Collection
25,amnewyork,,,2,"Jeff Goldbum with a tiny Elvis in the 1985 film ""Into the Night."" Photo Credit: ©Universal/Courtesy Everett Col/©Universal/Courtesy Everett Collection",Photo Credit: ©Universal/Courtesy Everett Col/©Universal/Courtesy Everett Collection
26,amnewyork,https://www.amny.com/news/police-shooting-manhattan-1.27057731,2019-02-08T12:05:09-05:00,1,"A man was fatally shot by police after he stabbed his domestic partner Friday morning on the Lower East Side, the NYPD said.       Photo Credit: Citizen App",Photo Credit: Citizen App
27,amnewyork,https://www.amny.com/news/police-shooting-manhattan-1.27057731,2019-02-08T12:05:09-05:00,1,"A man was fatally shot by police after he stabbed his domestic partner Friday morning on the Lower East Side, the NYPD said.       Photo Credit: Citizen App",Photo Credit: Citizen App
28,amnewyork,https://www.amny.com/entertainment/celebrities/peter-tork-celebrity-dead-1.11324834,2019-02-21T12:12:00-05:00,10,Photo Credit: Getty Images/Matthew Eisman,Photo Credit: Getty Images/Matthew Eisman
28,amnewyork,,,10,Photo Credit: Getty Images/Andreas Rentz,Photo Credit: Getty Images/Andreas Rentz
28,amnewyork,,,10,Photo Credit: Getty Images/Bill Pugliano,Photo Credit: Getty Images/Bill Pugliano
28,amnewyork,,,10,Photo Credit: Getty Images/Jason Miller,Photo Credit: Getty Images/Jason Miller
28,amnewyork,,,10,Photo Credit: Kevin Winter,Photo Credit: Kevin Winter
28,amnewyork,,,10,Photo Credit: Getty Images for One Kid One World / Jason Kempin,Photo Credit: Getty Images for One Kid One World / Jason Kempin
28,amnewyork,,,10,Photo Credit: Getty Images for New York Magazine / Bryan Bedder,Photo Credit: Getty Images for New York Magazine / Bryan Bedder
28,amnewyork,,,10,Photo Credit: Newsday/Dick Yarwood,Photo Credit: Newsday/Dick Yarwood
28,amnewyork,,,10,Photo Credit: Getty Images / Jim McIsaac,Photo Credit: Getty Images / Jim McIsaac
28,amnewyork,,,10,Photo Credit: Getty Images/Ethan Miller,Photo Credit: Getty Images/Ethan Miller
29,amnewyork,https://www.amny.com/news/el-chapo-trial-1.27026621,2019-02-08T00:01:00-05:00,1,"Eduardo Balarezo, left, an attorney for Joaquin ""El Chapo"" Guzman Loera arrives at federal courthouse in Brooklyn during jury deliberations in Guzman's trial Thursday.        Photo Credit: Charles Eckert",Photo Credit: Charles Eckert
30,amnewyork,https://www.amny.com/news/nyc-budget-cuts-1.27028462,2019-02-07T19:33:49-05:00,1,New York City Mayor Bill de Blasio presents the Fiscal Year 2020 preliminary budget at City Hall on Thursday.       Photo Credit: Corey Sipkin,Photo Credit: Corey Sipkin
31,amnewyork,https://www.amny.com/entertainment/the-zoo-animal-planet-1.27024878,2019-02-07T19:00:50-05:00,2,"Season three of ""The Zoo,"" which provides a glimpse of life behind the scenes at the Bronx Zoo, premieres Feb. 10 on Animal Planet.       Photo Credit: Julie Larsen Maher/WCS",Photo Credit: Julie Larsen Maher/WCS
31,amnewyork,,,2,"""The Zoo"" shows how the Bronx Zoo cares for its animals, including this Nile crocodile Photo Credit: Julie Larsen Maher/WCS",Photo Credit: Julie Larsen Maher/WCS
32,amnewyork,https://www.amny.com/news/nyc-weekend-weather-forecast-1.27018102,2019-02-07T15:23:57-05:00,1,A recent reprieve from winter temps in New York City is coming to an end this weekend.       Photo Credit: AFP/Getty Images/ANGELA WEISS,Photo Credit: AFP/Getty Images/ANGELA WEISS
33,amnewyork,https://www.amny.com/news/amazon-hq2-cuomo-1.27024818,2019-02-07T16:44:00-05:00,1,"Gov. Andrew M. Cuomo, seen on Thursday, says the proposed Amazon HQ2 project will create thousands of highly paid jobs.       Photo Credit: Office of Governor Andrew M. Cuo/Don Pollard",Photo Credit: Office of Governor Andrew M. Cuo/Don Pollard
34,amnewyork,https://www.amny.com/entertainment/made-in-staten-island-future-1.27022384,2019-02-19T10:38:38-05:00,0,NA,NA
35,amnewyork,https://www.amny.com/entertainment/call-me-madam-review-1.27015282,2019-02-07T14:55:46-05:00,1,"Carmen Cusack stars in ""Call Me Madam"" at New York City Center.       Photo Credit: Stephanie Berger.",Photo Credit: Stephanie Berger.
36,amnewyork,https://www.amny.com/things-to-do/exhibitionism-museum-at-fit-1.27019398,2019-02-07T17:12:21-05:00,8,"The Museum at FIT's ""Exhibitionism"" show highlights 33 of the museum's most influential and provocative fashion exhibitions in its 50-year history.       Photo Credit: Corey Sipkin",Photo Credit: Corey Sipkin
36,amnewyork,,,8,"Designer Gareth Pugh was part of the ""Designs from Gothic: Dark Glamour"" show from 2008. Photo Credit: Corey Sipkin",Photo Credit: Corey Sipkin
36,amnewyork,,,8,"Designers Alexander McQueen (l.) and Gianni Versace were part of ""A Queer History of Fashion: From the Closet to the Catwalk"" show in 2013. Photo Credit: Corey Sipkin",Photo Credit: Corey Sipkin
36,amnewyork,,,8,"Designers Doru Olowu, left, and Pyer Moss and Scott Barrie were part of the ""Black Fashion Designers"" show from 2016. Photo Credit: Corey Sipkin",Photo Credit: Corey Sipkin
36,amnewyork,,,8,"The dress by Adrian on the left was worn by Greta Garbo in ""Camille"" in 1936. It was part of the Adrian retrospective show in 1971. Photo Credit: Corey Sipkin",Photo Credit: Corey Sipkin
36,amnewyork,,,8,"Designs from the ""Japan Fashion Now"" show held in 2012 included this gothic Lolita ensemble. Photo Credit: Corey Sipkin",Photo Credit: Corey Sipkin
36,amnewyork,,,8,"A design by Comme des Garcons for the ""Fairy Tale Fashion"" show puts the handmaids to shame. Photo Credit: Corey Sipkin",Photo Credit: Corey Sipkin
36,amnewyork,,,8,"Designer Noritaka Tatehana was part of ""Shoe Obsession,"" a show from 2013. Photo Credit: Corey Sipkin",Photo Credit: Corey Sipkin
37,amnewyork,https://www.amny.com/news/early-intervention-program-1.26941423,2019-02-05T14:01:00-05:00,2,"Amanda Packman, of Queens, says Nurse-Family Partnership changed her life.       Photo Credit: Nurse-Family Partnership",Photo Credit: Nurse-Family Partnership
37,amnewyork,,,2,"Amanda Packman turned her experience with Nurse-Family Partnership into a career as an outreach worker.
   Photo Credit: Nurse-Family Partnership",Photo Credit: Nurse-Family Partnership
38,amnewyork,https://www.amny.com/news/ny-chicago-pizza-1.27017902,2019-02-07T16:50:24-05:00,1,The New York City Police Department and the Chicago Police Department took to Twitter Thursday to escalate the timeless debate: Is Chicago or New York City pizza better?       Photo Credit: Getty Images/Juanmonino,Photo Credit: Getty Images/Juanmonino
39,amnewyork,https://www.amny.com/things-to-do/life-sized-dollhouse-chelsea-1.27015314,2019-02-07T13:54:27-05:00,3,"""Blow Up,"" an immersive art exhibit, is on display at Chelsea's Friedman Benda gallery.       Photo Credit: Timothy Doyon/Courtesy of Friedman Benda",Photo Credit: Timothy Doyon/Courtesy of Friedman Benda
39,amnewyork,,,3,"""Blow Up"" reflects childhood nostalgia by building a human-scale dollhouse. Photo Credit: Timothy Doyon/Courtesy of Friedman Benda",Photo Credit: Timothy Doyon/Courtesy of Friedman Benda
39,amnewyork,,,3,"""Blow Up"" is curated by Felix Burrichter and designed by Charlap Hyman & Herrero. Photo Credit: Timothy Doyon/Courtesy of Friedman Benda",Photo Credit: Timothy Doyon/Courtesy of Friedman Benda
40,amnewyork,https://www.amny.com/entertainment/grammy-award-predictions-1.27014438,2019-02-07T18:21:54-05:00,5,"Childish Gambino deserves to win the Grammy for album of the year for ""This is America.""       Photo Credit: Getty Images for iHeartMedia/Kevin Winter",Photo Credit: Getty Images for iHeartMedia/Kevin Winter
40,amnewyork,,,5,"Janelle Monáe's ""Dirty Computer"" is worthy of winning the Grammy for album of the year. Photo Credit: Getty Images for Global Citizen/Theo Wargo",Photo Credit: Getty Images for Global Citizen/Theo Wargo
40,amnewyork,,,5,"Kendrick Lamar's ""All the Stars"" should win the Grammy for song of the year. Photo Credit: Getty Images for NARAS/Kevin Winter",Photo Credit: Getty Images for NARAS/Kevin Winter
40,amnewyork,,,5,Jorja Smith stands out in a crowded field of candidates for the Grammy for best new artist. Photo Credit: Getty Images for Coachella/Rich Fury,Photo Credit: Getty Images for Coachella/Rich Fury
40,amnewyork,,,5,"Childish Gambino's ""This is America"" is a shoo-in for the Grammy for best music video. Photo Credit: Getty Images for Diamond Ball/Dimitrios Kambouris",Photo Credit: Getty Images for Diamond Ball/Dimitrios Kambouris
41,amnewyork,https://www.amny.com/news/new-york-aquarium-sturgeon-1.27013760,2019-02-07T19:55:47-05:00,1,"From left, Dave DeNardo, curator for the New York Aquarium, Timothy Vourderis, animal keeper, and Hans Walters, Animal Department supervisor, move an endangered Atlantic sturgeon from quarantine. Photo Credit: Debbie Egan-Chin",Photo Credit: Debbie Egan-Chin
42,amnewyork,https://www.amny.com/eat-and-drink/affordable-valentine-s-dinners-1.26332000,2019-02-12T12:34:00-05:00,4,Valentine's Day dinners don't have to cost hundreds of dollars -- Astoria's DiWine wine bar is offering dinner for $65 per person with two themed cocktails like the Glitter Valentine.       Photo Credit: DiWine,Photo Credit: DiWine
42,amnewyork,,,4,Baar Baar offers a warm and inviting dining experience. Photo Credit: Noah Fecks,Photo Credit: Noah Fecks
42,amnewyork,,,4,"Hortus in NoMad is offering a free glass of champagne to each guest and a menu that includes Special Asian Black Truffle Noodle, grilled beef with galbi sauce and more. Photo Credit: Hortus",Photo Credit: Hortus
42,amnewyork,,,4,Morton's is offering a special dish that includes steak and lobster for $65. Photo Credit: Ralph Smith Studio,Photo Credit: Ralph Smith Studio
43,amnewyork,https://www.amny.com/lifestyle/fashion-week/new-york-fashion-week-public-events-1.11419321,2019-02-07T16:34:00-05:00,7,Photo Credit: Corey Sipkin,Photo Credit: Corey Sipkin
43,amnewyork,,,7,Photo Credit: Bumble,Photo Credit: Bumble
43,amnewyork,,,7,Photo Credit: Hanky Panky,Photo Credit: Hanky Panky
43,amnewyork,,,7,Photo Credit: 11 Howard,Photo Credit: 11 Howard
43,amnewyork,,,7,Photo Credit: Getty Images/iStock,Photo Credit: Getty Images/iStock
43,amnewyork,,,7,Photo Credit: 11 Honoré,Photo Credit: 11 Honoré
43,amnewyork,,,7,Photo Credit: Getty Images for NYFW: The Shows / Monica Schipper,Photo Credit: Getty Images for NYFW: The Shows / Monica Schipper
44,amnewyork,https://www.amny.com/entertainment/black-panther-nyc-theaters-1.26567487,2019-01-29T11:38:49-05:00,2,"""Black Panther"" returns to theaters in New York City Feb. 1 through Feb. 7.       Photo Credit: Marvel Studios-Disney",Photo Credit: Marvel Studios-Disney
44,amnewyork,,,2,"""Black Panther"" has been nominated for seven Oscars, including best picture. Photo Credit: Marvel Studios-Disney",Photo Credit: Marvel Studios-Disney
45,amnewyork,https://www.amny.com/news/metropolitan-detention-center-investigation-1.26986963,2019-02-06T18:53:00-05:00,1,"After days of power and heat outages at the Metropolitan Detention Center in Brooklyn, the federal government will conduct an investigation.       Photo Credit: Linda Rosier",Photo Credit: Linda Rosier
46,amnewyork,https://www.amny.com/news/elections/nyc-public-advocate-election-1.26984144,2019-02-26T08:20:00-05:00,1,"The NYC public advocate candidates are, top left to right, A. Manny Alicandro, Michael Blake, David Eisenbach, Rafael Espinal, Anthony Herbert and Ron Kim; middle left to right, Nomiki Konst, Melissa Mark-Viverito, Danny O'Donnell, Jared Rich, Ydanis Rodriguez and Dawn Smalls; and bottom left to right, Eric A. Ulrich, Jumaane Williams and Benjamin Yee. Helal Sheikh (not pictured) also is running.       Photo Credit: Composite image",Photo Credit: Composite image
47,amnewyork,https://www.amny.com/transit/l-train-delays-smell-1.26986101,2019-02-06T18:23:14-05:00,1,"Pat Warren, the MTA's chief safety officer, discusses the fumes along the L line from outside the Graham Avenue station on Wednesday evening.       Photo Credit: Vincent Barone",Photo Credit: Vincent Barone
48,amnewyork,https://www.amny.com/entertainment/lego-movie-batman-will-arnett-1.26982623,2019-02-06T16:20:30-05:00,2,"Batman (voiced by Will Arnett) is on patrol in ""The Lego Movie 2: The Second Part.""       Photo Credit: Courtesy of Warner Bros. Pictures",Photo Credit: Courtesy of Warner Bros. Pictures
48,amnewyork,,,2,"Will Arnett, who voices Batman in ""The Lego Movie 2: The Second Part,"" recently finished up work on the second part of the fifth season of ""Arrested Development."" Photo Credit: Getty Images/Sarah Morris",Photo Credit: Getty Images/Sarah Morris
49,amnewyork,https://www.amny.com/eat-and-drink/winter-produce-nyc-1.26982227,2019-02-06T16:32:08-05:00,4,Farmer Carolyn Paulik from Windfall Farms tosses microgreens at the Union Square Greenmarket.       Photo Credit: Claire Leaden,Photo Credit: Claire Leaden
49,amnewyork,,,4,"Lani's Farm uses a ""veggie bus"" to transport and keep vegetables at proper temperatures. Photo Credit: Claire Leaden",Photo Credit: Claire Leaden
49,amnewyork,,,4,Wilmier Tavarez picks out sweet potatoes for Gramercy Tavern. Photo Credit: Claire Leaden,Photo Credit: Claire Leaden
49,amnewyork,,,4,The Union Square Greenmarket offers a variety of root vegetables in the winter months. Photo Credit: Claire Leaden,Photo Credit: Claire Leaden
50,amnewyork,https://www.amny.com/news/elections/public-advocate-debate-1.26609489,2019-02-19T15:06:00-05:00,2,"The debate will be Wednesday, Feb. 20, at 7 p.m.        Photo Credit: EPA-EFE/REX/Shutterstock/Justin Lane",Photo Credit: EPA-EFE/REX/Shutterstock/Justin Lane
50,amnewyork,,,2,"Seven candidates qualified for the debate. Top left to right, Assemb. Michael Blake, Councilman Rafael Espinal Jr., Assemb. Ron Kim, journalist Nomiki Konst; and bottom left to right, former City Council Speaker Melissa Mark-Viverito, attorney Dawn Smalls and Councilman Jumaane Williams. Photo Credit: Composite image",Photo Credit: Composite image
51,amnewyork,https://www.amny.com/entertainment/taylor-schilling-horror-1.26981692,2019-02-06T16:56:27-05:00,1,"Jackson Robert Scott and Taylor Schilling star in ""The Prodigy.""       Photo Credit: Orion Pictures/Rafy",Photo Credit: Orion Pictures/Rafy
52,amnewyork,https://www.amny.com/news/new-york-inmates-wages-1.26979969,2019-02-06T15:05:56-05:00,1,"New York State prison inmates who work various jobs should be paid $3 per hour, not 10 cents, say State Sen. Zellnor Myrie and  Assemb. Nick Perry.       Photo Credit: Getty Images/Andrew Burton",Photo Credit: Getty Images/Andrew Burton
53,amnewyork,https://www.amny.com/lifestyle/fashion-week/new-york-fashion-week-public-events-1.11419321,2019-02-07T16:34:00-05:00,7,Photo Credit: Corey Sipkin,Photo Credit: Corey Sipkin
53,amnewyork,,,7,Photo Credit: Bumble,Photo Credit: Bumble
53,amnewyork,,,7,Photo Credit: Hanky Panky,Photo Credit: Hanky Panky
53,amnewyork,,,7,Photo Credit: 11 Howard,Photo Credit: 11 Howard
53,amnewyork,,,7,Photo Credit: Getty Images/iStock,Photo Credit: Getty Images/iStock
53,amnewyork,,,7,Photo Credit: 11 Honoré,Photo Credit: 11 Honoré
53,amnewyork,,,7,Photo Credit: Getty Images for NYFW: The Shows / Monica Schipper,Photo Credit: Getty Images for NYFW: The Shows / Monica Schipper
54,amnewyork,https://www.amny.com/transit/l-train-alternatives-1.26979270,2019-02-06T14:35:16-05:00,1,"The plans in question include designated bike lanes on Manhattan's 12th and 13th streets, which already have been completed, as well as a designated bus lane on 14th Street, which is in the process of being implemented.       Photo Credit: Vincent Barone",Photo Credit: Vincent Barone
55,amnewyork,https://www.amny.com/news/waze-google-nypd-1.26979723,2019-02-06T13:37:20-05:00,2,The New York Police Department wants Google to stop allowing drivers to post reports of police checkpoints on its transit app Waze.       Photo Credit: Getty Images/Andrew Burton,Photo Credit: Getty Images/Andrew Burton
55,amnewyork,,,2,"Along with warnings such as heavy traffic, construction, and traffic light cameras, Waze users can see when there are hidden cops along their route.  Photo Credit: Li Yakira Cohen",Photo Credit: Li Yakira Cohen
56,amnewyork,https://www.amny.com/transit/jfk-airport-makeover-1.26978359,2019-02-06T13:25:00-05:00,2,A rendering of the expanded Terminal 8 at Kennedy Airport.       Photo Credit: American Airlines,Photo Credit: American Airlines
56,amnewyork,,,2,A rendering of the expanded Terminal 8 at Kennedy Airport. Photo Credit: American Airlines,Photo Credit: American Airlines
57,amnewyork,https://www.amny.com/news/rape-victims-bills-bronx-1.26976557,2019-02-06T12:53:56-05:00,1,New York State Attorney General Letitia James announced Tuesday that the state reached a settlement with BronxCare Health System for illegally billing sexaul assault victims for forensic rape exams.       Photo Credit: Howard Schnapp,Photo Credit: Howard Schnapp
58,amnewyork,https://www.amny.com/eat-and-drink/queens-night-market-1.26975925,2019-02-06T12:07:01-05:00,2,"Now market-goers can enjoy the Queens Night Market with drink in hand, as long as they are 21 and older.       Photo Credit: Sharon Medina-Chavez",Photo Credit: Sharon Medina-Chavez
58,amnewyork,,,2,The Queens Night Market is doing away with its beer and wine garden and letting patrons walk around with their drinks. Photo Credit: Queens Night Market,Photo Credit: Queens Night Market
59,amnewyork,https://www.amny.com/eat-and-drink/essex-market-vendors-1.26947568,2019-02-05T17:42:59-05:00,1,"Essex Market will have 38 vendors when it opens this spring, as well as a teaching kitchen and two full-service restaurants.       Photo Credit: SHoP Architects",Photo Credit: SHoP Architects
60,amnewyork,https://www.amny.com/entertainment/nation-of-language-1.26898043,2019-02-05T10:00:00-05:00,2,Nation of Language will play Brooklyn's Elsewhere next month.        Photo Credit: Corey Sipkin,Photo Credit: Corey Sipkin
60,amnewyork,,,2,"Nation of Language members, from left, Michael Sui-Poi, 32, Aidan Devaney, 26, and Ian Devaney, 28, talk about building an audience at Pel's Pie Co. in Brooklyn.  Photo Credit: Corey Sipkin",Photo Credit: Corey Sipkin
61,amnewyork,https://www.amny.com/transit/parking-ticket-nyc-1.26950924,2019-02-06T11:01:10-05:00,1,"UPS was the biggest offender to benefit from the programs in 2018, when it was dealt 164,580 summonses for illegal parking, according to the IBO.       Photo Credit: Newsday /Howard Simmons",Photo Credit: Newsday /Howard Simmons
62,amnewyork,https://www.amny.com/news/politics/state-of-the-union-white-1.26970018,2019-02-06T08:08:00-05:00,2,Women lawmakers react to President Donald Trump's acknowledgment of an increased presence of women in the workforce and on Capitol Hill during his State of the Union address Tuesday night.       Photo Credit: AFP/Getty Images/MANDEL NGAN,Photo Credit: AFP/Getty Images/MANDEL NGAN
62,amnewyork,,,2,President Donald Trump acknowledges Speaker Nancy Pelosi as she claps during his State of the Union address Tuesday night. Photo Credit: Pool/EPA-EFE/REX/Shutterstock/Doug Mills,Photo Credit: Pool/EPA-EFE/REX/Shutterstock/Doug Mills
63,amnewyork,https://www.amny.com/news/snap-government-shutdown-1.26947428,2019-02-05T18:38:35-05:00,1,Local food banks may soon see heightened numbers of SNAP recipients.       Photo Credit: Charles Eckert,Photo Credit: Charles Eckert
64,amnewyork,https://www.amny.com/news/politics/2020-presidential-election-democrats-who-could-run-1.12710267,2019-02-20T15:00:00-05:00,10,Photo Credit: AFP / Getty Images / Jewel Samad,Photo Credit: AFP / Getty Images / Jewel Samad
64,amnewyork,,,10,Photo Credit: Getty Images / Stephen Maturen,Photo Credit: Getty Images / Stephen Maturen
64,amnewyork,,,10,Photo Credit: Jamie McCarthy / Getty Images,Photo Credit: Jamie McCarthy / Getty Images
64,amnewyork,,,10,Photo Credit: Newsday / Thomas A. Ferrara,Photo Credit: Newsday / Thomas A. Ferrara
64,amnewyork,,,10,Photo Credit: Getty Images for GLSEN/Emma McIntyre,Photo Credit: Getty Images for GLSEN/Emma McIntyre
64,amnewyork,,,10,Photo Credit: Getty Images/Chip Somodevilla,Photo Credit: Getty Images/Chip Somodevilla
64,amnewyork,,,10,Photo Credit: Corey Sipkin,Photo Credit: Corey Sipkin
64,amnewyork,,,10,Photo Credit: Getty Images / Edward A. Ornelas,Photo Credit: Getty Images / Edward A. Ornelas
64,amnewyork,,,10,Photo Credit: Getty Images / Aaron P. Bernstein,Photo Credit: Getty Images / Aaron P. Bernstein
64,amnewyork,,,10,Photo Credit: Getty Images/Scott Eisen,Photo Credit: Getty Images/Scott Eisen
65,amnewyork,https://www.amny.com/things-to-do/westminster-kennel-club-agility-1.26942040,2019-02-05T15:54:00-05:00,2,Dogs of all sizes will be put through their paces in the Masters Agility Championship spinoff of the Westminster Kennel Club Dog Show on Saturday.       Photo Credit: Getty Images/Stephanie Keith,Photo Credit: Getty Images/Stephanie Keith
65,amnewyork,,,2,A dog leaps during the the Masters Agility Championship during the Westminster Kennel Club Dog Show last year. Photo Credit: Getty Images/Stephanie Keith,Photo Credit: Getty Images/Stephanie Keith
66,amnewyork,https://www.amny.com/news/politics/state-of-the-union-immigration-1.26901774,2019-02-04T16:54:00-05:00,1,"Jin Park, the first Deferred Action for Childhood Arrivals enrollee to receive the Rhodes Scholarship, will attend President Donald Trump's State of the Union address in Washington, D.C. on Tuesday.        Photo Credit: Harvard University/Stephanie Mitchell",Photo Credit: Harvard University/Stephanie Mitchell
67,amnewyork,https://www.amny.com/news/nypd-special-victims-division-1.26945883,2019-02-05T16:39:47-05:00,1,"Mayor Bill de Blasio discusses the latest crime statistics on Tuesday, saying a rise in hate crimes ""unquestionably"" indicates a need to teach more tolerance in the city.       Photo Credit: Danielle Silverman",Photo Credit: Danielle Silverman
68,amnewyork,https://www.amny.com/things-to-do/westminster-dog-show-1.26944987,2019-02-05T16:04:00-05:00,2,"Westminster Kennel Club Dog Show's 2018 Best in Show winner Flynn, a Bichon Frise, poses for photos.       Photo Credit: Getty Images/Drew Angerer",Photo Credit: Getty Images/Drew Angerer
68,amnewyork,,,2,NA,NA
69,amnewyork,https://www.amny.com/eat-and-drink/cbd-ban-1.26944751,2019-02-05T17:50:35-05:00,2,"Caffeine Underground in Bushwick said CBD-infused products account for a third of its sales, according to owner Ian Ford.       Photo Credit: Caffeine Underground, Brooklyn, NY","Photo Credit: Caffeine Underground, Brooklyn, NY"
69,amnewyork,,,2,"Ford said the news of the crackdown came as a complete shock. Photo Credit: Caffeine Underground, Brooklyn, NY","Photo Credit: Caffeine Underground, Brooklyn, NY"
70,amnewyork,https://www.amny.com/transit/l-train-service-1.26942295,2019-02-05T16:07:54-05:00,1,"The smell of gas suspended service on the L train for several hours on Tuesday, the MTA said.       Photo Credit: Todd Maisel",Photo Credit: Todd Maisel
71,amnewyork,https://www.amny.com/transit/l-train-service-1.26942295,2019-02-05T16:07:54-05:00,1,"The smell of gas suspended service on the L train for several hours on Tuesday, the MTA said.       Photo Credit: Todd Maisel",Photo Credit: Todd Maisel
72,amnewyork,https://www.amny.com/news/early-intervention-program-1.26941423,2019-02-05T14:01:00-05:00,2,"Amanda Packman, of Queens, says Nurse-Family Partnership changed her life.       Photo Credit: Nurse-Family Partnership",Photo Credit: Nurse-Family Partnership
72,amnewyork,,,2,"Amanda Packman turned her experience with Nurse-Family Partnership into a career as an outreach worker.
   Photo Credit: Nurse-Family Partnership",Photo Credit: Nurse-Family Partnership
73,amnewyork,https://www.amny.com/things-to-do/women-workouts-1.26940569,2019-02-05T18:36:56-05:00,2,MetroRock hosts Women Crush Wednesday as a way to bring more female climbers to the Bushwick space.       Photo Credit: Esther Dionisio,Photo Credit: Esther Dionisio
73,amnewyork,,,2,"Uplift Studios' motto is ""strong women uplift each other."" Photo Credit: Uplift Studios",Photo Credit: Uplift Studios
74,amnewyork,https://www.amny.com/news/politics/state-of-the-union-guests-1.26937587,2019-02-05T12:01:14-05:00,2,"Yeni Gonzalez Garcia, center, will be Rep. Adriano Espaillat's guest at the State of the Union on Tuesday night.       Photo Credit: Getty Images/Spencer Platt",Photo Credit: Getty Images/Spencer Platt
74,amnewyork,,,2,Queens activist Ana Maria Archila will be Rep. Alexandria Ocasio-Cortez's guest at the State of the Union on Tuesday. Photo Credit: Monica Schipper,Photo Credit: Monica Schipper
75,amnewyork,https://www.amny.com/entertainment/madonna-glaad-award-1.26937275,2019-02-05T12:46:00-05:00,1,"Madonna, performing during the Women's March on Washington in 2017, is the 2019 recipient of GLAAD's Advocate for Change award.        Photo Credit: Getty Images/Theo Wargo",Photo Credit: Getty Images/Theo Wargo
76,amnewyork,https://www.amny.com/eat-and-drink/chinese-new-year-recipe-1.26898640,2019-02-04T14:42:48-05:00,1,"Stir-fried rice cakes with zucchini, mushrooms and XO sauce, from the new cookbook ""Red Hot Kitchen"" by Diana Kuan.       Photo Credit: Diana Kuan",Photo Credit: Diana Kuan
77,amnewyork,https://www.amny.com/news/queens-subway-shooting-1.26895588,2019-02-05T10:55:00-05:00,2,"Police investigate the scene Monday where Abel Mosso, 20, was shot and killed on the elevated subway platform of the 90th Street-Elmhurst Avenue train station.       Photo Credit: Charles Eckert",Photo Credit: Charles Eckert
77,amnewyork,,,2,"Two more men were wanted for questioning in the gang-related murder, police said. Photo Credit: NYPD",Photo Credit: NYPD
78,amnewyork,https://www.amny.com/entertainment/manifest-1.26714655,2019-02-05T16:40:09-05:00,2,"We're giving away a pair of tickets to see the ""Manifest"" cast at the Paley Center in Manhattan.       Photo Credit: NBC / Warner Bros. / Virginia Sherwood",Photo Credit: NBC / Warner Bros. / Virginia Sherwood
78,amnewyork,,,2,"The ""Manifest"" cast will sit down for a panel chat at the Paley Center on Feb. 7.  Photo Credit: NBC",Photo Credit: NBC
79,amnewyork,https://www.amny.com/lifestyle/fashion-week/new-york-fashion-week-1.26906943,2019-02-04T18:01:00-05:00,1,"Marc Jacobs hosted his Spring 2019 show at the Park Avenue Armory in September. This season, Tom Ford will take over the space for his show, on Wednesday.       Photo Credit: Getty Images for Marc Jacobs/Dimitrios Kambouris",Photo Credit: Getty Images for Marc Jacobs/Dimitrios Kambouris
80,amnewyork,https://www.amny.com/news/el-chapo-trial-1.26906646,2019-02-04T17:23:00-05:00,1,"Alleged Mexican drug trafficker Joaquin ""El Chapo"" Guzman Loera is taken into custody on February 22, 2014.       Photo Credit: AFP/Getty Images/RONALDO SCHEMIDT",Photo Credit: AFP/Getty Images/RONALDO SCHEMIDT
81,amnewyork,https://www.amny.com/eat-and-drink/hobbit-menu-morgan-cafe-1.26904796,2019-02-04T16:59:10-05:00,1,"The Morgan Café's ""Tolkien: Maker of Middle-earth,"" exhibit now has a full ""Hobbit"" -inspired meal to go with it.       Photo Credit: The Morgan Library & Museum/Graham S. Haber",Photo Credit: The Morgan Library & Museum/Graham S. Haber
82,amnewyork,https://www.amny.com/transit/subway-courtesy-new-york-nico-1.26898530,2019-02-05T14:56:02-05:00,1,"Filmmaker Nicolas Heller, aka @NewYorkNico, hands out flyers on subway etiquette at Fulton Center on Saturday.        Photo Credit: Vincent Barone",Photo Credit: Vincent Barone
83,amnewyork,https://www.amny.com/news/politics/state-of-the-union-immigration-1.26901774,2019-02-04T16:54:00-05:00,1,"Jin Park, the first Deferred Action for Childhood Arrivals enrollee to receive the Rhodes Scholarship, will attend President Donald Trump's State of the Union address in Washington, D.C. on Tuesday.        Photo Credit: Harvard University/Stephanie Mitchell",Photo Credit: Harvard University/Stephanie Mitchell
84,amnewyork,https://www.amny.com/news/carjacking-suspect-shot-1.26903267,2019-02-04T17:14:30-05:00,1,Police say a carjacking suspect was shot in the Bronx on Monday.       Photo Credit: Theodore Parisienne/Theodore Parisienne,Photo Credit: Theodore Parisienne/Theodore Parisienne
85,amnewyork,https://www.amny.com/eat-and-drink/valentines-chocolates-nyc-1.26720032,2019-02-04T10:00:00-05:00,7,Flour Shop will help you get your Sweetheart fix this Valentine's Day with its $100 Midi Explosion Cakes.       Photo Credit: The Flour Shop,Photo Credit: The Flour Shop
85,amnewyork,,,7,"JoMart Chocolates is offering a chocolate high-heeled shoe, filled with sweets, this Valentine's Day. Photo Credit: JoMart Chocolates",Photo Credit: JoMart Chocolates
85,amnewyork,,,7,Tache Artisan Chocolates is offering CBD-infused chocolate truffles. Photo Credit: Tache Artisan Chocolates,Photo Credit: Tache Artisan Chocolates
85,amnewyork,,,7,"Jacques Torres locations are offering Be Still My Heart, a lace heart box filled with red chocolate-coated hazelnuts, and the Chocolate Violin, a milky rich instrument filled with signature bonbons, this Valentine's Day. Photo Credit: Jacques Torres",Photo Credit: Jacques Torres
85,amnewyork,,,7,Stick With Me is offering a Valentine's Day box for $98. Photo Credit: Evan Sung,Photo Credit: Evan Sung
85,amnewyork,,,7,Valentine's Day cake balls are available for order at Flour Shop. Photo Credit: Flour Shop,Photo Credit: Flour Shop
85,amnewyork,,,7,"Oddfellows Ice Cream Co. is teaming up with Nomikai, a new canned wine and cocktail brand, to create a Valentines Day boozy ice cream float for two. Photo Credit: Oddfellows Ice Cream Co.",Photo Credit: Oddfellows Ice Cream Co.
86,amnewyork,https://www.amny.com/news/politics/trump-protests-planned-in-new-york-city-1.13037005,2019-02-18T13:46:00-05:00,1,"Protesters demonstrate outside of Trump International Hotel and Tower on Friday, Feb. 15, after President Donald Trump declared a national emergency at the United States-Mexico border.       Photo Credit: Getty Images / Stephanie Keith",Photo Credit: Getty Images / Stephanie Keith
87,amnewyork,https://www.amny.com/entertainment/jemima-kirke-untogether-1.26720318,2019-02-04T11:00:00-05:00,2,"Jemima Kirke stars in ""Untogether,"" out Friday.       Photo Credit: Freestyle Digital Media",Photo Credit: Freestyle Digital Media
87,amnewyork,,,2,"Jemima Kirke, right, stars alongside her biological sister, Lola Kirke, in ""Untogether.""  Photo Credit: Freestyle Digital Media",Photo Credit: Freestyle Digital Media
88,amnewyork,https://www.amny.com/entertainment/andrew-zimmern-book-1.26895284,2019-02-04T12:49:22-05:00,1,"TV host Andrew Zimmern's new young adult novel, ""AZ and the Lost City of Ophir,"" is out Tuesday.       Photo Credit: Travel Channel / Beaver's Pond Press",Photo Credit: Travel Channel / Beaver's Pond Press
89,amnewyork,https://www.amny.com/things-to-do/bronx-zoo-name-roach-1.9909151,2019-02-04T12:12:00-05:00,0,NA,NA
90,amnewyork,https://www.amny.com/news/queens-subway-shooting-1.26895588,2019-02-05T10:55:00-05:00,2,"Police investigate the scene Monday where Abel Mosso, 20, was shot and killed on the elevated subway platform of the 90th Street-Elmhurst Avenue train station.       Photo Credit: Charles Eckert",Photo Credit: Charles Eckert
90,amnewyork,,,2,"Two more men were wanted for questioning in the gang-related murder, police said. Photo Credit: NYPD",Photo Credit: NYPD
91,amnewyork,https://www.amny.com/news/bus-thefts-nyc-1.26893035,2019-02-04T11:43:49-05:00,2,Police have arrested a Bronx man in the theft of four MTA buses.       Photo Credit: Yeong-Ung Yang,Photo Credit: Yeong-Ung Yang
91,amnewyork,,,2,Police have released images of six teenagers they said allegedly stole an MTA bus and drove it around the city for hours on Dec. 23. Photo Credit: NYPD,Photo Credit: NYPD
92,amnewyork,https://www.amny.com/eat-and-drink/new-restaurants-nyc-1.26824032,2019-02-04T10:08:00-05:00,2,Pilar Cuban Eatery is serving empanadas at its next-door bakery.       Photo Credit: Lily Brown,Photo Credit: Lily Brown
92,amnewyork,,,2,"Naturally, Aussie spot Sonnyboy has an avocado toast on the menu. Photo Credit: Courtesy of Sonnyboy",Photo Credit: Courtesy of Sonnyboy
93,amnewyork,https://www.amny.com/news/federal-jail-brooklyn-1.26891828,2019-02-04T17:38:00-05:00,1,Protesters gathered Saturday at the federal detention center in the Sunset Park neighborhood of Brooklyn.       Photo Credit: Todd Maisel,Photo Credit: Todd Maisel
94,amnewyork,https://www.amny.com/entertainment/celebrities/peter-tork-celebrity-dead-1.11324834,2019-02-21T12:12:00-05:00,10,Photo Credit: Getty Images/Matthew Eisman,Photo Credit: Getty Images/Matthew Eisman
94,amnewyork,,,10,Photo Credit: Getty Images/Andreas Rentz,Photo Credit: Getty Images/Andreas Rentz
94,amnewyork,,,10,Photo Credit: Getty Images/Bill Pugliano,Photo Credit: Getty Images/Bill Pugliano
94,amnewyork,,,10,Photo Credit: Getty Images/Jason Miller,Photo Credit: Getty Images/Jason Miller
94,amnewyork,,,10,Photo Credit: Kevin Winter,Photo Credit: Kevin Winter
94,amnewyork,,,10,Photo Credit: Getty Images for One Kid One World / Jason Kempin,Photo Credit: Getty Images for One Kid One World / Jason Kempin
94,amnewyork,,,10,Photo Credit: Getty Images for New York Magazine / Bryan Bedder,Photo Credit: Getty Images for New York Magazine / Bryan Bedder
94,amnewyork,,,10,Photo Credit: Newsday/Dick Yarwood,Photo Credit: Newsday/Dick Yarwood
94,amnewyork,,,10,Photo Credit: Getty Images / Jim McIsaac,Photo Credit: Getty Images / Jim McIsaac
94,amnewyork,,,10,Photo Credit: Getty Images/Ethan Miller,Photo Credit: Getty Images/Ethan Miller
95,amnewyork,https://www.amny.com/transit/l-shutdown-1.26823558,2019-02-04T07:49:00-05:00,1,"The 14th Street Coalition, a group of block associations along the corridor, have been leading the charge against the street changes, calling for the two bike lanes and other changes to be torn up.       Photo Credit: Craig Ruttle",Photo Credit: Craig Ruttle
96,amnewyork,https://www.amny.com/news/federal-jail-heat-brooklyn-1.26829516,2019-02-04T07:29:00-05:00,3,"Demonstrators protest Sunday outside the Brooklyn Metropolitan Detention Center in Sunset Park, where inmates have lived with limited electricity and heat for almost a week.       Photo Credit: Linda Rosier",Photo Credit: Linda Rosier
96,amnewyork,,,3,"Brooklyn Borough President Eric Adams, center, joins demonstrators Sunday. Photo Credit: Linda Rosier",Photo Credit: Linda Rosier
96,amnewyork,,,3,"Protesters, seen here on Saturday, rally outside the Metropolitan Detention Center. Photo Credit: Todd Maisel",Photo Credit: Todd Maisel
97,amnewyork,https://www.amny.com/entertainment/manifest-1.26714655,2019-02-05T16:40:09-05:00,2,"We're giving away a pair of tickets to see the ""Manifest"" cast at the Paley Center in Manhattan.       Photo Credit: NBC / Warner Bros. / Virginia Sherwood",Photo Credit: NBC / Warner Bros. / Virginia Sherwood
97,amnewyork,,,2,"The ""Manifest"" cast will sit down for a panel chat at the Paley Center on Feb. 7.  Photo Credit: NBC",Photo Credit: NBC
98,amnewyork,https://www.amny.com/entertainment/caption-this-cartoons-1.24572300,2019-02-21T21:11:00-05:00,1,Check out the newest panel as well as past winners of our biweekly cartoon caption contest.,NA
99,amnewyork,https://www.amny.com/sports/super-bowl-cheat-sheet-1.26673196?utm_source=tw_am,2019-01-31T15:02:05-05:00,1,"Tom Brady of the Patriots, left, and Todd Gurley of the Rams will duke it out for the championship title on Sunday.       Photo Credit: Composite photo; Getty Images / Patrick Smith, left, and Getty Images / Harry How","Photo Credit: Composite photo; Getty Images / Patrick Smith, left, and Getty Images / Harry How"
100,amnewyork,https://www.amny.com/news/subway-shooting-death-queens-1.26815367,2019-02-03T19:09:00-05:00,1,Police stand guard at the scene at the 90th Street-Elmhurst Avenue subway station in Queens where a person was shot in the head and killed Sunday.       Photo Credit: Charles Eckert,Photo Credit: Charles Eckert
101,amnewyork,https://www.amny.com/entertainment/super-bowl-live-stream-1.26596297,2019-02-03T13:00:00-05:00,2,Watch the 2019 Super Bowl online live Sunday.        Photo Credit: Getty Images/Maddie Meyer,Photo Credit: Getty Images/Maddie Meyer
101,amnewyork,,,2,Adam Levine of Maroon 5 will perform during the Super Bowl.  Photo Credit: Getty Images for Turner/Michael Loccisano,Photo Credit: Getty Images for Turner/Michael Loccisano
102,amnewyork,https://www.amny.com/news/super-bowl-rams-patriots-1.26671532?utm_source=tw_am,2019-01-31T13:17:18-05:00,1,Patriots fans are in the minority in New York City. Most everyone amNewYork spoke with is rooting for the New England dynasty's demise.       Photo Credit: Getty Images / Jim Rogash,Photo Credit: Getty Images / Jim Rogash
103,amnewyork,https://www.amny.com/entertainment/super-bowl-sunday-marathons-1.26674863,2019-02-01T08:31:00-05:00,1,"""Puppy Bowl XII"" airs Sunday on Animal Planet.        Photo Credit: Damian Strohmeyer for Animal Planet",Photo Credit: Damian Strohmeyer for Animal Planet
104,amnewyork,https://www.amny.com/things-to-do/chinese-new-year-nyc-1.11403699,2019-01-29T12:58:00-05:00,5,Photo Credit: Flushing Town Hall,Photo Credit: Flushing Town Hall
104,amnewyork,,,5,Photo Credit: Getty Images/iStock,Photo Credit: Getty Images/iStock
104,amnewyork,,,5,Photo Credit: Jia Sung,Photo Credit: Jia Sung
104,amnewyork,,,5,Photo Credit: Getty Images / Julian Ungano,Photo Credit: Getty Images / Julian Ungano
104,amnewyork,,,5,Photo Credit: Tang Hotpot,Photo Credit: Tang Hotpot
105,amnewyork,https://www.amny.com/things-to-do/super-bowl-parties-nyc-1.11325297,2019-01-29T12:07:00-05:00,10,Photo Credit: Noah Fecks,Photo Credit: Noah Fecks
105,amnewyork,,,10,Photo Credit: Big Mozz,Photo Credit: Big Mozz
105,amnewyork,,,10,Photo Credit: Fulton Hall,Photo Credit: Fulton Hall
105,amnewyork,,,10,Photo Credit: Roberet Barcelo III,Photo Credit: Roberet Barcelo III
105,amnewyork,,,10,Photo Credit: Young Kim,Photo Credit: Young Kim
105,amnewyork,,,10,Photo Credit: The Seneca,Photo Credit: The Seneca
105,amnewyork,,,10,Photo Credit: Vandal,Photo Credit: Vandal
105,amnewyork,,,10,Photo Credit: The Meatball Shop,Photo Credit: The Meatball Shop
105,amnewyork,,,10,Photo Credit: Bierstrasse Harlem,Photo Credit: Bierstrasse Harlem
105,amnewyork,,,10,Photo Credit: Atsushi Tomioka,Photo Credit: Atsushi Tomioka
107,amnewyork,https://www.amny.com/things-to-do/black-history-month-events-1.26684905,2019-01-31T18:55:22-05:00,1,Celebrate Jackie Robinson at the Museum of the City of New York.       Photo Credit: Museum of the City of New York,Photo Credit: Museum of the City of New York
108,amnewyork,https://www.amny.com/news/carnegie-hall-concert-1.26726031,2019-02-01T21:56:36-05:00,1,Students from the Passages Academy's Belmont School in Brooklyn and Bronx Hope in the Bronx took part in an eight-week-long workshop alongside professional artists to create original music and perform their collection at Carnegie Hall.        Photo Credit: Jennifer Taylor,Photo Credit: Jennifer Taylor
109,amnewyork,https://www.amny.com/news/black-owned-businesses-1.26723390,2019-02-01T18:57:36-05:00,1,"From left: Emijaa Jaaemil, Stacey Lee, Kevin Bradford, Kim Harris and Monique Greenwood own businesses in New York City.       Photo Credit: Shatimah Monae Photography; Luiz C. Ribeiro; Sabrina Thompson",Photo Credit: Shatimah Monae Photography; Luiz C. Ribeiro; Sabrina Thompson
110,amnewyork,https://www.amny.com/entertainment/sony-nyc-pop-up-1.26721577,2019-02-01T16:29:24-05:00,1,"Sony's ""Lost in Music"" pop-up will close its doors in NoLIta on Feb. 10.       Photo Credit: Getty Images/Rob Kim",Photo Credit: Getty Images/Rob Kim
111,amnewyork,https://www.amny.com/entertainment/black-panther-nyc-theaters-1.26567487,2019-01-29T11:38:49-05:00,2,"""Black Panther"" returns to theaters in New York City Feb. 1 through Feb. 7.       Photo Credit: Marvel Studios-Disney",Photo Credit: Marvel Studios-Disney
111,amnewyork,,,2,"""Black Panther"" has been nominated for seven Oscars, including best picture. Photo Credit: Marvel Studios-Disney",Photo Credit: Marvel Studios-Disney
112,amnewyork,https://www.amny.com/transit/airports-new-york-city-area-1.26716491,2019-02-01T14:23:00-05:00,1,"LaGuardia Airport saw a 2.3 percent increase in the number of passengers in 2018, the Port Authority said.        Photo Credit: Corey Sipkin",Photo Credit: Corey Sipkin
113,amnewyork,https://www.amny.com/things-to-do/black-history-month-events-1.26684905,2019-01-31T18:55:22-05:00,1,Celebrate Jackie Robinson at the Museum of the City of New York.       Photo Credit: Museum of the City of New York,Photo Credit: Museum of the City of New York
114,amnewyork,https://www.amny.com/entertainment/manifest-1.26714655,2019-02-05T16:40:09-05:00,2,"We're giving away a pair of tickets to see the ""Manifest"" cast at the Paley Center in Manhattan.       Photo Credit: NBC / Warner Bros. / Virginia Sherwood",Photo Credit: NBC / Warner Bros. / Virginia Sherwood
114,amnewyork,,,2,"The ""Manifest"" cast will sit down for a panel chat at the Paley Center on Feb. 7.  Photo Credit: NBC",Photo Credit: NBC
115,amnewyork,https://www.amny.com/eat-and-drink/creole-food-festival-1.26712921,2019-02-01T10:56:51-05:00,2,The Creole Food Festival will feature bites from six chefs from around the world.       Photo Credit: Theodore Samuels,Photo Credit: Theodore Samuels
115,amnewyork,,,2,Tickets include two tastings and access to other foods you can purchase. Photo Credit: Theodore Samuels,Photo Credit: Theodore Samuels
116,amnewyork,https://www.amny.com/news/elections/2020-presidential-election-democrats-who-could-run-1.12710267,2019-02-20T15:00:00-05:00,10,Photo Credit: AFP / Getty Images / Jewel Samad,Photo Credit: AFP / Getty Images / Jewel Samad
116,amnewyork,,,10,Photo Credit: Getty Images / Stephen Maturen,Photo Credit: Getty Images / Stephen Maturen
116,amnewyork,,,10,Photo Credit: Jamie McCarthy / Getty Images,Photo Credit: Jamie McCarthy / Getty Images
116,amnewyork,,,10,Photo Credit: Newsday / Thomas A. Ferrara,Photo Credit: Newsday / Thomas A. Ferrara
116,amnewyork,,,10,Photo Credit: Getty Images for GLSEN/Emma McIntyre,Photo Credit: Getty Images for GLSEN/Emma McIntyre
116,amnewyork,,,10,Photo Credit: Getty Images/Chip Somodevilla,Photo Credit: Getty Images/Chip Somodevilla
116,amnewyork,,,10,Photo Credit: Corey Sipkin,Photo Credit: Corey Sipkin
116,amnewyork,,,10,Photo Credit: Getty Images / Edward A. Ornelas,Photo Credit: Getty Images / Edward A. Ornelas
116,amnewyork,,,10,Photo Credit: Getty Images / Aaron P. Bernstein,Photo Credit: Getty Images / Aaron P. Bernstein
116,amnewyork,,,10,Photo Credit: Getty Images/Scott Eisen,Photo Credit: Getty Images/Scott Eisen
117,amnewyork,https://www.amny.com/news/bronx-opioid-epidemic-1.26683626?utm_source=tw_am,2019-01-31T22:51:42-05:00,1,"Interfaith Minister Shaka Aziz, left, Bronx borough supervisor of the New York State Chaplain Task Force the Rev. Kim Osorio, and peer co-chair of the Peer Network of New York Marilyn Reyes are among the New Yorkers fighting the Bronx opiod epidemic.       Photo Credit: Shaka Aziz / Kim Osorio / Marilyn Reyes",Photo Credit: Shaka Aziz / Kim Osorio / Marilyn Reyes
118,amnewyork,https://www.amny.com/eat-and-drink/super-bowl-catering-nyc-1.26681796,2019-01-31T18:25:55-05:00,5,The Dutch's Super Bowl package has all the fixings.       Photo Credit: The Dutch,Photo Credit: The Dutch
118,amnewyork,,,5,Fuku's fried chicken sliders and fingers are ready for your party. Photo Credit: Scott Suchman,Photo Credit: Scott Suchman
118,amnewyork,,,5,Blue Smoke has smoked wings and more. Photo Credit: Claire Mosteller,Photo Credit: Claire Mosteller
118,amnewyork,,,5,Mix it up with Union Square Cafe's lasagna. Photo Credit: Union Square Cafe,Photo Credit: Union Square Cafe
118,amnewyork,,,5,Baked by Melissa's Super Bowl cupcakes are made for Patriots and Rams fans. Photo Credit: Baked by Melissa,Photo Credit: Baked by Melissa
119,amnewyork,https://www.amny.com/news/politics/federal-workers-pay-1.26679671?utm_source=tw_am,2019-02-01T12:22:47-05:00,1,A National Park Service employee arrives for work at Federal Hall on Monday after the building reopened for the first time since the partial government shutdown ended.       Photo Credit: Getty Images/Drew Angerer,Photo Credit: Getty Images/Drew Angerer
120,amnewyork,https://www.amny.com/things-to-do/mlk-crusader-nyc-1.26678685,2019-01-31T16:43:26-05:00,2,"A new exhibit shows photos of Martin Luther King Jr.'s travels and family life.       Photo Credit: Schomburg Center, NYPL / Jonathan Blanc","Photo Credit: Schomburg Center, NYPL / Jonathan Blanc"
120,amnewyork,,,2,"King recounts his trip to India in an Ebony article, on view at the exhibit. Photo Credit: Schomburg Center, NYPL / Jonathan Blanc","Photo Credit: Schomburg Center, NYPL / Jonathan Blanc"
121,amnewyork,https://www.amny.com/transit/subway-accessibility-elevator-1.26677250,2019-01-31T18:12:00-05:00,1,"A map proposed by TransitCenter, United Spinal Association, Rise and Resist, and other advocate groups depicts where they believe MTA should add subway elevators next.       Photo Credit: Courtesy of TransitCenter",Photo Credit: Courtesy of TransitCenter
122,amnewyork,https://www.amny.com/things-to-do/vandal-nyc-art-1.26675293,2019-01-31T14:47:00-05:00,1,NA,NA
123,amnewyork,https://www.amny.com/news/nycha-ben-carson-1.26664937,2019-01-31T20:25:09-05:00,1,U.S. HUD Secretary Ben Carson and Mayor Bill de Blasio sign an agreement that provides a road map for NYCHA on Thursday.       Photo Credit: Charles Eckert,Photo Credit: Charles Eckert
124,amnewyork,https://www.amny.com/news/super-bowl-rams-patriots-1.26671532?utm_source=tw_am,2019-01-31T13:17:18-05:00,1,Patriots fans are in the minority in New York City. Most everyone amNewYork spoke with is rooting for the New England dynasty's demise.       Photo Credit: Getty Images / Jim Rogash,Photo Credit: Getty Images / Jim Rogash
125,amnewyork,https://www.amny.com/things-to-do/hudson-yards-snark-park-1.25257375?utm_source=tw_am,2019-01-31T12:16:00-05:00,2,"Snarkitecture's first exhibit at Snark Park is ""Lost and Found,"" a labyrinth of massive, inhabitable columns.       Photo Credit: Snark Park",Photo Credit: Snark Park
125,amnewyork,,,2,The first 50 to visit KITH SoHo Thursday evening will receive a Snarkitecture-designed totem as a keepsake. Photo Credit: Snark Park,Photo Credit: Snark Park
126,amnewyork,https://www.amny.com/news/nycha-ben-carson-1.26664937?utm_source=tw_am,2019-01-31T20:25:09-05:00,1,U.S. HUD Secretary Ben Carson and Mayor Bill de Blasio sign an agreement that provides a road map for NYCHA on Thursday.       Photo Credit: Charles Eckert,Photo Credit: Charles Eckert
127,amnewyork,https://www.amny.com/entertainment/st-mark-s-comics-1.26597924?utm_source=tw_am,2019-02-21T13:34:00-05:00,4,"St. Mark's Comics in the East Village, pictured on Wednesday, is slated to close in February.       Photo Credit: Charles Eckert",Photo Credit: Charles Eckert
127,amnewyork,,,4,The shop garnered a cultlike customer base over its 36 years. Photo Credit: Charles Eckert,Photo Credit: Charles Eckert
127,amnewyork,,,4,The store is holding a closeout sale until its doors shutter for good. Photo Credit: Charles Eckert,Photo Credit: Charles Eckert
127,amnewyork,,,4,Comments flooded the comic shop's Facebook post about the closing. Photo Credit: Charles Eckert,Photo Credit: Charles Eckert
128,amnewyork,https://www.amny.com/news/nyc-weather-snow-1.26542938?utm_source=tw_am,2019-01-31T13:00:00-05:00,2,"A snow squall blew through Manhattan Wednesday, as pedestrians crossed Seventh Avenue at West 34th Street.       Photo Credit: Charles Eckert",Photo Credit: Charles Eckert
128,amnewyork,,,2,The snow squall blew through Manhattan around 3:30 p.m. Wednesday. Photo Credit: Charles Eckert,Photo Credit: Charles Eckert
129,amnewyork,https://www.amny.com/news/nyc-weather-snow-1.26542938?utm_source=tw_am,2019-01-31T13:00:00-05:00,2,"A snow squall blew through Manhattan Wednesday, as pedestrians crossed Seventh Avenue at West 34th Street.       Photo Credit: Charles Eckert",Photo Credit: Charles Eckert
129,amnewyork,,,2,The snow squall blew through Manhattan around 3:30 p.m. Wednesday. Photo Credit: Charles Eckert,Photo Credit: Charles Eckert
130,amnewyork,https://www.amny.com/news/police-shooting-brooklyn-1.26628079?utm_source=tw_am,2019-01-31T11:03:19-05:00,1,"A man was shot by police after he pointed a pellet gun at them, the NYPD said.       Photo Credit: NYPD",Photo Credit: NYPD
131,amnewyork,https://www.amny.com/things-to-do/brooklyn-half-marathon-registration-1.16450473?utm_source=tw_am,2019-01-30T17:42:00-05:00,1,"The Brooklyn Half Marathon sold out in four hours and 57 minutes, the New York Road Runners said.       Photo Credit: New York Road Runners",Photo Credit: New York Road Runners
132,amnewyork,https://www.amny.com/news/amazon-hq2-1.26617802?utm_source=tw_am,2019-01-31T08:06:28-05:00,2,Protesters disrupt the second of four City Council hearings over Amazon's planned HQ2 in Long Island City on Wednesday.       Photo Credit: Charles Eckert,Photo Credit: Charles Eckert
132,amnewyork,,,2,Union groups protest the deal on the steps of City Hall on Wednesday. Photo Credit: Charles Eckert,Photo Credit: Charles Eckert
133,amnewyork,https://www.amny.com/news/subway-station-stairs-1.26598189?utm_source=tw_am,2019-01-31T08:00:00-05:00,3,"Dustin Jones of East Harlem, a board member of the Center for the Independence of the Disabled New York, joins other activists as they place flowers and signs Wednesday at the Seventh Avenue subway station, where Malaysia Goodson suffered a fatal fall down stairs Monday night.       Photo Credit: Craig Ruttle",Photo Credit: Craig Ruttle
133,amnewyork,,,3,Malaysia Goodson was pronounced dead at Mount Sinai West after a fall at the Seventh Avenue subway station. Photo Credit: Dontaysia Turner,Photo Credit: Dontaysia Turner
133,amnewyork,,,3,"Malaysia Goodson, 22, died after falling down the stairs at the Seventh Avenue-53rd Street subway station on Monday, police said. Photo Credit: Todd Maisel Photo Credit: Todd Maisel",Photo Credit: Todd Maisel
134,amnewyork,https://www.amny.com/entertainment/black-panther-nyc-theaters-1.26567487?utm_source=tw_am,2019-01-29T11:38:49-05:00,2,"""Black Panther"" returns to theaters in New York City Feb. 1 through Feb. 7.       Photo Credit: Marvel Studios-Disney",Photo Credit: Marvel Studios-Disney
134,amnewyork,,,2,"""Black Panther"" has been nominated for seven Oscars, including best picture. Photo Credit: Marvel Studios-Disney",Photo Credit: Marvel Studios-Disney
135,amnewyork,https://www.amny.com/transit/lyft-uber-lawsuit-1.26614499?utm_source=tw_am,2019-01-30T16:49:35-05:00,1,The city Taxi & Limousine Commission voted in December to establish a minimum hourly pay for e-hail drivers. Lyft and Juno say the planned implementation of that rule unfairly benefits Uber drivers.       Photo Credit: Kelly Sullivan,Photo Credit: Kelly Sullivan
136,amnewyork,https://www.amny.com/news/marie-kondo-effect-1.26611080?utm_source=tw_am,2019-01-30T19:07:00-05:00,2,"Anna Gonick, left, of Sunnyside, sells her clothes at Buffalo Exchange. Haris Erpelding, right, checks things out at the Astoria shop. Some New Yorkers looking to declutter their homes have been inspired by Marie Kondo's Netflix show ""Tidying Up.""       Photo Credit: Debbie Egan-Chin",Photo Credit: Debbie Egan-Chin
136,amnewyork,,,2,"Hundreds of bags of clothing and other items were donated to Wearable Collections. The collection took place at Grand Army Plaza in Park Slope, where numerous bags of clothes were given up for recycling and to raise money for charitable organizations. Photo Credit: Todd Maisel",Photo Credit: Todd Maisel
137,amnewyork,https://www.amny.com/eat-and-drink/dessert-goals-tickets-1.26608935?utm_source=tw_am,2019-02-11T11:55:00-05:00,2,"Dessert Goals returns in March with delectable sweets like 
Posh Pretzels (pictured), Baked in Color, Stache of Goods and many more.       Photo Credit: @PoshPretzels / Instagram",Photo Credit: @PoshPretzels / Instagram
137,amnewyork,,,2,Stax Cremellas are making their debut at Dessert Goals in March. Photo Credit: @Staxicecream / Instagram,Photo Credit: @Staxicecream / Instagram
138,amnewyork,https://www.amny.com/entertainment/st-mark-s-comics-1.26597924?utm_source=tw_am,2019-02-21T13:34:00-05:00,4,"St. Mark's Comics in the East Village, pictured on Wednesday, is slated to close in February.       Photo Credit: Charles Eckert",Photo Credit: Charles Eckert
138,amnewyork,,,4,The shop garnered a cultlike customer base over its 36 years. Photo Credit: Charles Eckert,Photo Credit: Charles Eckert
138,amnewyork,,,4,The store is holding a closeout sale until its doors shutter for good. Photo Credit: Charles Eckert,Photo Credit: Charles Eckert
138,amnewyork,,,4,Comments flooded the comic shop's Facebook post about the closing. Photo Credit: Charles Eckert,Photo Credit: Charles Eckert
139,amnewyork,https://www.amny.com/eat-and-drink/lunar-new-year-foods-1.26595925?utm_source=tw_am,2019-01-30T10:41:00-05:00,5,The Nom Wah Tea Parlor in Chinatown is one of the most well-known places in the city for dumplings.       Photo Credit: Linda Rosier,Photo Credit: Linda Rosier
139,amnewyork,,,5,Dumplings are a traditional part of any Lunar New Year celebration. Photo Credit: iStock,Photo Credit: iStock
139,amnewyork,,,5,"Nom Wah Tea Parlor at 13 Doyers St. is offering the ""Lucky 8"" menu for the Lunar New Year. Photo Credit: Charles Eckert",Photo Credit: Charles Eckert
139,amnewyork,,,5,"Gammeeok at 9 W. 32nd St. offers mung bean pancake, a staple of Korean-style Lunar New Year celebrations. Photo Credit: Charles Eckert",Photo Credit: Charles Eckert
139,amnewyork,,,5,"Hahm Ji Bach restaurant in Flushing offers rice cake soup, a staple of Korean Lunar New Year celebrations. Photo Credit: Yeong-Ung Yang",Photo Credit: Yeong-Ung Yang
140,amnewyork,https://www.amny.com/news/elections/public-advocate-1.25983263?utm_source=tw_am,2019-02-26T11:49:00-05:00,1,The public advocate special election will be on Feb. 26.       Photo Credit: Getty Images/John Moore,Photo Credit: Getty Images/John Moore
141,amnewyork,https://www.amny.com/things-to-do/brooklyn-half-marathon-registration-1.16450473?utm_source=tw_am,2019-01-30T17:42:00-05:00,1,"The Brooklyn Half Marathon sold out in four hours and 57 minutes, the New York Road Runners said.       Photo Credit: New York Road Runners",Photo Credit: New York Road Runners
142,amnewyork,https://www.amny.com/news/subway-station-stairs-1.26598189,2019-01-31T08:00:00-05:00,3,"Dustin Jones of East Harlem, a board member of the Center for the Independence of the Disabled New York, joins other activists as they place flowers and signs Wednesday at the Seventh Avenue subway station, where Malaysia Goodson suffered a fatal fall down stairs Monday night.       Photo Credit: Craig Ruttle",Photo Credit: Craig Ruttle
142,amnewyork,,,3,Malaysia Goodson was pronounced dead at Mount Sinai West after a fall at the Seventh Avenue subway station. Photo Credit: Dontaysia Turner,Photo Credit: Dontaysia Turner
142,amnewyork,,,3,"Malaysia Goodson, 22, died after falling down the stairs at the Seventh Avenue-53rd Street subway station on Monday, police said. Photo Credit: Todd Maisel Photo Credit: Todd Maisel",Photo Credit: Todd Maisel
143,amnewyork,https://www.amny.com/news/nyc-weather-snow-1.26542938?utm_source=tw_am,2019-01-31T13:00:00-05:00,2,"A snow squall blew through Manhattan Wednesday, as pedestrians crossed Seventh Avenue at West 34th Street.       Photo Credit: Charles Eckert",Photo Credit: Charles Eckert
143,amnewyork,,,2,The snow squall blew through Manhattan around 3:30 p.m. Wednesday. Photo Credit: Charles Eckert,Photo Credit: Charles Eckert
144,amnewyork,https://www.amny.com/news/amazon-union-1.26577975?utm_source=tw_am,2019-01-29T19:21:00-05:00,1,"Leaders of the Retail, Wholesale and Department Store Union gathered with progressive groups and elected officials in City Hall Park after officials announced Amazon would open a substantial campus in Long Island City.       Photo Credit: Craig Ruttle",Photo Credit: Craig Ruttle
145,amnewyork,https://www.amny.com/things-to-do/winter-formal-brooklyn-1.26574522?utm_source=tw_am,2019-01-29T17:21:29-05:00,1,"Greenpoint bar and lounge The Springs is throwing ""Enthusiastic Dad's Winter Formal"" on Fridays and Saturdays in February so you can relive your awkward phase.       Photo Credit: Getty Images/iStock",Photo Credit: Getty Images/iStock
146,amnewyork,https://www.amny.com/news/government-shutdown-tsa-workers-1.26577422?utm_source=tw_am,2019-01-30T11:55:31-05:00,2,"City Harvest held a food distribution on Tuesday for federal workers impacted by the government shutdown. From left, Philip Taubman, AFGE union lawyer, TSA worker Carlos Rodriguez and union vice president Maxel Shabay at the food distribution outside LaGuardia Airport in Queens.       Photo Credit: Li Yakira Cohen",Photo Credit: Li Yakira Cohen
146,amnewyork,,,2,City Harvest provided fresh produce and canned foods to TSA workers at LaGuardia Airport in Queens on Tuesday. Photo Credit: Li Yakira Cohen,Photo Credit: Li Yakira Cohen
147,amnewyork,https://www.amny.com/things-to-do/valentines-day-date-ideas-1.26568009?utm_source=tw_am,2019-02-12T13:09:31-05:00,7,"Ice skate on a heart-shaped rink, catch a romantic movie or start the day with a morning party this Valentine's Day.       Photo Credit: The Howard Hughes Corp./Jane Kratochvil",Photo Credit: The Howard Hughes Corp./Jane Kratochvil
147,amnewyork,,,7,Fashion illustrator Laura Kay will create portraits of those who visit Dream Downtown on Valentine's Day. Photo Credit: Dream Downtown,Photo Credit: Dream Downtown
147,amnewyork,,,7,Couples renew their vows on the Red Steps each year in Times Square. Photo Credit: Justin Bettman for the Times Square Alliance,Photo Credit: Justin Bettman for the Times Square Alliance
147,amnewyork,,,7,Hotsy Totsy Burlesque Photo Credit: Hotsy Totsy Burlesque,Photo Credit: Hotsy Totsy Burlesque
147,amnewyork,,,7,Daybreaker gets your day started with yoga and a sunrise disco. Photo Credit: Daybreaker,Photo Credit: Daybreaker
147,amnewyork,,,7,"Leave a love note for your sweetie or read others in Dumbo with the ""Wishes on Washington Street"" app. Photo Credit: Juniper Jones and the Dumbo Improvement District",Photo Credit: Juniper Jones and the Dumbo Improvement District
147,amnewyork,,,7,"""Sleep No More"" offers a night of mystery and drama. Photo Credit: Getty Images/Brian Killian",Photo Credit: Getty Images/Brian Killian
148,amnewyork,https://www.amny.com/news/woman-dead-subway-station-1.26564014?utm_source=tw_am,2019-01-30T13:59:00-05:00,2,"Malaysia Goodson, 22, died after falling down the stairs at the Seventh Avenue-53rd Street subway station on Monday, police said.       Photo Credit: Todd Maisel",Photo Credit: Todd Maisel
148,amnewyork,,,2,A young mother fatally falls down subway stairs in Manhattan.  Photo Credit: Dontaysia Turner,Photo Credit: Dontaysia Turner
149,amnewyork,https://www.amny.com/entertainment/indie-bands-nyc-concerts-1.17021773?utm_source=tw_am,2019-01-29T12:56:00-05:00,2,"Emily Haines performs on the Sycamore stage during Arroyo Seco Weekend at the Brookside Golf Course at on June 24, 2017, in Pasadena, Calif.       Photo Credit: Rich Fury",Photo Credit: Rich Fury
149,amnewyork,,,2,"Shamir performs onstage during day two of the 2016 Coachella Valley Music & Arts Festival on April 16, in Indio, Calif. Photo Credit: Emma McIntyre",Photo Credit: Emma McIntyre
150,amnewyork,https://www.amny.com/eat-and-drink/upside-pizza-nyc-1.26571711?utm_source=tw_am,2019-01-29T15:09:00-05:00,2,Upside Pizza makes a variety of Sicilian and round pies using 100 percent naturally leavened dough.       Photo Credit: Molly Tavoletti,Photo Credit: Molly Tavoletti
150,amnewyork,,,2,The slice shop bakes its pies in a Montague Hearth Bake brick oven. Photo Credit: Molly Tavoletti,Photo Credit: Molly Tavoletti
151,amnewyork,https://www.amny.com/news/new-york-health-care-deadline-1.26569718?utm_source=tw_am,2019-01-29T13:08:41-05:00,1,"The deadline for enrolling in New York State of Health's health care program is Thursday, Jan. 31.       Photo Credit: Getty Images/iStockphoto/megaflopp",Photo Credit: Getty Images/iStockphoto/megaflopp
152,amnewyork,https://www.amny.com/entertainment/rent-live-1.26547958?utm_source=tw_am,2019-01-28T15:52:00-05:00,3,"""Rent,"" starring Vanessa Hudgens, included a few fun nods to the original Broadway production.        Photo Credit: FOX/Kevin Estrada",Photo Credit: FOX/Kevin Estrada
152,amnewyork,,,3,"""Rent"" aired Sunday on Fox, but it wasn't exactly live.  Photo Credit: FOX/Kevin Estrada",Photo Credit: FOX/Kevin Estrada
152,amnewyork,,,3,"Brennin Hunt was injured during the rehearsal taping of Fox's ""Rent"" special.  Photo Credit: FOX/Ray Mickshaw",Photo Credit: FOX/Ray Mickshaw
153,amnewyork,https://www.amny.com/entertainment/celebrities/peter-tork-celebrity-dead-1.11324834?utm_source=tw_am,2019-02-21T12:12:00-05:00,10,Photo Credit: Getty Images/Matthew Eisman,Photo Credit: Getty Images/Matthew Eisman
153,amnewyork,,,10,Photo Credit: Getty Images/Andreas Rentz,Photo Credit: Getty Images/Andreas Rentz
153,amnewyork,,,10,Photo Credit: Getty Images/Bill Pugliano,Photo Credit: Getty Images/Bill Pugliano
153,amnewyork,,,10,Photo Credit: Getty Images/Jason Miller,Photo Credit: Getty Images/Jason Miller
153,amnewyork,,,10,Photo Credit: Kevin Winter,Photo Credit: Kevin Winter
153,amnewyork,,,10,Photo Credit: Getty Images for One Kid One World / Jason Kempin,Photo Credit: Getty Images for One Kid One World / Jason Kempin
153,amnewyork,,,10,Photo Credit: Getty Images for New York Magazine / Bryan Bedder,Photo Credit: Getty Images for New York Magazine / Bryan Bedder
153,amnewyork,,,10,Photo Credit: Newsday/Dick Yarwood,Photo Credit: Newsday/Dick Yarwood
153,amnewyork,,,10,Photo Credit: Getty Images / Jim McIsaac,Photo Credit: Getty Images / Jim McIsaac
153,amnewyork,,,10,Photo Credit: Getty Images/Ethan Miller,Photo Credit: Getty Images/Ethan Miller
154,amnewyork,https://www.amny.com/things-to-do/chinese-new-year-nyc-1.11403699?utm_source=tw_am,2019-01-29T12:58:00-05:00,5,Photo Credit: Flushing Town Hall,Photo Credit: Flushing Town Hall
154,amnewyork,,,5,Photo Credit: Getty Images/iStock,Photo Credit: Getty Images/iStock
154,amnewyork,,,5,Photo Credit: Jia Sung,Photo Credit: Jia Sung
154,amnewyork,,,5,Photo Credit: Getty Images / Julian Ungano,Photo Credit: Getty Images / Julian Ungano
154,amnewyork,,,5,Photo Credit: Tang Hotpot,Photo Credit: Tang Hotpot
155,amnewyork,https://www.amny.com/news/politics/gun-laws-new-york-1.26571196?utm_source=tw_am,2019-01-29T16:54:44-05:00,1,Gov. Andrew Cuomo advocated for a package of gun control bills that was approved by state lawmakers Tuesday.       Photo Credit: Louis Lanzano,Photo Credit: Louis Lanzano
156,amnewyork,https://www.amny.com/transit/waze-gps-tunnels-1.26569593?utm_source=tw_am,2019-01-29T12:29:00-05:00,1,"Waze says its GPS navigation will now work in the city's tunnels, through a partnership with the MTA and Port Authority.       Photo Credit: iStock",Photo Credit: iStock
157,amnewyork,https://www.amny.com/entertainment/black-panther-nyc-theaters-1.26567487?utm_source=tw_am,2019-01-29T11:38:49-05:00,2,"""Black Panther"" returns to theaters in New York City Feb. 1 through Feb. 7.       Photo Credit: Marvel Studios-Disney",Photo Credit: Marvel Studios-Disney
157,amnewyork,,,2,"""Black Panther"" has been nominated for seven Oscars, including best picture. Photo Credit: Marvel Studios-Disney",Photo Credit: Marvel Studios-Disney
158,amnewyork,https://www.amny.com/news/nycha-rent-strike-1.26569139?utm_source=tw_am,2019-01-29T15:25:12-05:00,1,"At a meeting in Queensbridge Houses, tenants planned to participate in a rent strike.        Photo Credit: Getty Images/Ezra Shaw",Photo Credit: Getty Images/Ezra Shaw
159,amnewyork,https://www.amny.com/things-to-do/nyc-events-concerts-and-more-to-hit-this-week-1.9650169?utm_source=tw_am,2019-02-25T16:28:00-05:00,10,Photo Credit: Linda Rosier,Photo Credit: Linda Rosier
159,amnewyork,,,10,Photo Credit: Molly Tavoletti,Photo Credit: Molly Tavoletti
159,amnewyork,,,10,Photo Credit: Melba's,Photo Credit: Melba's
159,amnewyork,,,10,Photo Credit: Shaye Weaver,Photo Credit: Shaye Weaver
159,amnewyork,,,10,Photo Credit: Public Arts at Public Hotel,Photo Credit: Public Arts at Public Hotel
159,amnewyork,,,10,Photo Credit: Getty Images for Turner/Rob Kim,Photo Credit: Getty Images for Turner/Rob Kim
159,amnewyork,,,10,Photo Credit: Broadway Comedy Club,Photo Credit: Broadway Comedy Club
159,amnewyork,,,10,Photo Credit: Greg Blackmon,Photo Credit: Greg Blackmon
159,amnewyork,,,10,Photo Credit: Getty Images/iStockphoto/andresr,Photo Credit: Getty Images/iStockphoto/andresr
159,amnewyork,,,10,Photo Credit: Cathedral of St. John the Divine / Jacob Hessler & Richard Blanco,Photo Credit: Cathedral of St. John the Divine / Jacob Hessler & Richard Blanco
160,amnewyork,https://www.amny.com/news/woman-dead-subway-station-1.26564014?utm_source=tw_am,2019-01-30T13:59:00-05:00,2,"Malaysia Goodson, 22, died after falling down the stairs at the Seventh Avenue-53rd Street subway station on Monday, police said.       Photo Credit: Todd Maisel",Photo Credit: Todd Maisel
160,amnewyork,,,2,A young mother fatally falls down subway stairs in Manhattan.  Photo Credit: Dontaysia Turner,Photo Credit: Dontaysia Turner
161,amnewyork,https://www.amny.com/eat-and-drink/chelsweets-baking-cakes-1.26547987,2019-01-28T17:06:02-05:00,2,"Chelsey White has built an audience on Instagram, Facebook and YouTube for her baking videos.       Photo Credit: Courtesy Chelsey White",Photo Credit: Courtesy Chelsey White
161,amnewyork,,,2,White learned how to make her ornate cakes primarily from YouTube tutorials. Photo Credit: Courtesy Chelsey White,Photo Credit: Courtesy Chelsey White
162,amnewyork,https://www.amny.com/eat-and-drink/where-to-get-mocktails-1.26547200?utm_source=tw_am,2019-01-28T15:32:02-05:00,5,"Zsolt ""George"" Csonka uses a variety of fresh ingredients at his bar, Adriaen Block, to craft ""mocktails.""       Photo Credit: Adriaen Block",Photo Credit: Adriaen Block
162,amnewyork,,,5,The Winter Fix at Boqueria fuses chamomile tea with Seedlip Garden and winter citrus. Photo Credit: Boqueria,Photo Credit: Boqueria
162,amnewyork,,,5,"The Orchard Island at the vegan Mother of Pearl includes green apple juice, lemongrass, lemon and coconut puree. Photo Credit: Mother of Pearl",Photo Credit: Mother of Pearl
162,amnewyork,,,5,"The Blackberry-Basil Sour at Adriaen Block includes Seedlip Garden, blackberry shrub, basil and egg white. Photo Credit: Adriaen Block",Photo Credit: Adriaen Block
162,amnewyork,,,5,"A Seedlip Garden tonic at Adriaen Block, made with Seedlip, a non-alcoholic spirit. Photo Credit: Adriaen Block",Photo Credit: Adriaen Block
163,amnewyork,https://www.amny.com/news/wear-red-day-what-to-know-and-how-to-participate-1.13034953?utm_source=tw_am,2019-01-28T16:07:00-05:00,1,"National Wear Red Day is organized by the American Heart Association. Above, Marisa Tomei speaks on stage during the American Heart Association's Go Red For Women Red Dress Collection fashion show at Hammerstein Ballroom in Manhattan on Feb. 8, 2018.       Photo Credit: Getty Images / Slaven Vlasic",Photo Credit: Getty Images / Slaven Vlasic
164,amnewyork,https://www.amny.com/news/politics/child-victims-act-1.26547177?utm_source=tw_am,2019-01-28T19:41:00-05:00,1,"The Child Victims Act was co-sponsored by state Sen. Brad Hoylman, seen here in 2017.       Photo Credit: Jeff Bachner",Photo Credit: Jeff Bachner
165,amnewyork,https://www.amny.com/news/lead-paint-poisoning-nyc-1.26549426?utm_source=tw_am,2019-01-28T17:42:00-05:00,1,The de Blasio administration is launching an initiative to eradicate lead paint poisoning in children.        Photo Credit: Getty Images/Spencer Platt,Photo Credit: Getty Images/Spencer Platt
166,amnewyork,https://www.amny.com/news/nyc-pharmacy-drug-prices-1.26548424?utm_source=tw_am,2019-01-29T08:28:00-05:00,3,"Community pharmacists are worried they will have to cut back hours or staff, a recent survey says.       Photo Credit: Corey Sipkin",Photo Credit: Corey Sipkin
166,amnewyork,,,3,A customer shops at NoLita Chemists at 208 Mott St. on Jan. 24. Photo Credit: Corey Sipkin,Photo Credit: Corey Sipkin
166,amnewyork,,,3,"NoLita Chemists has already had to cut hours and staff, its owner said. Photo Credit: Corey Sipkin",Photo Credit: Corey Sipkin
167,amnewyork,https://www.amny.com/entertainment/rent-live-1.26547958?utm_source=tw_am,2019-01-28T15:52:00-05:00,3,"""Rent,"" starring Vanessa Hudgens, included a few fun nods to the original Broadway production.        Photo Credit: FOX/Kevin Estrada",Photo Credit: FOX/Kevin Estrada
167,amnewyork,,,3,"""Rent"" aired Sunday on Fox, but it wasn't exactly live.  Photo Credit: FOX/Kevin Estrada",Photo Credit: FOX/Kevin Estrada
167,amnewyork,,,3,"Brennin Hunt was injured during the rehearsal taping of Fox's ""Rent"" special.  Photo Credit: FOX/Ray Mickshaw",Photo Credit: FOX/Ray Mickshaw
168,amnewyork,https://www.amny.com/news/politics/child-victims-act-1.26547177?utm_source=tw_am,2019-01-28T19:41:00-05:00,1,"The Child Victims Act was co-sponsored by state Sen. Brad Hoylman, seen here in 2017.       Photo Credit: Jeff Bachner",Photo Credit: Jeff Bachner
169,amnewyork,https://www.amny.com/things-to-do/silent-films-at-brookfield-1.26547040?utm_source=tw_am,2019-01-28T15:07:21-05:00,2,"Free silent film screenings with live music (and complimentary popcorn) at Brookfield Place include ""Underworld,"" ""The Kid"" and ""Nosferatu.""       Photo Credit: Wikimedia Commons",Photo Credit: Wikimedia Commons
169,amnewyork,,,2,"Vampire Count Orlok is destroyed by sunlight in a still from F. W. Murnau's expressionist horror film, ""Nosferatu,"" which is set to screen on Jan. 31. Photo Credit: Getty Images/Hulton Archive",Photo Credit: Getty Images/Hulton Archive
170,amnewyork,https://www.amny.com/entertainment/tv-premiere-dates-1.13267790?utm_source=tw_am,2019-02-19T12:13:00-05:00,1,"The final eight episodes of ""Arrested Development"" season 5 hit Netflix March 15.       Photo Credit: Saeed Adyani/Netflix/Netflix",Photo Credit: Saeed Adyani/Netflix/Netflix
171,amnewyork,https://www.amny.com/transit/subway-delays-commute-1.26545685?utm_source=tw_am,2019-01-28T13:32:44-05:00,1,"On social media, riders reported waits exceeding 15 minutes shortly after 9 a.m. as MTA crews investigated a ""loud noise"" at the Hoyt-Schermerhorn subway station.       Photo Credit: Craig Ruttle",Photo Credit: Craig Ruttle
172,amnewyork,https://www.amny.com/news/nyc-woman-stuck-elevator-1.26545379?utm_source=tw_am,2019-01-28T13:14:11-05:00,1,"A 53-year-old woman was allegedly trapped for days in a private elevator on E. 65th Street, pictured in October 2017.       Photo Credit: Google Maps",Photo Credit: Google Maps
173,amnewyork,https://www.amny.com/news/elections/corey-johnson-mayor-1.26543814?utm_source=tw_am,2019-01-28T11:57:42-05:00,1,"Corey Johnson during a rally on the City Hall steps on  Dec. 20, 2018.       Photo Credit: Jeff Bachner",Photo Credit: Jeff Bachner
174,amnewyork,https://www.amny.com/entertainment/apollo-theater-1.26433554?utm_source=tw_am,2019-01-28T15:38:03-05:00,1,The iconic marquee outside The Apollo Theater on 125th Street in Harlem.       Photo Credit: Getty Images/Chris Hondros,Photo Credit: Getty Images/Chris Hondros
175,amnewyork,https://www.amny.com/news/nyc-weather-snow-1.26542938?utm_source=tw_am,2019-01-31T13:00:00-05:00,2,"A snow squall blew through Manhattan Wednesday, as pedestrians crossed Seventh Avenue at West 34th Street.       Photo Credit: Charles Eckert",Photo Credit: Charles Eckert
175,amnewyork,,,2,The snow squall blew through Manhattan around 3:30 p.m. Wednesday. Photo Credit: Charles Eckert,Photo Credit: Charles Eckert
176,amnewyork,https://www.amny.com/entertainment/governors-ball-performers-1.25657542?utm_source=tw_am,2019-01-28T10:14:30-05:00,4,Lil Wayne will perform at the 2019 Governors Ball at Randall's Island Park.       Photo Credit: Getty Images for TIDAL/Nicholas Hunt,Photo Credit: Getty Images for TIDAL/Nicholas Hunt
176,amnewyork,,,4,"Kacey Musgraves will perform at Gov Ball on Saturday, June 1. Photo Credit: Getty Images for Global Citizen/Jemal Countess",Photo Credit: Getty Images for Global Citizen/Jemal Countess
176,amnewyork,,,4,"SZA will perform at Gov Ball on Sunday, June 2.  Photo Credit: Getty Images for Billboard/Mike Coppola",Photo Credit: Getty Images for Billboard/Mike Coppola
176,amnewyork,,,4,"The Strokes will perform at Gov Ball on Sunday, June 2. Photo Credit: Getty Images/Raphael Dias",Photo Credit: Getty Images/Raphael Dias
177,amnewyork,https://www.amny.com/entertainment/hbo-breslin-hamill-1.26510936?utm_source=tw_am,2019-01-27T17:57:00-05:00,2,"Pete Hamill, left, and Jimmy Breslin as seen in the new documentary ""Breslin and Hamill: Deadline Artists.""       Photo Credit: Brian Hamill / Courtesy of HBO",Photo Credit: Brian Hamill / Courtesy of HBO
177,amnewyork,,,2,"Jonathan Alter, pictured, said he and fellow directors Steve McCarthy and John Block did not set out to create a nostalgia trip for people who miss the old gritty city and its hometown literary lions. Photo Credit: Getty Images/Mireya Acierto",Photo Credit: Getty Images/Mireya Acierto
178,amnewyork,https://www.amny.com/news/civil-service-tests-nyc-1.26506762?utm_source=tw_am,2019-01-28T00:01:00-05:00,1,The city's Department of Citywide Administrative Services on Monday relaunched its OASys website for Civil Service test applications.       Photo Credit: Courtesy of NYC DCAS,Photo Credit: Courtesy of NYC DCAS
179,amnewyork,https://www.amny.com/news/public-space-logo-contest-1.26513851?utm_source=tw_am,2019-01-27T21:02:00-05:00,1,People enjoy the privately-owned public space at 590 Madison Ave.       Photo Credit: Corey Sipkin,Photo Credit: Corey Sipkin
180,amnewyork,https://www.amny.com/things-to-do/female-old-masters-sothebys-1.26510213?utm_source=tw_am,2019-01-27T18:13:42-05:00,1,"""Portrait of Three Children,"" by Angelika Kauffmann, is among highlights of ""The Female Triumphant"" at Sotheby's.         Photo Credit: Courtesy of Sotheby's",Photo Credit: Courtesy of Sotheby's
"

2019-02-26 13:33:29.429948
"
News Org                                 Input      RTs        NoLinks    Output    
amnewyork                                184        3          2          179       
