Index,Publisher,URL,Date,Num_Images,Caption,Credit/Source
1,theobserver,https://www.charlotteobserver.com/news/politics-government/article225944480.html#storylink=rss,"February 08, 2019 01:12 PM",0,NA,NA
2,theobserver,https://www.charlotteobserver.com/news/local/article225614885.html#storylink=rss,"February 08, 2019 03:13 PM",0,NA,NA
3,theobserver,https://www.charlotteobserver.com/news/local/article225999985.html#storylink=rss,"February 08, 2019 05:20 PM",1,"This is what I-277 often looks like on a normal day. But on Sept. 1, the inner loop will briefly be closed to cars and open only to runners . 

John D. Simmons
jsimmons@charlotteobserver.com",John D. Simmons jsimmons@charlotteobserver.com
4,theobserver,https://www.charlotteobserver.com/sports/spt-columns-blogs/scott-fowler/article224967580.html,"February 08, 2019 11:19 AM",11,"Former Denver Nuggets executive Carl Scheer waves to fans as he is honored before the start of an NBA basketball game in Denver in 2014. Scheer ran both the Nuggets and the Charlotte Hornets during his career, and both those teams have honored him. Scheer, 82, lives in Charlotte and has dementia.",Jack Dempsey   AP
4,theobserver,,,11,"Former Charlotte Hornets General Manager Carl Scheer, left, and team owner George Shinn answer questions in 1990. Scheer wanted a guaranteed contract to stay in Charlotte. Shinn refused to give it to him, which led to Scheer’s departure. The two men eventually made up.",Jeff Siner   jsiner@charlotteobserver.com
4,theobserver,,,11,"NBA legend and North Carolina basketball hero Michael Jordan scored 33 points in a Dec. 23, 1988 game against the Charlotte Hornets, his first game back in his home state. The Hornets ultimately beat Jordan’s Chicago Bulls 103-101 on a buzzer-beater, starting Charlotte’s 364-game consecutive sellout streak.",Jim Gund - Observer File Photo
4,theobserver,,,11,"N.C. State’s David Thompson soars to the basket against Virginia in the 1974 ACC tournament. As Denver Nuggets general manager, Carl Scheer was able to lure Thompson to the ABA rather than the rival NBA.",1974 News & Observer archive pho
4,theobserver,,,11,"Carl Scheer and his wife, Marsha (left), have been married for 59 years. They met as counselors in a summer camp.",Photo courtesy of Scheer family
4,theobserver,,,11,"Bob Scheer is the son of former basketball executive Carl Scheer, who has dementia. “I was his son, and then I became his business partner, and now his caregiver,” Bob Scheer said. “So it’s sort of a full-circle thing.”",Jeff Siner   jsiner@charlotteobserver.com
4,theobserver,,,11,NC State’s David Thompson (left) shoots over North Carolina’s Bobby Jones in 1974. Carl Scheer would employ both men with the Denver Nuggets. He would later say trading away Jones was one of the worst personnel moves he ever made.,1974 News & Observer archive photo
4,theobserver,,,11,"Former Charlotte Hornets shooting guard Dell Curry was selected in the expansion draft by Carl Scheer. “I will forever be indebted to Carl for bringing me here,” said Curry, who retired as Charlotte’s all-time leading scorer. “Obviously, it changed my life.”",Observer file photo
4,theobserver,,,11,"The first edition of the 1988-89 Charlotte Hornets lost 62 of 82 games, but the team entranced the city under general manager Carl Scheer (seated, fourth from left).",Charlotte Hornets handout photo
4,theobserver,,,11,"During the 1988-89 NBA season, Charlotte Hornets general manager Carl Scheer (left) and team owner George Shinn had lots to smile about as their team began a streak of 364 straight sellouts.",Jeff Siner   jsiner@charlotteobserver.com
6,theobserver,https://www.charlotteobserver.com/news/politics-government/election/article225981785.html#storylink=rss,"February 08, 2019 12:24 PM",0,NA,NA
7,theobserver,https://www.charlotteobserver.com/news/article225989305.html#storylink=rss,"February 08, 2019 02:06 PM",1,"Dave Chappelle will perform at Charlotte’s Belk Theater on Feb. 14. (Photo by Evan Agostini/Invision/AP, File) 

Evan Agostini
Evan Agostini/Invision/AP",Evan Agostini Evan Agostini/Invision/AP
8,theobserver,https://www.charlotteobserver.com/news/local/article225504005.html#storylink=rss,"February 08, 2019 08:17 AM",1,"Streets around Spectrum Center will close Thursday night: Caldwell and Brevard streets between 4th and 6th streets, and East Trade and East 5th streets between College and North Davidson streets.",Charlotte Department of Transportation
9,theobserver,https://www.charlotteobserver.com/news/local/article225915670.html#storylink=rss,"February 07, 2019 01:43 PM",3,"UNC-Chapel Hill’s interim chancellor, Kevin Guskiewicz, speaks to the press with Dr. Bill Roper, left, interim UNC System president, at The Carolina Inn on Thursday, Feb. 7, 2019.",Julia Wall jwall@newsobserver.com
9,theobserver,,,3,"UNC-Chapel Hill’s interim chancellor, Kevin Guskiewicz, speaks to the press at The Carolina Inn on Thursday, Feb. 7, 2019.",Julia Wall jwall@newsobserver.com
9,theobserver,,,3,"Dr. Bill Roper, left, interim UNC System president, speaks to the press on Thursday, Feb. 7, 2019 about a racist image discovered in a 1979 UNC-Chapel Hill yearbook on Wednesday evening.",Julia Wall jwall@newsobserver.com
10,theobserver,https://www.charlotteobserver.com/entertainment/arts-culture/article224907675.html#storylink=rss,"January 23, 2019 05:46 PM",6,"Director Chanel Blanchett, far right, talks about “Nina Simone: Four Women” at Actor’s Theatre, with cast members (from left) Arlethia Friday, Krystal Gardner and Erica Truesdale.",Joshua Komer   The Charlotte Observer
10,theobserver,,,6,"Nina, played by Destiny Stone, left, talks with Krystal Gardner, center and Erica Gardner during rehearsal.",Joshua Komer   The Charlotte Observer
10,theobserver,,,6,"Destiny Stone, left, talks with Krystal Gardner at rehearsal.",Joshua Komer   The Charlotte Observer
10,theobserver,,,6,"Director Chanel Blanchett, far right, talks about “Nina Simone: Four Women” at Actor’s Theatre, with cast members (from left) Arlethia Friday, Krystal Gardner and Erica Truesdale.",Joshua Komer The Charlotte Observer
10,theobserver,,,6,"Destiny Stone, left, talks with Krystal Gardner at rehearsal.",Joshua Komer The Charlotte Observer
10,theobserver,,,6,"Nina, played by Destiny Stone, left, talks with Krystal Gardner, center and Erica Gardner during rehearsal.",Joshua Komer The Charlotte Observer
11,theobserver,https://www.charlotteobserver.com/news/local/education/article225621620.html#storylink=rss,"February 07, 2019 02:06 PM",0,NA,NA
12,theobserver,https://www.charlotteobserver.com/entertainment/arts-culture/article224978845.html#storylink=rss,"January 23, 2019 06:26 PM",4,NA,Courtesy of Sozo Gallery
12,theobserver,,,4,Some of Nguyen’s fashion design sketches.,Kenny Nguyen
12,theobserver,,,4,"Kenny Nguyen and his “Interwoven,” at Sozo Gallery.",DaRemen J.
12,theobserver,,,4,NA,Courtesy of Sozo Gallery
13,theobserver,https://www.charlotteobserver.com/news/local/article225622500.html,"February 06, 2019 05:51 PM",1,"Many of North Carolina’s large flying squirrels can glow pink under ultraviolet light, say biologists. NC Candid Critters/VMNH Paleontology Lab",NA
14,theobserver,https://www.charlotteobserver.com/news/state/north-carolina/article225923200.html,"February 07, 2019 01:03 PM",1,Courtnay Danielle Lawrence is wanted by Wilmington Police.,Wilmington Police Department
15,theobserver,https://www.charlotteobserver.com/news/politics-government/article225919740.html#storylink=rss,"February 07, 2019 12:16 PM",1,Knightdale High School resource officer Pete Smith uses a body-worn camera at the school. He uses the camera if there is a fight or if he needs to interview students.,MECHELLE HANKERSON mhankerson@newsobserver.com
16,theobserver,https://www.charlotteobserver.com/news/politics-government/article225632570.html#storylink=rss,"February 07, 2019 11:54 AM",1,"Beth Hardy, a teacher at South Smithfield Elementary School, tests Darius Eason on his reading skills in this 2013 file photo. Hardy has a master’s degree.",pseligson@newsobserver.com
17,theobserver,https://www.charlotteobserver.com/news/politics-government/article225547645.html,"February 07, 2019 01:14 PM",3,"Vivian Carr, left, and her son Justin Carr. Carr was fatally shot during a protest in uptown Charlotte.",Observer File Photo
17,theobserver,,,3,"Rayquan Borum, the man accused of fatally shooting Justin Carr, a bystander, goes on trial Monday charged with the murder of Justin Carr during the violent protests that hit Charlotte in September 2016. Borum is shown during an earlier court hearing where he pleaded not guilty to the charge.",John D. Simmons   jsimmons@charlotteobserver.com
17,theobserver,,,3,"Rayquan Borum, the man accused of fatally shooting Justin Carr, a bystander, goes on trial Monday charged with the murder of Justin Carr during the violent protests that hit Charlotte in September 2016. Borum is shown during an earlier court hearing where he pleaded not guilty to the charge.",John D. Simmons jsimmons@charlotteobserver.com
18,theobserver,https://www.charlotteobserver.com/news/local/article225914440.html#storylink=rss,"February 07, 2019 01:01 PM",0,NA,NA
19,theobserver,https://www.charlotteobserver.com/latest-news/article225623250.html,"February 06, 2019 03:55 PM",1,"Phillip Buckson is the South Carolina minister arrested at his church on criminal sexual conduct with a minor charges. 

Spartanburg County Detention Center",Spartanburg County Detention Center
20,theobserver,https://www.charlotteobserver.com/news/business/banking/article225926690.html#storylink=rss,"February 07, 2019 06:07 PM",1,"BB&T and SunTrust Banks announced they have agreed to merge, forming a new bank that will be headquartered in Charlotte.",Ronnie Glassberg The Charlotte Observer
22,theobserver,https://www.charlotteobserver.com/news/local/article225916010.html#storylink=rss,"February 07, 2019 12:40 PM",4,"The Chi Phi fraternity page in the 1979 UNC yearbook, Yackety Yack.",Yackety Yack
22,theobserver,,,4,NA,Yackety Yack
22,theobserver,,,4,"Dr. Bill Roper, left, interim UNC System president, speaks to the press on Thursday, Feb. 7, 2019 about a racist image discovered in a 1979 UNC-Chapel Hill yearbook on Wednesday evening.",Julia Wall jwall@newsobserver.com
22,theobserver,,,4,The Chi Phi fraternity house sits on the corner of S. Columbia St. and McCauley St. on the edge of UNC-Chapel Hill’s campus. An image found on the fraternity’s page in a 1979 UNC yearbook shows members posing as KKK members hanging a man in black face.,Julia Wall jwall@newsobserver.com
23,theobserver,https://www.charlotteobserver.com/news/business/article225924020.html,"February 07, 2019 03:01 PM",1,"BB&T has a significant presence in Charlotte already, including naming rights for The Charlotte Knights stadium.",Jeff Siner jsiner@charlotteobserver.com
24,theobserver,https://www.charlotteobserver.com/latest-news/article225939165.html,"February 07, 2019 05:13 PM",1,"“The president failed to address the numerous challenges we face, and he failed to take any responsibility for creating many of these problems in the first place,” says U.S. Rep David Price (D-N.C.) of Chapel Hill.",J. Scott Applewhite AP
25,theobserver,https://www.charlotteobserver.com/sports/high-school/article225917315.html,"February 07, 2019 04:22 PM",1,"Duwe Farris, 6-6 Myers Park senior basketball star, is carrying on a family legacy. His grandfather, Ray, was the quarterback of the 1950s Myers Park football team that reached the N.C. 2A state championship game under legendary coach Gus Purcell Duwe even wears his grandfather’s collegiate number as his basketball jersey number. Photographed on Tuesday, February 5, 2019.",David T. Foster III dtfoster@charlotteobserver.com
27,theobserver,https://www.charlotteobserver.com/news/business/banking/article225925585.html,"February 07, 2019 04:14 PM",1,"BB&T and SunTrust Banks announced they have agreed to merge, forming a new bank that will be headquartered in Charlotte.",Ronnie Glassberg The Charlotte Observer
28,theobserver,https://www.charlotteobserver.com/sports/nascar-auto-racing/thatsracin/article225589240.html,"February 07, 2019 12:00 PM",1,"Dale Earnhardt Jr. will have an expanded role in NBC Sports’ new weekly NASCAR lineup, a product of the company moving its NASCAR television production hub from Connecticut to Charlotte.",Mark Long AP Photo
29,theobserver,https://www.charlotteobserver.com/living/food-drink/article225406465.html,"February 07, 2019 10:33 AM",10,"Jodie Villone and Steve Whitley enjoyed their breakfast at Circle G Restaurant. The Circle G, on Rozzelles Ferry Road, is a classic meat and three restaurant has served family style food to decades of Charlotteans. We visited the eatery on Friday, Feb. 1, 2019.",John D. Simmons   jsimmons@charlotteobserver.com
29,theobserver,,,10,NA,John Simmons
29,theobserver,,,10,"The Circle G, on Rozzelles Ferry Road, is a classic meat and three restaurant has served family style food to decades of Charlotteans. We visited the eatery on Friday, Feb. 1, 2019.",John D. Simmons   jsimmons@charlotteobserver.com
29,theobserver,,,10,"The Circle G, on Rozzelles Ferry Road, is a classic meat and three restaurant has served family style food to decades of Charlotteans. We visited the eatery on Friday, Feb. 1, 2019.",John D. Simmons   jsimmons@charlotteobserver.com
29,theobserver,,,10,"Fried chicken, collard greens, mashed potatoes and corn bread are a staple at Circle G Restaurant. The Circle G, on Rozzelles Ferry Road, is a classic meat and three restaurant has served family style food to decades of Charlotteans. We visited the eatery on Friday, Feb. 1, 2019.",John D. Simmons   jsimmons@charlotteobserver.com
29,theobserver,,,10,"Fried chicken, collard greens, mashed potatoes and corn bread are a staple at Circle G Restaurant. The Circle G, on Rozzelles Ferry Road, is a classic meat and three restaurant has served family style food to decades of Charlotteans. We visited the eatery on Friday, Feb. 1, 2019.",John D. Simmons jsimmons@charlotteobserver.com
29,theobserver,,,10,"Andrea McDonald (facing) and her husband, Bernard McDonald are regulars at Circle G Restaurant. The Circle G, on Rozzelles Ferry Road, is a classic meat and three restaurant has served family style food to decades of Charlotteans. We visited the eatery on Friday, Feb. 1, 2019.",John D. Simmons jsimmons@charlotteobserver.com
29,theobserver,,,10,"Jodie Villone and Steve Whitley enjoyed their breakfast at Circle G Restaurant. The Circle G, on Rozzelles Ferry Road, is a classic meat and three restaurant has served family style food to decades of Charlotteans. We visited the eatery on Friday, Feb. 1, 2019.",John D. Simmons jsimmons@charlotteobserver.com
29,theobserver,,,10,"The Circle G, on Rozzelles Ferry Road, is a classic meat and three restaurant has served family style food to decades of Charlotteans. We visited the eatery on Friday, Feb. 1, 2019.",John D. Simmons jsimmons@charlotteobserver.com
29,theobserver,,,10,NA,John Simmons
31,theobserver,https://www.charlotteobserver.com/news/business/article225610375.html#storylink=rss,"February 07, 2019 12:51 PM",2,Cherry Treesort is a private 26 acre farm with 4 treehouses available to rent just outside of Charlotte,Trent/ Airbnb
31,theobserver,,,2,Cherry Treesort is a private 26 acre farm with 4 treehouses available to rent just outside of Charlotte,Trent/ Airbnb
32,theobserver,https://www.charlotteobserver.com/news/politics-government/article225624820.html,"February 06, 2019 06:23 PM",0,NA,NA
33,theobserver,https://www.charlotteobserver.com/news/business/banking/article224913085.html#storylink=rss,"February 06, 2019 02:42 PM",3,Wells Fargo and Bank of America buildings on the Charlotte skyline.,DIEDRA LAIRD   Staff Photographer
33,theobserver,,,3,Wells Fargo’s name is displayed on a building in uptown Charlotte.,Deon Roberts
33,theobserver,,,3,Wells Fargo and Bank of America buildings on the Charlotte skyline.,DIEDRA LAIRD Staff Photographer
35,theobserver,https://www.charlotteobserver.com/news/business/banking/article225607520.html#storylink=rss,"February 06, 2019 01:00 PM",1,"Atrium Health said Wednesday it plans to increase pay for more than 15,000 employees, primarily nurses and those in nursing support roles across the Charlotte-based hospital system. Atrium’s flagship hospital, Carolinas Medical Center, is shown here in Charlotte.",Observer file photo
36,theobserver,https://www.charlotteobserver.com/entertainment/music-news-reviews/article225546200.html,"February 07, 2019 07:30 AM",2,NA,Courtesy of Anthony Hamilton
36,theobserver,,,2,Anthony Hamilton will perform the national anthem at the 2019 NBA All-Star Game in Charlotte on Feb. 17.,Courtesy of Anthony Hamilton
38,theobserver,https://www.charlotteobserver.com/news/local/article225913220.html#storylink=rss,"February 07, 2019 10:07 AM",0,NA,NA
39,theobserver,https://www.charlotteobserver.com/news/local/article225912025.html#storylink=rss,"February 07, 2019 08:56 AM",1,NA,National Centers for Environmental Information
40,theobserver,https://www.charlotteobserver.com/news/business/banking/article225910815.html#storylink=rss,"February 07, 2019 06:51 AM",5,"BB&T has a significant presence in Charlotte already, including naming rights for The Charlotte Knights stadium.",Jeff Siner   jsiner@charlotteobserver.com
40,theobserver,,,5,"BB&T and SunTrust Banks announced they have agreed to merge, forming a new bank that will be headquartered in Charlotte.",Ronnie Glassberg   The Charlotte Observer
40,theobserver,,,5,BB&T Bank CEO Kelly King,Observer file photo
40,theobserver,,,5,"BB&T and SunTrust Banks announced they have agreed to merge, forming a new bank that will be headquartered in Charlotte.",Ronnie Glassberg The Charlotte Observer
40,theobserver,,,5,SunTrust Banks CEO Bill Rogers,Observer file photo
41,theobserver,https://www.charlotteobserver.com/entertainment/arts-culture/article225310530.html#storylink=rss,"January 31, 2019 10:48 AM",1,"Destiny Stone, Krystal Gardner, Arlethia Friday and Erica Truesdale in “Nina Simone: Four Women.” 

Ryan Sumner
Fenix Fotography",Ryan Sumner Fenix Fotography
42,theobserver,https://www.charlotteobserver.com/entertainment/arts-culture/article225178630.html#storylink=rss,"February 06, 2019 12:17 PM",4,"“The Interpreter.” 

Courtesy Charlotte Jewish Film Festival",Courtesy Charlotte Jewish Film Festival
42,theobserver,,,4,“The Other Story.”,Courtesy Charlotte Jewish Film Festival
42,theobserver,,,4,“The Twinning Reaction.”,Courtesy Charlotte Jewish Film Festival
42,theobserver,,,4,“Working Woman.”,Courtesy Charlotte Jewish Film Festival
43,theobserver,https://www.charlotteobserver.com/sports/nascar-auto-racing/thatsracin/article225536645.html#storylink=rss,"February 05, 2019 07:35 PM",1,"Austin Dillon, center, celebrates on his car with crew members in Victory Lane after winning the NASCAR Daytona 500 auto race at Daytona International Speedway, Sunday, Feb. 18, 2018, in Daytona Beach, Fla. (AP Photo/John Raoux) 

John Raoux
AP",John Raoux AP
44,theobserver,https://www.charlotteobserver.com/news/politics-government/article225543520.html#storylink=rss,"February 05, 2019 09:53 PM",3,"State Reps. Larry Pittman and Michael Speciale are greeted during a reception at the United Daughters of the Confederacy house in downtown Raleigh on Tuesday night, Feb. 5, 2019. The reception sponsored by the North Carolina Division Sons of Confederate Veterans and the protest come during the ongoing debate over Confederate monuments on public property.",TRAVIS LONG   tlong@newsobserver.com
44,theobserver,,,3,"A protester walks past a man standing guard outside a reception at the United Daughters of the Confederacy house in downtown Raleigh on Tuesday night, Feb. 5, 2019. The reception sponsored by the North Carolina Division Sons of Confederate Veterans and the protest come during the ongoing debate over Confederate monuments on public property.",TRAVIS LONG tlong@newsobserver.com
44,theobserver,,,3,"State Rep. Michael Speciale is heckled by a protester while being escorted across the street following a reception at the United Daughters of the Confederacy house in downtown Raleigh on Tuesday night, Feb. 5, 2019. The reception sponsored by the North Carolina Division Sons of Confederate Veterans and the protest come during the ongoing debate over Confederate monuments on public property.",TRAVIS LONG tlong@newsobserver.com
45,theobserver,https://www.charlotteobserver.com/entertainment/arts-culture/article225080510.html#storylink=rss,"January 26, 2019 10:27 AM",1,"Dancers Elisabeth Baehman, Elizabeth Truell, Shaina Wire and Chelsea Dumas in Peter Chu’s “Let Be,” in Charlotte Ballet’s Innovative Works, “Shakespeare Reinvented.” 

Christopher Record for Charlotte Ballet",Christopher Record for Charlotte Ballet
46,theobserver,https://www.charlotteobserver.com/entertainment/arts-culture/article225278865.html#storylink=rss,"January 30, 2019 10:49 AM",4,"Brooches like Little Edie’s weren’t available for what Matthews Playhouse’s June Bayless calls “a reasonable price” – so, she said, John Bayless just made several himself (via sculpting and molds). 

Cassie Prodan",Cassie Prodan
46,theobserver,,,4,"He carved out the beds’ headboards to match the Beales’, and enlisted the help of scenic painter Tracy Price to echo their flower embellishments.",Cassie Prodan
46,theobserver,,,4,Bayless wanted – and procured – a duplicate of the exact poster on one falling-apart Grey Gardens wall.,Cassie Prodan for Matthews Playhouse
46,theobserver,,,4,John Bayless,NA
47,theobserver,https://www.charlotteobserver.com/entertainment/arts-culture/article225498200.html#storylink=rss,"February 05, 2019 04:46 PM",3,"Judy and Henry Goldman. Says the memoirist: “I thought of us as being between something awful that had happened and something awful getting ready to happen.” 

Laurie Smithwick",Laurie Smithwick
47,theobserver,,,3,NA,NA
47,theobserver,,,3,NA,NA
48,theobserver,https://www.charlotteobserver.com/sports/nascar-auto-racing/thatsracin/article225633315.html#storylink=rss,"February 06, 2019 07:23 PM",1,"In 1998, Dale Earnhardt Jr. and Dale Earnhardt Sr., sit on the back of a transporter discussing Earnhardt Jr.’s preparation for Carquest 300 Grand National qualifications.",JEFF SINER
50,theobserver,https://www.charlotteobserver.com/news/politics-government/article225363320.html#storylink=rss,"February 04, 2019 05:54 PM",0,NA,NA
51,theobserver,https://www.charlotteobserver.com/sports/nba/charlotte-hornets/article225492160.html#storylink=rss,"February 06, 2019 11:01 PM",1,"Dallas Mavericks guard Jalen Brunson, left, defends Charlotte Hornets guard Kemba Walker in the first half of Wednesday’s NBA game in Dallas. Walker scored 30 points, but the Hornets lost 99-93.",Tony Gutierrez   AP
52,theobserver,https://www.charlotteobserver.com/entertainment/arts-culture/article225319155.html#storylink=rss,"January 30, 2019 08:12 PM",7,"Keep your head, as “Bug Lab” heads over to Discovery Place in December. 

Kate Whitley
Courtesy of Discovery Place",Kate Whitley Courtesy of Discovery Place
52,theobserver,,,7,Destiny Stone as Nina Simone in Actor’s Theatre’s “Nina Simone: Four Women.”,Ryan Sumner/ Fenix Fotography
52,theobserver,,,7,“Walking Mad” returns to Charlotte Ballet.,Jeff Cravotta   Jeff Cravotta
52,theobserver,,,7,Photo: Jeremy Daniel,Jeremy Daniel
52,theobserver,,,7,Destiny Stone as Nina Simone in Actor’s Theatre’s “Nina Simone: Four Women.”,Ryan Sumner/ Fenix Fotography
52,theobserver,,,7,“Walking Mad” returns to Charlotte Ballet.,Jeff Cravotta Jeff Cravotta
52,theobserver,,,7,Photo: Jeremy Daniel,Jeremy Daniel
53,theobserver,https://www.charlotteobserver.com/entertainment/arts-culture/article223687490.html#storylink=rss,"January 16, 2019 07:37 AM",10,"Sculptor Ed Hamilton in his studio, with an array of his ideas for the Chambers piece: “I’m thinking outside the box.” 

Courtesy of Ed Hamilton",Courtesy of Ed Hamilton
53,theobserver,,,10,A collage of sculptor Ed Hamilton’s early ideas for the Julius Chambers statue he is creating.,Courtesy of Ed Hamilton
53,theobserver,,,10,Sculptor Ed Hamilton ponders where his statue of Julius Chambers might reside.,Elizabeth Leland
53,theobserver,,,10,Ed Hamilton listens to Tony Zeiss as the two scout locations for the upcoming Julius Chambers statue on the Trail of History.,Elizabeth Leland
53,theobserver,,,10,A closer look at Ed Hamilton’s “Spirit of Freedom.”,Ed Hamilton
53,theobserver,,,10,“York” (2003) in Louisville honors a man enslaved by William Clark – of the Lewis and Clark Expedition – who is believed to have been key to the expedition’s success.,Ed Hamilton
53,theobserver,,,10,"“Love this head shot of Julius Chambers,” writes sculptor Ed Hamilton of this family photo, courtesy of daughter Judy Chambers, given to him for his research.",Courtesy of Judy Chambers
53,theobserver,,,10,Tony Zeiss showed sculptor Ed Hamilton around the Trail of History and the two scouted possible locations for the Julius Chambers statue.,Elizabeth Leland
53,theobserver,,,10,"Sculptor Ed Hamilton in his studio, with one of an array of his ideas for the Chambers piece: “I’m thinking outside the box.... Do I do him this way? Do I do him that way? I’m just playing around.”",Courtesy of Ed Hamilton
53,theobserver,,,10,A collage of sculptor Ed Hamilton’s early ideas for the Julius Chambers statue he is creating.,Courtesy of Ed Hamilton
54,theobserver,https://www.charlotteobserver.com/latest-news/article225639020.html#storylink=rss,"February 06, 2019 09:22 PM",2,"Justin Coe, a suspect who taunted police after crimes was arrested. 

Anderson County Sheriff's Office",Anderson County Sheriff's Office
54,theobserver,,,2,NA,Facebook screen grab
55,theobserver,https://www.charlotteobserver.com/sports/nfl/carolina-panthers/article225599205.html#storylink=rss,"February 06, 2019 12:24 PM",1,Could Carolina Panthers owner David Tepper (left) add a roof to Bank of America Stadium? Well ...,David T. Foster III dtfoster@charlotteobserver.com
56,theobserver,https://www.charlotteobserver.com/sports/high-school/article225596635.html#storylink=rss,"February 06, 2019 10:02 AM",3,Some of Charlotte Christian’s signees on National Signing Day,Charlotte Christian School Special to the Observer
56,theobserver,,,3,"Charlotte Catholic’s National Signing Day signees: left to right: Kevin Coss, Drew DellaMea, Luke Gagnon, Christopher Walton, Thomas Pozzo and Michael Neel",Charlotte Catholic School Special to the Observer
56,theobserver,,,3,"Lenoir Hibriten’s Skylin Thomas (center) signs with Western Carolina. Left to Right and Front to Back are: Ledra Thomas (mother), Skylin Thomas, Monty Thomas (father), Derek Reeves, AD Offensive Coordinator, Sam Mackey Defensive Coordinator, Clay Lewis Head Coach, George Christas DB Coach, Jimmy Watkins RB coach","(father), Derek Reeves, AD Offensive Coordinator, Sam Mackey Defensive Coordinator, Clay Lewis Head Coach, George Christas DB Coach, Jimmy Watkins RB coach"
57,theobserver,https://www.charlotteobserver.com/sports/high-school/article225557025.html#storylink=rss,"February 05, 2019 06:12 PM",1,Covenant Day senior Wisdom Asaboro is a Nigerian-born student who has attracted nearly 20 Division I college scholarship offers and will be his school’s first Division I recruit.,Langston Wertz Jr. lwertz@charlotteobserver.com
58,theobserver,https://www.charlotteobserver.com/sports/college/article225597105.html#storylink=rss,"February 06, 2019 03:40 PM",1,"Before heading off to play football at Tennessee, Marquill Osborne, left, was a standout at Hough High School. He will play next season for the Charlotte 49ers. 

Diedra Laird
dlaird@charlotteobserver.com",Diedra Laird dlaird@charlotteobserver.com
59,theobserver,https://www.charlotteobserver.com/news/business/banking/article224913085.html,"February 06, 2019 02:42 PM",3,Wells Fargo and Bank of America buildings on the Charlotte skyline.,DIEDRA LAIRD   Staff Photographer
59,theobserver,,,3,Wells Fargo’s name is displayed on a building in uptown Charlotte.,Deon Roberts
59,theobserver,,,3,Wells Fargo and Bank of America buildings on the Charlotte skyline.,DIEDRA LAIRD Staff Photographer
61,theobserver,https://www.charlotteobserver.com/news/politics-government/article225629385.html,"February 06, 2019 05:16 PM",1,LaWana Mayfield,Robert Lahser Observer Archive photo
62,theobserver,https://www.charlotteobserver.com/news/local/article225603035.html,"February 06, 2019 01:31 PM",0,NA,NA
63,theobserver,https://www.charlotteobserver.com/latest-news/article225554780.html,"February 05, 2019 01:43 PM",0,NA,NA
64,theobserver,https://www.charlotteobserver.com/sports/college/article225401980.html,"February 05, 2019 03:58 PM",3,Charlotte 49ers football coach Will Healy says he is excited about the wealth of talent at Charlotte-area high schools. National signing day for college football is Wednesday.,David T. Foster III   dtfoster@charlotteobserver.com
64,theobserver,,,3,"New Charlotte 49ers football coach Will Healy, center, is joined by athletics director Mike Hill, left, and Chancellor Phil Dubois during Healy’s introductory news conference in early December.",David T. Foster III   dtfoster@charlotteobserver.com
64,theobserver,,,3,New Charlotte football coach Will Healy addresses fans at a recent 49ers basketball game at Halton Arena.,Benjamin Robson
65,theobserver,https://www.charlotteobserver.com/news/local/article225402055.html,"February 04, 2019 03:00 PM",1,"Laura Clark has been named the new president and CEO of United Way of Central Carolinas, the organization announced Wednesday.",United Way of Central Carolinas
66,theobserver,https://www.charlotteobserver.com/news/local/article225295175.html,"February 05, 2019 08:06 AM",8,"Leslie Williams, a school bus driver for Charlotte-Mecklenburg Schools, lives in a Habitat house in Seversville in the Johnson C. Smith University area. Her tax value jumped a 188 percent increase from its 2011 value. “Over time, this neighborhood has gotten better, and I’m glad for that,” she said. “I just hate the fact that it’s gotten better but now I can’t afford to live in it.”",Diedra Laird   dlaird@charlotteobserver.com
66,theobserver,,,8,A sample revaluation notice,Mecklenburg County
66,theobserver,,,8,"Picture of a house at the sink window in Leslie Williams’ kitchen. Her house is now valued at $237,500, a 188 percent increase from its 2011 value.",Diedra Laird   dlaird@charlotteobserver.com
66,theobserver,,,8,NA,Courtesy of Colette Forrest
66,theobserver,,,8,"Several of the 15 properties still owned by the Cherry Community Organization. These are on Main Street, and reflect the original style of the duplex houses, many more than eight decades old, in the neighborhood.",Ely Portillo
66,theobserver,,,8,"Leslie Williams is a school bus driver for CMS and works a second job just to make ends meet, and lives in a Habitat house in Seversville in the Johnson C. Smith University area. Her property value is through the roof compared to the last revaluation. SheÕs very worried about paying her property taxes.",Diedra Laird dlaird@charlotteobserver.com
66,theobserver,,,8,"Leslie Williams is a school bus driver for CMS and works a second job just to make ends meet, and lives in a Habitat house in Seversville in the Johnson C. Smith University area. Her property value is through the roof compared to the last revaluation. SheÕs very worried about paying her property taxes.",Diedra Laird dlaird@charlotteobserver.com
66,theobserver,,,8,Picture of a house at the sink window in Leslie Williams’ kitchen.,Diedra Laird dlaird@charlotteobserver.com
68,theobserver,https://www.charlotteobserver.com/news/politics-government/article225552795.html,"February 05, 2019 01:59 PM",1,LaWana Mayfield,Robert Lahser Observer Archive photo
69,theobserver,https://www.charlotteobserver.com/news/local/education/article225237895.html,"February 05, 2019 01:19 PM",6,"Taishon Marable, 13, dumps uneaten food into a bucket before it gets weighed during a food waste audit at Whitewater Middle School.",John D. Simmons   jsimmons@charlotteobserver.com
69,theobserver,,,6,"Destiny Davis, 14, stacks polystyrene trays during a food waste audit at Whitewater Middle School.",John D. Simmons   jsimmons@charlotteobserver.com
69,theobserver,,,6,Lockers outside the English language arts classes at Whitewater Middle School display questions related to the food waste project.,Ann Doss Helms   ahelms@charlotteobserver.com
69,theobserver,,,6,"Taishon Marable, 13, dumps uneaten food into a bucket before it gets weighed during a food waste audit at Whitewater Middle School.",John D. Simmons jsimmons@charlotteobserver.com
69,theobserver,,,6,"Destiny Davis, 14, stacks polystyrene trays during a food waste audit at Whitewater Middle School.",John D. Simmons jsimmons@charlotteobserver.com
69,theobserver,,,6,NA,Ann Doss Helms ahelms@charlotteobserver.com
70,theobserver,https://www.charlotteobserver.com/news/local/article225295175.html,"February 05, 2019 08:06 AM",8,"Leslie Williams, a school bus driver for Charlotte-Mecklenburg Schools, lives in a Habitat house in Seversville in the Johnson C. Smith University area. Her tax value jumped a 188 percent increase from its 2011 value. “Over time, this neighborhood has gotten better, and I’m glad for that,” she said. “I just hate the fact that it’s gotten better but now I can’t afford to live in it.”",Diedra Laird   dlaird@charlotteobserver.com
70,theobserver,,,8,A sample revaluation notice,Mecklenburg County
70,theobserver,,,8,"Picture of a house at the sink window in Leslie Williams’ kitchen. Her house is now valued at $237,500, a 188 percent increase from its 2011 value.",Diedra Laird   dlaird@charlotteobserver.com
70,theobserver,,,8,NA,Courtesy of Colette Forrest
70,theobserver,,,8,"Several of the 15 properties still owned by the Cherry Community Organization. These are on Main Street, and reflect the original style of the duplex houses, many more than eight decades old, in the neighborhood.",Ely Portillo
70,theobserver,,,8,"Leslie Williams is a school bus driver for CMS and works a second job just to make ends meet, and lives in a Habitat house in Seversville in the Johnson C. Smith University area. Her property value is through the roof compared to the last revaluation. SheÕs very worried about paying her property taxes.",Diedra Laird dlaird@charlotteobserver.com
70,theobserver,,,8,"Leslie Williams is a school bus driver for CMS and works a second job just to make ends meet, and lives in a Habitat house in Seversville in the Johnson C. Smith University area. Her property value is through the roof compared to the last revaluation. SheÕs very worried about paying her property taxes.",Diedra Laird dlaird@charlotteobserver.com
70,theobserver,,,8,Picture of a house at the sink window in Leslie Williams’ kitchen.,Diedra Laird dlaird@charlotteobserver.com
73,theobserver,https://www.charlotteobserver.com/news/politics-government/article225498865.html,"February 04, 2019 12:17 PM",0,NA,NA
74,theobserver,https://www.charlotteobserver.com/sports/nfl/carolina-panthers/article225341660.html,"February 04, 2019 07:00 AM",3,"Former Charlotte 49er Nate Davis hopes to take his talents as an offensive lineman to the NFL this spring. 

Butch Dill
AP",Butch Dill AP
74,theobserver,,,3,NA,NA
74,theobserver,,,3,"Offensive guard Nate Davis (64), who played on the right side at Charlotte, switched to left guard for the Senior Bowl. That’s not as easy as it sounds.",Butch Dill   AP
75,theobserver,https://www.charlotteobserver.com/news/local/article225492095.html,"February 04, 2019 10:01 AM",2,What’s left of the shrimp trawler Big John sits in the surf early Monday off Cape Point. National Park Service photo,NA
75,theobserver,,,2,NA,NA
76,theobserver,https://www.charlotteobserver.com/opinion/editorials/article225273950.html,"February 03, 2019 10:47 PM",2,Charlotte City Council member LaWana Mayfield has been under fire for social media posts that criticized police and questioned 9/11.,Robert Lahser - file photo
76,theobserver,,,2,NA,NA
77,theobserver,https://www.charlotteobserver.com/opinion/editorials/article225273950.html,"February 03, 2019 10:47 PM",2,Charlotte City Council member LaWana Mayfield has been under fire for social media posts that criticized police and questioned 9/11.,Robert Lahser - file photo
77,theobserver,,,2,NA,NA
79,theobserver,https://www.charlotteobserver.com/sports/high-school/article225425945.html,"February 01, 2019 05:49 PM",1,"Providence High female wrestling star Nikoly dos Santos recently won the SoMeck conference tournament, wrestling against boys. She’ll compete in the first NCHSAA state girls tournament Saturday as a No. 1 seed 

Rusty Transou
Special to the Observer",Rusty Transou Special to the Observer
81,theobserver,https://www.charlotteobserver.com/sports/nascar-auto-racing/thatsracin/article224902200.html,"February 03, 2019 07:00 AM",5,"Jimmie Johnson, right, and longtime crew chief Chad Knaus split up after the 2018 season for the first time in Johnson’s lengthy NASCAR career. 

Steve Helber
AP",Steve Helber AP
81,theobserver,,,5,"NASCAR driver Jimmie Johnson, left, slides sideways next to driver Martin Truex Jr., right, in the final turn of the Bank of America ROVALL 400 race at Charlotte Motor Speedway in Concord, NC on Sunday, September 30, 2018. Johnson would cause Truex Jr., who was the leader to wreck as well allowing driver Ryan Blaney to take the checkered flag for the win.",Jeff Siner   jsiner@charlotteobserver.com
81,theobserver,,,5,"Chase Elliott won the first three NASCAR Cup Series races of his career during the 2018 season, setting him up to compete for a championship in 2019.",Colin E. Braley   AP
81,theobserver,,,5,"NASCAR driver Jimmie Johnson, left, slides sideways next to driver Martin Truex Jr., right, in the final turn of the Bank of America ROVALL 400 race at Charlotte Motor Speedway in Concord, NC on Sunday, September 30, 2018. Johnson would cause Truex Jr., who was the leader to wreck as well allowing driver Ryan Blaney to take the checkered flag for the win.",Jeff Siner jsiner@charlotteobserver.com
81,theobserver,,,5,"Chase Elliott won the first three NASCAR Cup Series races of his career during the 2018 season, setting him up to compete for a championship in 2019.",Colin E. Braley AP
82,theobserver,https://www.charlotteobserver.com/entertainment/tv/article225401990.html,"February 01, 2019 04:30 PM",2,"John Hoogenakker, left, with John Krasinski in a production still for Amazon’s “Tom Clancy’s Jack Ryan,” which was recently renewed for a second season. Hoogenakker plays an operator with the CIA’s Special Activities Division.",Philippe Bosse
82,theobserver,,,2,"John Hoogenakker was tapped to be Bud Light’s ‘Dilly Dilly’ King in 2017, and since has starred in more than a dozen ads featuring the character.",Courtesy of John Hoogenakker
83,theobserver,https://www.charlotteobserver.com/sports/nascar-auto-racing/thatsracin/article225321285.html,"February 01, 2019 07:00 AM",11,Gordon (center) celebrates in Victory Lane after winning the 1998 Brickyard 400 Race at Indianapolis Motor Speedway.,PATRICK SCHNEIDER
83,theobserver,,,11,NASCAR driver Jeff Gordon (far left) in a group shot at the Buck Baker Driving School at North Carolina Motor Speedway in 1990.,(far left) in a group shot at the Buck Baker Driving School at North Carolina Motor Speedway in 1990.
83,theobserver,,,11,"Dale Earnhardt Sr. (left) and Gordon formed a fierce rivalry during the 1990’s, before Earnhardt’s tragic death in 2001.",PETER COSGROVE   Associated Press
83,theobserver,,,11,"Gordon won his first Cup championship in 1995 at the age of 24, making him the youngest series winner in history.",MARK B SLUDER   KRT
83,theobserver,,,11,"Gordon’s 93rd and final NASCAR Cup Series win, at Martinsville Speedway in November 2015.",Steve Helber   AP
83,theobserver,,,11,Gordon celebrating his third Cup Series championship in 1998 after winning the ACDelco 400 at Rockingham Speedway.,JEFF SINER
83,theobserver,,,11,"Gordon and his longtime crew chief Ray Evernham (right) won three championships together at Hendrick Motorsports in 1995, 1997, and 1998.",Jeff Siner   jsiner@charlotteobserver.com
83,theobserver,,,11,"Gordon (right) earned Hendrick Motorsports owner Rick Hendrick (left) his first Cup Series championship in 1995, and the two are now business partners at the team.",Jeff Siner   jsiner@charlotteobserver.com
83,theobserver,,,11,The first of Gordon’s 93 Cup Series wins came in the 1994 Coca-Cola 600 at Charlotte Motor Speedway.,CHRISTOPHER RECORD
83,theobserver,,,11,"Gordon (24) has two children, Leo (left) and Ella Sofia (right), with his longtime wife Ingrid Vandebosch.",Jeff Siner   jsiner@charlotteobserver.com
84,theobserver,https://www.charlotteobserver.com/sports/nascar-auto-racing/thatsracin/article225437295.html,"February 01, 2019 10:26 PM",1,"Former NASCAR driver Jeff Gordon, right, smiles for photographers with his wife, Ingrid Vandebosch, left, and children, Leo and Ella Sofia at the NASCAR Hall of Fame Class of 2019 induction on Friday. Gordon headlined a magical class.",Jeff Siner jsiner@charlotteobserver.com
86,theobserver,https://www.charlotteobserver.com/sports/nfl/carolina-panthers/article225355755.html,"February 01, 2019 12:39 PM",7,"The coaches at Tarboro used to make Todd Gurley practice his autograph, knowing one day he’d need to know how to sign one.",NA
86,theobserver,,,7,"This photo of Tarboro alum Todd Gurley and his head coach, Jeff Craddock, hangs in Craddock’s office at Tarboro high school.",Courtesy Tarboro Athletics/Jourdan Rodrigue
86,theobserver,,,7,"From left to right, Tarboro football coaches Darryl Glass, Jamie Williams, Andrew Harding and Ricky Babb share their favorite memories of former Vikings running back Todd Gurley.",Jourdan Rodrigue/Charlotte Observer
86,theobserver,,,7,"Georgia running back and Heisman Trophy candidate Todd Gurley was a star player at Tarboro High School in Tarboro, N.C., leading them to the 2011 state championship. Gurley grew up in this neighborhood off of Lone Pine Road just outside of Princeville, N.C.",Robert Willett   rwillett@newsobserver.com
86,theobserver,,,7,"Los Angeles Rams running back Todd Gurley (30) talks during the final Los Angeles Rams media interviews before the Super Bowl on Jan. 31, 2019 in Atlanta, Ga. (Bob Andres/Atlanta Journal-Constitution/TNS)",Bob Andres TNS
86,theobserver,,,7,"Los Angeles Rams running back Todd Gurley, right, and wide receiver Brandin Cooks celebrate after their win in an NFL divisional football playoff game against the Dallas Cowboys Saturday, Jan. 12, 2019, in Los Angeles. (AP Photo/Marcio Jose Sanchez)",Marcio Jose Sanchez AP
86,theobserver,,,7,"Los Angeles Rams running back Todd Gurley runs against the Dallas Cowboys during the first half in an NFL divisional football playoff game Saturday, Jan. 12, 2019, in Los Angeles. (AP Photo/Mark J. Terrill)",Mark J. Terrill AP
87,theobserver,https://www.charlotteobserver.com/latest-news/article225007690.html,"February 01, 2019 04:48 PM",7,"Drew Browne, who had been missing since May 2014.",Courtesy of John Browne
87,theobserver,,,7,"Martha Browne, right, poses with David Marshburn and Marsha Ward, private investigators, January 25, 2019, The three are standing near the site by Martin Middle School in Raleigh where Marshburn and Ward found Martha’s son Drew’s body more than four years after he went missing.",Ethan Hyman   ehyman@newsobserver.com
87,theobserver,,,7,"Bandanas are tied to a tree January 25, 2019, near where Drew Browne’s body was found as a memorial for him. Browne’s body was found near Martin Middle School in Raleigh, N.C., more than 4 1/2 years after he ran off into the woods behind his parent’s home in May 2014.",Ethan Hyman   ehyman@newsobserver.com
87,theobserver,,,7,"Martha Browne, right, poses with David Marshburn and Marsha Ward, private investigators, January 25, 2019, The three are standing near the site by Martin Middle School in Raleigh where Marshburn and Ward found Martha’s son Drew’s body more than four years after he went missing.",Ethan Hyman ehyman@newsobserver.com
87,theobserver,,,7,"Bandanas are tied to a tree January 25, 2019, near where Drew Browne’s body was found as a memorial for him. Browne’s body was found near Martin Middle School in Raleigh, N.C., more than 4 1/2 years after he ran off into the woods behind his parent’s home in May 2014.",Ethan Hyman ehyman@newsobserver.com
87,theobserver,,,7,Drew Browne in an undated file photo,Courtesy of Browne family
87,theobserver,,,7,"Drew Browne, who had been missing since May 2014.",Courtesy of John Browne
88,theobserver,https://www.charlotteobserver.com/sports/nba/charlotte-hornets/article225085915.html,"February 02, 2019 11:49 PM",1,Point guard Kemba Walker scored 15 of his game-high 37 points in the fourth quarter on Saturday in the Charlotte Hornets’ 125-118 home victory against the Chicago Bulls at Spectrum Center.,Jason E. Miczek   AP
89,theobserver,https://www.charlotteobserver.com/news/state/north-carolina/article225446225.html,"February 02, 2019 11:31 AM",10,"First Look: Photojournalist Ethan Hyman’s raw edit from the 15th annual Krispy Kreme Challenge in Raleigh Saturday, Feb. 2, 2019.",Ethan Hyman ehyman@newsobserver.com
89,theobserver,,,10,NA,NA
89,theobserver,,,10,NA,NA
89,theobserver,,,10,NA,NA
89,theobserver,,,10,NA,NA
89,theobserver,,,10,NA,NA
89,theobserver,,,10,NA,NA
89,theobserver,,,10,NA,NA
89,theobserver,,,10,NA,NA
89,theobserver,,,10,NA,NA
90,theobserver,https://www.charlotteobserver.com/sports/article224769855.html,"February 02, 2019 04:02 PM",10,"North Carolina’s Cameron Johnson (13) launches a three-point shot over Louisville’s Dwayne Sutton (24) during the first half on Saturday, February 2, 2019 at the KFC Yum! Center in Louisville, Ky. Johnson had 19 points in the Tar Heels’ victory.",Robert Willett   rwillett@newsobserver.com
90,theobserver,,,10,"North Carolina’s Luke Maye (32) and Kenny Williams (24) go after an offensive rebound over Christen Cunningham (1) during the second half on Saturday, February 2, 2019 at the KFC Yum! Center in Louisville, Ky.",Robert Willett   rwillett@newsobserver.com
90,theobserver,,,10,"North Carolina’s Leaky Black, out with a sprained ankle and Sterling Manley, out with a knee injury, joke around on the bench during the closing minutes of the Tar Heels’ game against Louisville on Saturday, February 2, 2019 at the KFC Yum! Center in Louisville, Ky.",Robert Willett   rwillett@newsobserver.com
90,theobserver,,,10,"North Carolina’s Kenny Williams (24) drives to the basket against Louisville’s Darius Perry (2) during the first half on Saturday, February 2, 2019 at the KFC Yum! Center in Louisville, Ky. Williams had 10 points and in the Tar Heels’ victory over Louisville.",Robert Willett   rwillett@newsobserver.com
90,theobserver,,,10,"North Carolina's Cameron Johnson (13) and Luke Maye (32) go after a loose ball with Louisville's Malik Williams (5) during the second half against Louisville on Saturday, February 2, 2019 at the KFC Yum! Center in Louisville, Ky.",Robert Willett rwillett@newsobserver.com
90,theobserver,,,10,"North Carolina's Leaky Black, out with a sprained ankle, stands with his teammates for the National Anthem prior to their game against Louisville on Saturday, February 2, 2019 at the KFC Yum! Center in Louisville, Ky.",Robert Willett rwillett@newsobserver.com
90,theobserver,,,10,"North Carolina's Garrison Brooks (15) puts up a shot over Louisville's Jordan Nwora (33) during the first half on Saturday, February 2, 2019 at the KFC Yum! Center in Louisville, Ky. Brooks had 12 points in the Tar Heels' victory.",Robert Willett rwillett@newsobserver.com
90,theobserver,,,10,"North Carolina's Seventh Woods (0) and Luke Maye (32) trap Louisville's Christen Cunningham (1) during the first half on Saturday, February 2, 2019 at the KFC Yum! Center in Louisville, Ky.",Robert Willett rwillett@newsobserver.com
90,theobserver,,,10,"Louisville's Christen Cunningham (1) and his teammates listen to coach Chris Mack during the first half against North Carolina on Saturday, February 2, 2019 at the KFC Yum! Center in Louisville, Ky.",Robert Willett rwillett@newsobserver.com
90,theobserver,,,10,"North Carolina's Cameron Johnson (13) launches a three-point shot over Louisville's Dwayne Sutton (24) during the first half on Saturday, February 2, 2019 at the KFC Yum! Center in Louisville, Ky. Johnson had 19 points in the Tar Heels' victory.",Robert Willett rwillett@newsobserver.com
92,theobserver,https://www.charlotteobserver.com/news/local/crime/article225408265.html,"February 01, 2019 04:39 PM",0,NA,NA
93,theobserver,https://www.charlotteobserver.com/sports/college/article225463385.html,"February 02, 2019 07:13 PM",10,"Charlotte 49ers freshman guard Malik Martin (center) is blocked out by North Texas’ DJ Draper, left, and Roosevelt Smart during Saturday’s Conference USA men’s basketball game at Halton Arena. North Texas won 73-66. 

Benjamin Robson",Benjamin Robson
93,theobserver,,,10,"Charlotte freshman guard Cooper Robb had five points, six assists and a career-high 10 rebounds in the 49ers’ 73-66 Conference USA men’s basketball loss to North Texas on Saturday at Halton Arena.",Benjamin Robson
93,theobserver,,,10,"Charlotte 49ers freshman guard Malik Martin, left, charges into North Texas’ Roosevelt Smart during Saturday’s Conference USA men’s basketball game at Halton Arena. North Texas won73-66.",Benjamin Robson
93,theobserver,,,10,"Charlotte 49ers coach Ron Sanchez talks strategy with players Malik Martin (12), Milos Supica (15) and Jon Davis (3) during Saturday’s Conference USA men’s basketball game at Halton Arena. North Texas won 73-66.",Benjamin Robson
93,theobserver,,,10,"Charlotte senior Jon Davis, defended by North Texas’ Ryan Woolridge, scored a game-high 25 points in the 49ers’ 73-66 loss to the Mean Green on Saturday at Halton Arena.",Benjamin Robson
93,theobserver,,,10,"Charlotte 49ers guard Jon Davis is closely defended by North Texas’s Michael Miller, right, in Saturday’s Conference USA men’s basketball game at Halton Arena.",Benjamin Robson
93,theobserver,,,10,"Charlotte 49ers guard Jon Davis, left, is closely defended by North Texas’ Michael Miller during Saturday’s Conference USA men’s basketball game at Halton Arena. North Texas won 73-66.",Benjamin Robson
93,theobserver,,,10,Charlotte 49ers guard Jon Davis shoots over North Texas’ DJ Draper (55) during Saturday’s Conference USA men’s basketball game at Halton Arena. North Texas won 73-66.,Benjamin Robson
93,theobserver,,,10,NA,Benjamin Robson
93,theobserver,,,10,Charlotte 49ers freshman Brandon Younger (22) is contested by North Texas’ Tope Arikawe during Saturday’s Conference USA men’s basketball game at Halton Arena. North Texas won 73-66.,Benjamin Robson
94,theobserver,https://www.charlotteobserver.com/sports/nba/charlotte-hornets/article225362320.html,"February 02, 2019 01:55 PM",1,"Fred Whitfield, Charlotte Hornets President and Vice Chairman, speaks to the assembled crowd at the Spectrum Center on Thursday, January 31, 2019, as Charlotte Mayor Vi Lyles listen, during a press conference for the upcoming NBA All-Star Weekend in Charlotte.",David T. Foster III dtfoster@charlotteobserver.com
95,theobserver,https://www.charlotteobserver.com/news/local/article225447235.html,"February 02, 2019 11:03 AM",1,"Ngongo Elongo Musafiri was charged with felony hit and run in connection with the death of a pedestrian on Central Avenue in east Charlotte on Wednesday night, Jan. 9, 2019.",Mecklenburg County jail
96,theobserver,https://www.charlotteobserver.com/article225178970.html,"January 28, 2019 01:39 PM",1,The Concealed Carry Reciprocity Act of 2017 would require any state that issues permits for carrying concealed weapons to recognize concealed-carry permits issued by other states -- even if those states have different eligibility and training requirements and less stringent restrictions on gun ownership.,Vadym Sarakhan/Dreamstime TNS
97,theobserver,https://www.charlotteobserver.com/news/local/article223223740.html,"December 31, 2018 11:20 AM",10,"On Feb. 12, 1960, 41 students from Shaw University and St. Augustine’s College were arrested on trespassing charges at Cameron Village in Raleigh after refusing a request to leave by an official with the shopping center. The students had earlier staged a sit-in at the F.W. Woolworth lunch counter at Cameron Village. George Greene, left, a Raleigh lawyer, met with some of the arrested students at the Wake County jail. The protest was among a wave of demonstrations that followed a lunch counter sit-in on Feb. 1, 1960, by four N.C. A&T State University students at Woolworth in Greensboro.",News & Observer file photo
97,theobserver,,,10,Ku Klux Klan members on a Salisbury street in 1964,"© Don Sturkey, 1964, North Carolina Collection, University of North Carolina at Chapel Hill Library."
97,theobserver,,,10,Don Sturkey photographed Dorothy Counts for The Charlotte Observer on the day she integrated Charlotte-Mecklenburg Schools in 1957. She faced insults along the way from angry white students and adults.,"© Don Sturkey, 1957, North Carolina Collection, University of North Carolina at Chapel Hill Library."
97,theobserver,,,10,A sit-in at the lunch counter at Woolworths in Raleigh in 1960.,News & Observer file photo
97,theobserver,,,10,The day Dorothy Counts integrated Charlotte-Mecklenburg Schools. She faced insults along the way from angry whites.,"© Don Sturkey, 1957, North Carolina Collection, University of North Carolina at Chapel Hill Library."
97,theobserver,,,10,Dr. Martin Luther King Jr. in a 1960 visit to Raleigh.,News & Observer file photo
97,theobserver,,,10,Ku Klux Klan members on a Salisbury street in 1964,"© Don Sturkey, 1964, North Carolina Collection, University of North Carolina at Chapel Hill Library."
97,theobserver,,,10,Paris Huntley Jr. holds up a portrait of the slain civil rights leader at the newly dedicated Martin Luther King Jr. Blvd. in uptown Charlotte in 2007.,TODD SUMLIN Staff Photographer
97,theobserver,,,10,"On Feb. 12, 1960, 41 students from Shaw University and St. Augustine’s College were arrested on trespassing charges at Cameron Village in Raleigh after refusing a request to leave by an official with the shopping center. The students had earlier staged a sit-in at the F.W. Woolworth lunch counter at Cameron Village. George Greene, left, a Raleigh lawyer, met with some of the arrested students at the Wake County jail. The protest was among a wave of demonstrations that followed a lunch counter sit-in on Feb. 1, 1960, by four N.C. A&T State University students at Woolworth in Greensboro.",News & Observer file photo
97,theobserver,,,10,"Civil rights marchers walk down Fayetteville Street, near the Capitol, April 21, 1969.",NA
98,theobserver,https://www.charlotteobserver.com/news/local/article223223740.html,"December 31, 2018 11:20 AM",10,"On Feb. 12, 1960, 41 students from Shaw University and St. Augustine’s College were arrested on trespassing charges at Cameron Village in Raleigh after refusing a request to leave by an official with the shopping center. The students had earlier staged a sit-in at the F.W. Woolworth lunch counter at Cameron Village. George Greene, left, a Raleigh lawyer, met with some of the arrested students at the Wake County jail. The protest was among a wave of demonstrations that followed a lunch counter sit-in on Feb. 1, 1960, by four N.C. A&T State University students at Woolworth in Greensboro.",News & Observer file photo
98,theobserver,,,10,Ku Klux Klan members on a Salisbury street in 1964,"© Don Sturkey, 1964, North Carolina Collection, University of North Carolina at Chapel Hill Library."
98,theobserver,,,10,Don Sturkey photographed Dorothy Counts for The Charlotte Observer on the day she integrated Charlotte-Mecklenburg Schools in 1957. She faced insults along the way from angry white students and adults.,"© Don Sturkey, 1957, North Carolina Collection, University of North Carolina at Chapel Hill Library."
98,theobserver,,,10,A sit-in at the lunch counter at Woolworths in Raleigh in 1960.,News & Observer file photo
98,theobserver,,,10,The day Dorothy Counts integrated Charlotte-Mecklenburg Schools. She faced insults along the way from angry whites.,"© Don Sturkey, 1957, North Carolina Collection, University of North Carolina at Chapel Hill Library."
98,theobserver,,,10,Dr. Martin Luther King Jr. in a 1960 visit to Raleigh.,News & Observer file photo
98,theobserver,,,10,Ku Klux Klan members on a Salisbury street in 1964,"© Don Sturkey, 1964, North Carolina Collection, University of North Carolina at Chapel Hill Library."
98,theobserver,,,10,Paris Huntley Jr. holds up a portrait of the slain civil rights leader at the newly dedicated Martin Luther King Jr. Blvd. in uptown Charlotte in 2007.,TODD SUMLIN Staff Photographer
98,theobserver,,,10,"On Feb. 12, 1960, 41 students from Shaw University and St. Augustine’s College were arrested on trespassing charges at Cameron Village in Raleigh after refusing a request to leave by an official with the shopping center. The students had earlier staged a sit-in at the F.W. Woolworth lunch counter at Cameron Village. George Greene, left, a Raleigh lawyer, met with some of the arrested students at the Wake County jail. The protest was among a wave of demonstrations that followed a lunch counter sit-in on Feb. 1, 1960, by four N.C. A&T State University students at Woolworth in Greensboro.",News & Observer file photo
98,theobserver,,,10,"Civil rights marchers walk down Fayetteville Street, near the Capitol, April 21, 1969.",NA
99,theobserver,https://www.charlotteobserver.com/news/state/north-carolina/article225399095.html,"February 01, 2019 02:48 PM",1,Wilmington Police Department,Wilmington Police Department
100,theobserver,https://www.charlotteobserver.com/news/state/south-carolina/article225399615.html,"February 01, 2019 02:18 PM",1,"Justin Comer is charged with possession of a stolen vehicle. 

Spartanburg County Sheriff's Office",Spartanburg County Sheriff's Office
101,theobserver,https://www.charlotteobserver.com/news/local/education/article225404170.html,"February 01, 2019 02:08 PM",1,A Rocky River High student removes items from a book bag during a gun search Tuesday.,Courtesy of Charlotte-Mecklenburg Schools
102,theobserver,https://www.charlotteobserver.com/latest-news/article225394725.html,"February 01, 2019 02:02 PM",1,Screenshot from www.whitesquirrelday.com,Screenshot from www.whitesquirrelday.com
103,theobserver,https://www.charlotteobserver.com/sports/spt-columns-blogs/scott-fowler/article225405230.html,"February 01, 2019 01:56 PM",2,"Carolina Panthers defensive end Julius Peppers (90) is retiring from the NFL after 17 seasons, $165 million, 159.5 sacks and countless accolades. And we should all wish the best.",David T. Foster III   dtfoster@charlotteobserver.com
103,theobserver,,,2,"Carolina Panthers defensive end Julius Peppers (90) is retiring from the NFL after 17 seasons, $165 million, 159.5 sacks and countless accolades. And we should all wish the best.",David T. Foster III dtfoster@charlotteobserver.com
104,theobserver,https://www.charlotteobserver.com/news/business/article225306840.html,"January 31, 2019 11:00 AM",1,Charlotte Hornets guard Kemba Walker (15) was named one of five All-Star starters from the Eastern Conference Thursday night.,Brandon Dill   AP
105,theobserver,https://www.charlotteobserver.com/news/state/south-carolina/article225393715.html,"February 01, 2019 11:26 AM",1,NA,Clemson Police Department
106,theobserver,https://www.charlotteobserver.com/sports/nfl/carolina-panthers/article225355755.html,"February 01, 2019 12:39 PM",7,"The coaches at Tarboro used to make Todd Gurley practice his autograph, knowing one day he’d need to know how to sign one.",NA
106,theobserver,,,7,"This photo of Tarboro alum Todd Gurley and his head coach, Jeff Craddock, hangs in Craddock’s office at Tarboro high school.",Courtesy Tarboro Athletics/Jourdan Rodrigue
106,theobserver,,,7,"From left to right, Tarboro football coaches Darryl Glass, Jamie Williams, Andrew Harding and Ricky Babb share their favorite memories of former Vikings running back Todd Gurley.",Jourdan Rodrigue/Charlotte Observer
106,theobserver,,,7,"Georgia running back and Heisman Trophy candidate Todd Gurley was a star player at Tarboro High School in Tarboro, N.C., leading them to the 2011 state championship. Gurley grew up in this neighborhood off of Lone Pine Road just outside of Princeville, N.C.",Robert Willett   rwillett@newsobserver.com
106,theobserver,,,7,"Los Angeles Rams running back Todd Gurley (30) talks during the final Los Angeles Rams media interviews before the Super Bowl on Jan. 31, 2019 in Atlanta, Ga. (Bob Andres/Atlanta Journal-Constitution/TNS)",Bob Andres TNS
106,theobserver,,,7,"Los Angeles Rams running back Todd Gurley, right, and wide receiver Brandin Cooks celebrate after their win in an NFL divisional football playoff game against the Dallas Cowboys Saturday, Jan. 12, 2019, in Los Angeles. (AP Photo/Marcio Jose Sanchez)",Marcio Jose Sanchez AP
106,theobserver,,,7,"Los Angeles Rams running back Todd Gurley runs against the Dallas Cowboys during the first half in an NFL divisional football playoff game Saturday, Jan. 12, 2019, in Los Angeles. (AP Photo/Mark J. Terrill)",Mark J. Terrill AP
107,theobserver,https://www.charlotteobserver.com/news/business/article225306840.html,"January 31, 2019 11:00 AM",1,Charlotte Hornets guard Kemba Walker (15) was named one of five All-Star starters from the Eastern Conference Thursday night.,Brandon Dill   AP
108,theobserver,https://www.charlotteobserver.com/news/politics-government/article225323030.html,"January 31, 2019 03:21 PM",2,A sample revaluation notice,Mecklenburg County
108,theobserver,,,2,A sample revaluation notice,Mecklenburg County
109,theobserver,https://www.charlotteobserver.com/sports/nfl/carolina-panthers/article225392160.html,"February 01, 2019 08:43 AM",1,Carolina Panthers defensive end Julius Peppers announced in a Players Tribune video on Friday that he’s retiring from the NFL after 17 seasons.,Jeff Siner jsiner@charlotteobserver.com
111,theobserver,https://www.charlotteobserver.com/news/business/banking/article225401415.html,"February 01, 2019 12:38 PM",2,NA,NA
111,theobserver,,,2,NA,NA
112,theobserver,https://www.charlotteobserver.com/sports/nascar-auto-racing/thatsracin/article225321285.html,"February 01, 2019 07:00 AM",11,Gordon (center) celebrates in Victory Lane after winning the 1998 Brickyard 400 Race at Indianapolis Motor Speedway.,PATRICK SCHNEIDER
112,theobserver,,,11,NASCAR driver Jeff Gordon (far left) in a group shot at the Buck Baker Driving School at North Carolina Motor Speedway in 1990.,(far left) in a group shot at the Buck Baker Driving School at North Carolina Motor Speedway in 1990.
112,theobserver,,,11,"Dale Earnhardt Sr. (left) and Gordon formed a fierce rivalry during the 1990’s, before Earnhardt’s tragic death in 2001.",PETER COSGROVE   Associated Press
112,theobserver,,,11,"Gordon won his first Cup championship in 1995 at the age of 24, making him the youngest series winner in history.",MARK B SLUDER   KRT
112,theobserver,,,11,"Gordon’s 93rd and final NASCAR Cup Series win, at Martinsville Speedway in November 2015.",Steve Helber   AP
112,theobserver,,,11,Gordon celebrating his third Cup Series championship in 1998 after winning the ACDelco 400 at Rockingham Speedway.,JEFF SINER
112,theobserver,,,11,"Gordon and his longtime crew chief Ray Evernham (right) won three championships together at Hendrick Motorsports in 1995, 1997, and 1998.",Jeff Siner   jsiner@charlotteobserver.com
112,theobserver,,,11,"Gordon (right) earned Hendrick Motorsports owner Rick Hendrick (left) his first Cup Series championship in 1995, and the two are now business partners at the team.",Jeff Siner   jsiner@charlotteobserver.com
112,theobserver,,,11,The first of Gordon’s 93 Cup Series wins came in the 1994 Coca-Cola 600 at Charlotte Motor Speedway.,CHRISTOPHER RECORD
112,theobserver,,,11,"Gordon (24) has two children, Leo (left) and Ella Sofia (right), with his longtime wife Ingrid Vandebosch.",Jeff Siner   jsiner@charlotteobserver.com
114,theobserver,https://www.charlotteobserver.com/news/local/article225355720.html,"January 31, 2019 08:07 PM",1,Linda Keahey said she could have been thrown out of her wheelchair if the taxi stopped suddenly.,Joe Marusak   jmarusak@charlotteobserver.com
116,theobserver,https://www.charlotteobserver.com/sports/nfl/carolina-panthers/article225392160.html,"February 01, 2019 08:43 AM",1,Carolina Panthers defensive end Julius Peppers announced in a Players Tribune video on Friday that he’s retiring from the NFL after 17 seasons.,Jeff Siner jsiner@charlotteobserver.com
117,theobserver,https://www.charlotteobserver.com/news/local/article225255070.html,"January 31, 2019 06:22 PM",7,A homeless man met and asked questions at the dumpster area where he is living by volunteers Katy Harrell and Laura Covian. He is living in this dumpster area. Volunteers in small groups will headed out on the streets before dawn Thursday to count the number of homeless people in Mecklenburg County.,Diedra Laird   dlaird@charlotteobserver.com
117,theobserver,,,7,Michael Gault gets a cup of coffee from Mecklenburg County case coordinator Shamika Murray. Volunteers in small groups will headed out on the streets before dawn Thursday to count the number of homeless people in Mecklenburg County.,Diedra Laird   dlaird@charlotteobserver.com
117,theobserver,,,7,"Homeless men living in a truck receive supplies from volunteer Katy Harrell, left. Volunteers in small groups will headed out on the streets before dawn Thursday to count the number of homeless people in Mecklenburg County.",Diedra Laird   dlaird@charlotteobserver.com
117,theobserver,,,7,"Social worker Katy Harrell, left, and Sergeant Amy Stukey load up supplies for the homeless as volunteers in small groups will headed out on the streets before dawn Thursday to count the number of homeless people in Mecklenburg County.",Diedra Laird dlaird@charlotteobserver.com
117,theobserver,,,7,"Homeless men living in a truck receive supplies from volunteer Katy Harrell, left. Volunteers in small groups will headed out on the streets before dawn Thursday to count the number of homeless people in Mecklenburg County.",Diedra Laird dlaird@charlotteobserver.com
117,theobserver,,,7,A homeless man met and asked questions at the dumpster area where he is living by volunteers Katy Harrell and Laura Covian. He is living in this dumpster area. Volunteers in small groups will headed out on the streets before dawn Thursday to count the number of homeless people in Mecklenburg County.,Diedra Laird dlaird@charlotteobserver.com
117,theobserver,,,7,Michael Gault gets a cup of coffee from Mecklenburg County case coordinator Shamika Murray. Volunteers in small groups will headed out on the streets before dawn Thursday to count the number of homeless people in Mecklenburg County.,Diedra Laird dlaird@charlotteobserver.com
119,theobserver,https://www.charlotteobserver.com/news/local/article225383850.html,"January 31, 2019 09:58 PM",1,"Chadwick Boseman stars in Marvel Studios’ ”Black Panther,” which can be seen for free during the first week of February.",Matt Kennedy AP
120,theobserver,https://www.charlotteobserver.com/news/business/article225253025.html,"January 30, 2019 05:45 PM",0,NA,NA
121,theobserver,https://www.charlotteobserver.com/sports/high-school/article225357910.html,"January 31, 2019 03:45 PM",2,"West Meck coach Jarvis Davis will try to lead his team to its first outright conference championship since 1988. The Hawks play at Providence. Providence can grab a share of the SoMeck title with a win. 

Special to the Observer",Special to the Observer
121,theobserver,,,2,West Mecklenburg interim football coach Nick Mata recently finished his third year as the school’s offensive coordinator,Vernon Hunter   Special to the Observer
122,theobserver,https://www.charlotteobserver.com/news/politics-government/article225323030.html,"January 31, 2019 03:21 PM",2,A sample revaluation notice,Mecklenburg County
122,theobserver,,,2,A sample revaluation notice,Mecklenburg County
123,theobserver,https://www.charlotteobserver.com/news/politics-government/election/article225282185.html,"January 30, 2019 01:13 PM",1,"Republican Mark Harris, left, defeated Democrat Dan McCready in North Carolina’s 9th District.",Robert Lahser rlahser@charlotteobserver.com
125,theobserver,https://www.charlotteobserver.com/article224956920.html,"January 25, 2019 07:55 AM",1,"Ronna McDaniel, chair of the Republican National Committee (RNC) hugs Vi Lyles, Charlotte mayor after McDaniel announced that the Republican National Convention will be held in Charlotte from August 24-27 2020 at a press conference on Monday, October 1, 2018.",John D. Simmons jsimmons@charlotteobserver.com
127,theobserver,https://www.charlotteobserver.com/article225178970.html,"January 28, 2019 01:39 PM",1,The Concealed Carry Reciprocity Act of 2017 would require any state that issues permits for carrying concealed weapons to recognize concealed-carry permits issued by other states -- even if those states have different eligibility and training requirements and less stringent restrictions on gun ownership.,Vadym Sarakhan/Dreamstime TNS
128,theobserver,https://www.charlotteobserver.com/news/politics-government/article225336060.html,"January 31, 2019 12:39 PM",0,NA,NA
129,theobserver,https://www.charlotteobserver.com/news/local/article225334265.html,"January 31, 2019 10:07 AM",1,"UNC Charlotte uptown campus at 7th Street near Brevard Street. Charlotte Observer photo, Diedra Laird.",Diedra Laird dlaird@charlotteobserver.com
131,theobserver,https://www.charlotteobserver.com/news/business/article225230460.html,"January 29, 2019 12:15 PM",1,"Danny Morrison, a Burlington native who graduated from the University of North Carolina, was formerly president of the Carolina Panthers, Southern Conference commissioner and athletics director at Wofford and Texas Christian. 

Jeff Siner
jsiner@charlotteobserver.com",Jeff Siner jsiner@charlotteobserver.com
133,theobserver,https://www.charlotteobserver.com/article225238810.html,"January 30, 2019 10:17 AM",1,"Sen. Thom Tillis, R-N.C., center, accompanied by Sen. Joni Ernst, R-Iowa, left, and Sen. John Kennedy, R-La., right, questions Attorney General nominee William Barr as he testifies before a Senate Judiciary Committee hearing on Capitol Hill in Washington, Tuesday, Jan. 15, 2019. (AP Photo/Andrew Harnik)",Andrew Harnik AP
134,theobserver,https://www.charlotteobserver.com/news/business/biz-columns-blogs/development/article225292905.html,"January 30, 2019 05:57 PM",0,NA,NA
135,theobserver,https://www.charlotteobserver.com/news/article223818085.html,"January 29, 2019 09:06 AM",2,"Emergency workers on scene of an accident involving a car and a CATS bus on West Trade, Thursday morning June 04, 2015.",Davie Hinshaw   dhinshaw@charlotteobserver.com
135,theobserver,,,2,"Emergency workers on scene of an accident involving a car and a CATS bus on West Trade, Thursday morning June 04, 2015.",Davie Hinshaw dhinshaw@charlotteobserver.com
137,theobserver,https://www.charlotteobserver.com/news/business/article225306840.html,"January 31, 2019 11:00 AM",1,Charlotte Hornets guard Kemba Walker (15) was named one of five All-Star starters from the Eastern Conference Thursday night.,Brandon Dill   AP
138,theobserver,https://www.charlotteobserver.com/news/local/article225332455.html,"January 31, 2019 08:50 AM",1,"Woman stabbed, man arrested at Amazon center in Charlotte. WBTV photo",NA
139,theobserver,https://www.charlotteobserver.com/news/article225334265.html,"January 31, 2019 10:07 AM",1,"UNC Charlotte uptown campus at 7th Street near Brevard Street. Charlotte Observer photo, Diedra Laird.",Diedra Laird dlaird@charlotteobserver.com
140,theobserver,https://www.charlotteobserver.com/news/local/article225228905.html,"January 29, 2019 12:11 PM",1,Image from North Carolina State Parks website.,Image from North Carolina State Parks website.
141,theobserver,https://www.charlotteobserver.com/article224956920.html,"January 25, 2019 07:55 AM",1,"Ronna McDaniel, chair of the Republican National Committee (RNC) hugs Vi Lyles, Charlotte mayor after McDaniel announced that the Republican National Convention will be held in Charlotte from August 24-27 2020 at a press conference on Monday, October 1, 2018.",John D. Simmons jsimmons@charlotteobserver.com
142,theobserver,https://www.charlotteobserver.com/entertainment/restaurants/article225290430.html,"January 30, 2019 01:54 PM",4,"Milagro’s opened in 2018 near PNC Music Pavilion, one minute east of I-485’s Exit 32. 

Tom Hanchett",Tom Hanchett
142,theobserver,,,4,Plantains substitute for bread in the traditional Puerto Rican jibarito sandwich.,Tom Hanchett
142,theobserver,,,4,Yuca escabeche is Puerto Rican comfort food.,Tom Hanchett
142,theobserver,,,4,Hector Gonzales Sr. and Gladys Gonzales started with catering and then a food truck before opening their restaurant.,Tom Hanchett
143,theobserver,https://www.charlotteobserver.com/news/local/crime/article225283880.html,"January 30, 2019 03:43 PM",4,Men steal underwear from Victoria’s Secret on Rea Road in Charlotte. Three men were arrested.,CMPD
143,theobserver,,,4,NA,Charlotte-Mecklenburg Police
143,theobserver,,,4,NA,Charlotte-Mecklenburg Police
143,theobserver,,,4,NA,Charlotte-Mecklenburg Police
145,theobserver,https://www.charlotteobserver.com/news/local/article225228905.html,"January 29, 2019 12:11 PM",1,Image from North Carolina State Parks website.,Image from North Carolina State Parks website.
146,theobserver,https://www.charlotteobserver.com/news/state/north-carolina/article225234080.html,"January 29, 2019 02:06 PM",2,NA,NA
146,theobserver,,,2,NA,Facebook
147,theobserver,https://www.charlotteobserver.com/news/business/article225280120.html,"January 30, 2019 01:00 PM",1,"Conduent Commercial Solutions is laying off 61 people at its Charlotte facility at 2745 Whitehall Park Drive. 

Google Earth, March 2018","Google Earth, March 2018"
148,theobserver,https://www.charlotteobserver.com/news/politics-government/article225288650.html,"January 30, 2019 02:36 PM",1,"When he was governor, Pat McCrory appointed Michael Jacobs to be chairman of the N.C. Coal Ash Management Commission.",File photo
149,theobserver,https://www.charlotteobserver.com/news/state/north-carolina/article225280070.html,"January 30, 2019 01:53 PM",2,"The NC State Bureau of Investigations posted a photo of the glass pipe display at the convenience store. 

NC SBI",NC SBI
149,theobserver,,,2,The NC State Bureau of Investigations posted a photo of the glass pipe display at the convenience store.,NC SBI
150,theobserver,https://www.charlotteobserver.com/news/business/article225226950.html,"January 29, 2019 11:11 AM",1,Novant Health Presbyterian Medical Center is Novant’s main hospital in Charlotte. Novant said Tuesday about 41 doctors are seeking to break away from the health care system.,File photograph
151,theobserver,https://www.charlotteobserver.com/news/politics-government/election/article225238810.html,"January 30, 2019 10:17 AM",1,"Sen. Thom Tillis, R-N.C., center, accompanied by Sen. Joni Ernst, R-Iowa, left, and Sen. John Kennedy, R-La., right, questions Attorney General nominee William Barr as he testifies before a Senate Judiciary Committee hearing on Capitol Hill in Washington, Tuesday, Jan. 15, 2019. (AP Photo/Andrew Harnik)",Andrew Harnik AP
152,theobserver,https://www.charlotteobserver.com/entertainment/arts-culture/article225284795.html,"March 21, 2019 04:09 PM",1,"Nellie Ashford’s work on view at the Mint Museum Uptown. 

Brandon Scott",Brandon Scott
153,theobserver,https://www.charlotteobserver.com/news/business/article225280120.html,"January 30, 2019 01:00 PM",1,"Conduent Commercial Solutions is laying off 61 people at its Charlotte facility at 2745 Whitehall Park Drive. 

Google Earth, March 2018","Google Earth, March 2018"
154,theobserver,https://www.charlotteobserver.com/news/local/crime/article225246325.html,"January 29, 2019 05:35 PM",1,"Charlotte-Mecklenburg Police Deputy Chief Katrina Graue tells reporters that a CMPD officer was charged with sexual battery Tuesday afternoon. 

Jane Wester
jwester@charlotteobserver.com",Jane Wester jwester@charlotteobserver.com
155,theobserver,https://www.charlotteobserver.com/latest-news/article224762410.html,"January 29, 2019 08:55 PM",10,"North Carolina’s Coby White (2) forces a turnover by Georgia Tech’s Jose Alvarado (10) during the first half on Tuesday, January 29, 2019 at McCamish Pavillion in Atlanta, Georgia.",Robert Willett   rwillett@newsobserver.com
155,theobserver,,,10,"North Carolina’s Cameron Johnson (13) drives to the basket for a dunk over Georgia Tech’s James Banks III (1) in the second half on Tuesday, January 29, 2019 at McCamish Pavilion in Atlanta, Georgia.",Robert Willett   rwillett@newsobserver.com
155,theobserver,,,10,"With a comfortable lead, and the starters on the bench, Roy Williams smiles as he watches the reserve players close out the Tar Heels' game against Georgia Tech on Tuesday, January 29, 2019 at McCamish Pavilion in Atlanta, Georgia.",Robert Willett rwillett@newsobserver.com
155,theobserver,,,10,"North Carolina's Cameron Johnson (13) chats with teammate Leaky Black (1) as they warm up for their game against Georgia Tech on Tuesday, January 29, 2019 at McCamish Pavillion in Atlanta, Georgia.",Robert Willett rwillett@newsobserver.com
155,theobserver,,,10,"North Carolina's Nassir Little (5) and his teammates stand for the National Anthem prior to the Tar Heels' game against Georgia Tech on Tuesday, January 29, 2019 at McCamish Pavilion in Atlanta, Georgia.",Robert Willett rwillett@newsobserver.com
155,theobserver,,,10,"For the second consecutive game the Tar Heels sport pink sneakers as they line up for their game against Georgia Tech on Tuesday, January 29, 2019 at McCamish Pavilion in Atlanta, Georgia.",Robert Willett rwillett@newsobserver.com
155,theobserver,,,10,"North Carolina's Coby White (2) drives to the basket against Georgia Tech's James Banks III (1) during the first half on Tuesday, January 29, 2019 at McCamish Pavilion in Atlanta, Georgia. White scored 19 points in the Tar Heels' victory.",Robert Willett rwillett@newsobserver.com
155,theobserver,,,10,"North Carolina's Cameron Johnson (13) gets a wide open shot over the Georgia Tech defense of James Banks III (1), Evan Cole (3), Michael Devoe (0) and Abdoulaye Gueye (34) in the first half against Georgia Tech on Tuesday, January 29, 2019 at McCamish Pavilion in Atlanta, Georgia.",Robert Willett rwillett@newsobserver.com
155,theobserver,,,10,"North Carolina's Coby White (2) forces a turnover by Georgia Tech's Jose Alvarado (10) during the first half on Tuesday, January 29, 2019 at McCamish Pavilion in Atlanta, Georgia.",Robert Willett rwillett@newsobserver.com
155,theobserver,,,10,"North Carolina's Garrison Brooks (15) and Seventh Woods (0) trap Georgia Tech's James Banks III (1) in the first half on Tuesday, January 29, 2019 at McCamish Pavilion in Atlanta, Georgia.",Robert Willett rwillett@newsobserver.com
156,theobserver,https://www.charlotteobserver.com/news/local/article225272545.html,"January 30, 2019 08:05 AM",1,"Wind chills are dangerously cold in North Carolina today and Thursday, including minus 10 in some mountain towns. Photo Takaaki Iwabu/The News & Observer 

Takaaki Iwabu
Takaaki Iwabu",Takaaki Iwabu Takaaki Iwabu
157,theobserver,https://www.charlotteobserver.com/sports/nba/charlotte-hornets/article224588740.html,"January 29, 2019 10:05 PM",4,"Fayetteville rapper J. Cole will perform the halftime show at the 2019 NBA All-Star Game Feb. 17 at the Spectrum Center in uptown Charlotte. 

Invision/AP
Scott Roth",Invision/AP Scott Roth
157,theobserver,,,4,Meek Mill,NBA All-Star Game
157,theobserver,,,4,Anthony Hamilton,2019 NBA All-Star Game
157,theobserver,,,4,Carly Rae Jepsen,2019 NBA All-Star Game
158,theobserver,https://www.charlotteobserver.com/news/article223818085.html,"January 29, 2019 09:06 AM",2,"Emergency workers on scene of an accident involving a car and a CATS bus on West Trade, Thursday morning June 04, 2015.",Davie Hinshaw   dhinshaw@charlotteobserver.com
158,theobserver,,,2,"Emergency workers on scene of an accident involving a car and a CATS bus on West Trade, Thursday morning June 04, 2015.",Davie Hinshaw dhinshaw@charlotteobserver.com
160,theobserver,https://www.charlotteobserver.com/sports/nfl/carolina-panthers/article225203275.html,"January 29, 2019 07:00 AM",5,"Los Angeles Rams running back Todd Gurley and Hall of Famer/broadcaster Deion Sanders speak at Opening Night ahead of Super Bowl LIII on Monday night. (Jourdan Rodrigue/Charlotte Observer) 

Jourdan Rodrigue/Charlotte Observer",Jourdan Rodrigue/Charlotte Observer
160,theobserver,,,5,Super Bowl LIII is at Mercedes-Benz Stadium in Atlanta on Sunday.,NA
160,theobserver,,,5,"South Pointe high school and Rock Hill, S.C. native (and former Gamecock) Stephon Gilmore is playing in his second consecutive Super Bowl as a starting cornerback for New England on Sunday. (Jourdan Rodrigue/Charlotte Observer)",(Jourdan Rodrigue/Charlotte Observer)
160,theobserver,,,5,"South Pointe high school and Rock Hill, S.C. native (and former Gamecock) Stephon Gilmore is playing in his second consecutive Super Bowl as a starting cornerback for New England on Sunday. (Jourdan Rodrigue/Charlotte Observer)",(Jourdan Rodrigue/Charlotte Observer)
160,theobserver,,,5,Super Bowl LIII is at Mercedes-Benz Stadium in Atlanta on Sunday.,NA
162,theobserver,https://www.charlotteobserver.com/news/local/education/article225225010.html,"January 29, 2019 09:26 AM",4,CMS security staff search bags at Rocky River High on Tuesday.,Courtesy of Charlotte-Mecklenburg Schools
162,theobserver,,,4,A student removes items from a book bag during a gun search at Rocky River High on Tuesday.,Courtesy of Charlotte-Mecklenburg Schools
162,theobserver,,,4,CMS security staff search bags at Rocky River High on Tuesday.,Courtesy of Charlotte-Mecklenburg Schools
162,theobserver,,,4,A student removes items from a book bag during a gun search at Rocky River High on Tuesday.,Courtesy of Charlotte-Mecklenburg Schools
163,theobserver,https://www.charlotteobserver.com/news/article223818085.html,"January 29, 2019 09:06 AM",2,"Emergency workers on scene of an accident involving a car and a CATS bus on West Trade, Thursday morning June 04, 2015.",Davie Hinshaw   dhinshaw@charlotteobserver.com
163,theobserver,,,2,"Emergency workers on scene of an accident involving a car and a CATS bus on West Trade, Thursday morning June 04, 2015.",Davie Hinshaw dhinshaw@charlotteobserver.com
165,theobserver,https://www.charlotteobserver.com/news/local/article224956920.html,"January 25, 2019 07:55 AM",1,"Ronna McDaniel, chair of the Republican National Committee (RNC) hugs Vi Lyles, Charlotte mayor after McDaniel announced that the Republican National Convention will be held in Charlotte from August 24-27 2020 at a press conference on Monday, October 1, 2018.",John D. Simmons jsimmons@charlotteobserver.com
166,theobserver,https://www.charlotteobserver.com/news/local/education/article225107415.html,"January 28, 2019 05:11 PM",0,NA,NA
167,theobserver,https://www.charlotteobserver.com/news/local/education/article225107415.html,"January 28, 2019 05:11 PM",0,NA,NA
169,theobserver,https://www.charlotteobserver.com/sports/nfl/carolina-panthers/article225028395.html,"January 28, 2019 07:00 AM",3,"Cleveland Browns quarterback Tyrod Taylor warms up before an NFL football game against the Kansas City Chiefs, Sunday, Nov. 4, 2018, in Cleveland. (AP Photo/Ron Schwane)",Ron Schwane   AP
169,theobserver,,,3,Former Duke quarterback and Charlotte native Daniel Jones looks the part but hasn’t solidified himself as a first-round draft pick.,Butch Dill   AP
169,theobserver,,,3,"Carolina Panthers quarterback Cam Newton (1) watches practice as he walks along the field on Wednesday, December 19, 2018. The Carolina Panthers announced today that Newton will sit for the remaining two games of the season.",David T. Foster III dtfoster@charlotteobserver.com
170,theobserver,https://www.charlotteobserver.com/latest-news/article224707445.html,"January 23, 2019 10:19 AM",6,"A construction crane towers over the campus at Central Piedmont Community College’s Central Campus on Tuesday, January 22, 2019. 

David T. Foster III
dtfoster@charlotteobserver.com",David T. Foster III dtfoster@charlotteobserver.com
170,theobserver,,,6,"A rendering of the new student success center and library facilities at CPCC, set to be completed in December 2021.",Courtesy of Central Piedmont Community College
170,theobserver,,,6,"A construction sign is posted along Charlottetowne Avenue on the Central Piedmont Community College’s Central Campus on Tuesday, January 22, 2019.",David T. Foster III   dtfoster@charlotteobserver.com
170,theobserver,,,6,"A rendering of the new student success center and library facilities at CPCC, set to be completed in December 2021.",Courtesy of Central Piedmont Community College
170,theobserver,,,6,"A construction sign is posted along Charlottetowne Avenue on the Central Piedmont Community College’s Central Campus on Tuesday, January 22, 2019.",David T. Foster III dtfoster@charlotteobserver.com
170,theobserver,,,6,"A construction crane towers over a building on the campus at Central Piedmont Community College’s Central Campus on Tuesday, January 22, 2019.",David T. Foster III dtfoster@charlotteobserver.com
171,theobserver,https://www.charlotteobserver.com/latest-news/article225179510.html,"January 28, 2019 04:38 PM",1,"Republican Mark Harris, left, defeated Democrat Dan McCready in North Carolina’s 9th District.",Robert Lahser rlahser@charlotteobserver.com
172,theobserver,https://www.charlotteobserver.com/news/nation-world/national/article225160475.html,"January 27, 2019 06:17 PM",1,"The new price of Forever stamps from the U.S. Postal Service rose from 50 to 55 cents. 

U.S. Postal Service",U.S. Postal Service
173,theobserver,https://www.charlotteobserver.com/news/politics-government/article224774245.html,"January 28, 2019 01:01 PM",1,"Jasmine Lauer, an English teacher at Pine Hollow Middle School in northwest Raleigh, gestures during an interview in her classroom about state spending on teacher pay, school supplies and more.",Will Doran   wdoran@newsobserver.com
174,theobserver,https://www.charlotteobserver.com/news/local/article225178970.html,"January 28, 2019 01:39 PM",1,The Concealed Carry Reciprocity Act of 2017 would require any state that issues permits for carrying concealed weapons to recognize concealed-carry permits issued by other states -- even if those states have different eligibility and training requirements and less stringent restrictions on gun ownership.,Vadym Sarakhan/Dreamstime TNS
175,theobserver,https://www.charlotteobserver.com/sports/nfl/carolina-panthers/article225028395.html,"January 28, 2019 07:00 AM",3,"Cleveland Browns quarterback Tyrod Taylor warms up before an NFL football game against the Kansas City Chiefs, Sunday, Nov. 4, 2018, in Cleveland. (AP Photo/Ron Schwane)",Ron Schwane   AP
175,theobserver,,,3,Former Duke quarterback and Charlotte native Daniel Jones looks the part but hasn’t solidified himself as a first-round draft pick.,Butch Dill   AP
175,theobserver,,,3,"Carolina Panthers quarterback Cam Newton (1) watches practice as he walks along the field on Wednesday, December 19, 2018. The Carolina Panthers announced today that Newton will sit for the remaining two games of the season.",David T. Foster III dtfoster@charlotteobserver.com
177,theobserver,https://www.charlotteobserver.com/news/business/article225178230.html,"January 28, 2019 02:20 PM",2,"Haute & Co. opens this May in South End 

Courtesy of Shannelle Armstrong-Fowler",Courtesy of Shannelle Armstrong-Fowler
177,theobserver,,,2,"Haute & Co., a boutique for plus-sized brides, opens as a pop-up shop in South End in early February. Construction of the shop’s permanent location is underway, and it is expected to open in May.",Courtesy of Shannelle Armstrong-Fowler
178,theobserver,https://www.charlotteobserver.com/news/local/education/article224916825.html,"January 23, 2019 08:55 AM",4,Teacher Charlotte Goodman reads a book about seahorses to Tanner Williams in a North Carolina Pre-K class at Smart Kids No. 1 in Charlotte.,Diedra Laird   dlaird@charlotteobserver.com
178,theobserver,,,4,"Angelray Chong, playing with construction blocks at Smart Kids No. 1 in Charlotte, is part of the North Carolina Pre-K program.",Diedra Laird   dlaird@charlotteobserver.com
178,theobserver,,,4,"Angelray Chong, playing with construction blocks at Smart Kids No. 1 in Charlotte, is part of the North Carolina Pre-K program.",Diedra Laird dlaird@charlotteobserver.com
178,theobserver,,,4,Teacher Charlotte Goodman reads a book about seahorses to Tanner Williams in a North Carolina Pre-K class at Smart Kids No. 1 in Charlotte.,Diedra Laird dlaird@charlotteobserver.com
179,theobserver,https://www.charlotteobserver.com/living/food-drink/article225176330.html,"January 28, 2019 09:48 AM",1,"One of the most successful biscuit companies in the South is opening its first location in Charlotte. 

McClatchy files
Bob Booth",McClatchy files Bob Booth
180,theobserver,https://www.charlotteobserver.com/news/local/article225168690.html,"January 27, 2019 09:39 PM",1,Man identified after being killed at Charlotte gas station along Mallard Creek Road in north Charlotte WBTV photo,NA
"

2019-03-23 13:38:23.205359
"
News Org                                 Input      RTs        NoLinks    Output    
theobserver                              531        348        5          150       
