Index,Publisher,URL,Date,Num_Images,Caption,Credit/Source
1,spokesmanreview,http://www.spokesman.com/stories/2019/feb/09/elizabeth-warren-makes-presidential-bid-official-w/,"Sat., Feb. 9, 2019, 11:45 a.m.",1,"Sen. Elizabeth Warren, D-Mass., waves to supporters as she takes the stage during an event to formally launch her presidential campaign, Saturday, Feb. 9, 2019, in Lawrence, Mass. (Elise Amendola / AP)",(Elise Amendola / AP
2,spokesmanreview,http://www.spokesman.com/stories/2019/feb/09/spokane-gets-more-than-4-inches-of-snow-and-strong/,"UPDATED: Sun., Feb. 10, 2019, 11:14 a.m.	5 a.m.",1,"Nestor Castor, 12, rides a sled face-first as he enjoys the cold weather on Saturday, Feb. 9, 2019, in Spokane Valley, Wash. (Tyler Tjomsland / The Spokesman-Review)",(Tyler Tjomsland / The Spokesman-Review
3,spokesmanreview,https://www.spokesman.com/stories/2019/feb/08/spokane-mayor-david-condon-keeps-focus-on-the-futu/,"UPDATED: Fri., Feb. 8, 2019, 10:52 p.m.	5 a.m.",2,"""Mayor David Condon smiles toward the crowd Friday before he delivers his final state of the city address. (Kathy Plonka / The Spokesman\u002DReview)"",","""Kathy Plonka"","
3,spokesmanreview,,,2,"""Mayor David Condon delivers his final state of the city address Friday, Feb. 8, 2019,  in the Spokane Convention Center. (Kathy Plonka / The Spokesman\u002DReview)"",","""Kathy Plonka"","
4,spokesmanreview,https://www.spokesman.com/stories/2019/feb/08/house-panel-considers-ending-personal-exemption-fo/,"UPDATED: Fri., Feb. 8, 2019, 8:32 p.m.",1,"A woman holds a sign opposing a proposed bill that would remove parents’ ability to claim a philosophical exemption to opt their school-age children out of the combined measles, mumps and rubella vaccine Friday as she stands near the Legislative Building. (Ted S. Warren / Associated Press)",(Ted S. Warren / Associated Press
5,spokesmanreview,https://www.spokesman.com/stories/2019/feb/08/wolf-shot-killed-in-adams-county-in-area-with-no-d/,"UPDATED: Fri., Feb. 8, 2019, 10:50 p.m.	5:30 a.m.",1,"FILE - This Feb., 2017, file photo provided by the Oregon Department of Fish and Wildlife shows a gray wolf of the Wenaha Pack captured on a remote camera on U.S. Forest Service land in Oregon's northern Wallowa County. The Oregon Fish and Wildlife commission is finally set to vote on a plan for managing wolves in the state, after years of contentious meetings. The Oregonian/OregonLive reported that the commission is expected to vote in March 2019. The main sticking point has been over when and how lethal action can be taken against wolves that kill livestock. (Oregon Department of Fish and Wildlife via AP, File) ORG XMIT: LA611 (AP)",(AP
7,spokesmanreview,http://www.spokesman.com/stories/2019/feb/07/federal-agents-locate-missing-bonners-ferry-childr/,"UPDATED: Thu., Feb. 7, 2019, 9:32 p.m.	4 a.m.",0,NA,NA
11,spokesmanreview,https://www.spokesman.com/stories/2019/feb/07/want-to-avoid-an-avalanche-meditate/,"UPDATED: Thu., Feb. 7, 2019, 1:57 p.m.	6 a.m.",3,"Keith Robine ski cuts above a steep slope near Kootenay Pass B.C. on Monday Feb. 4, 2019. Robine is an avalanche skills training instructor in Rossland, B.C. (Eli Francovich / The Spokesman-Review)",(Eli Francovich / The Spokesman-Review
11,spokesmanreview,,,3,"""Jack Sutter, left, Eric DeRosa and Keith Robine discuss the upcoming terrain on Monday, Feb. 4, 2019. Robine was leading a eight students through the B.C. backcountry near Kootenay Pass as part of an avalanche training course. (Eli Francovich / The Spokesman\u002DReview)"",","""Eli Francovich"","
11,spokesmanreview,,,3,"""Jon Oellrich makes his way up a steep slope near Kootenay Pass in British Columbia on Monday Feb. 4. Oellrich, from Sandpoint, had attended a avalanche training course in Rossland, BC. (Eli Francovich / The Spokesman\u002DReview)"",","""Eli Francovich"","
12,spokesmanreview,https://www.spokesman.com/stories/2019/feb/07/shopko-to-close-north-spokane-spokane-valley-and-p/,"UPDATED: Thu., Feb. 7, 2019, 7:30 p.m.	4 a.m.",1,"A shopper loads her cart up with Black Friday deals at the Shopko on the South Hill in this picture from 2016. The company is bankrupt and is closing this store, along with several others in the area. (Colin Mulvany / The Spokesman-Review)",(Colin Mulvany / The Spokesman-Review
13,spokesmanreview,https://www.spokesman.com/stories/2019/feb/07/residents-cite-density-concerns-from-proposed-deve/,"Thu., Feb. 7, 2019, 5 a.m.",1,"Spokane County’s hearing examiner will be making a decision within two weeks on a developer’s proposal to build more than 75 duplexes and town houses on the former site of Bergman’s Christmas Tree Farm, shown, at East 28th Avenue and South Adams Road. (Jesse Tinsley / The Spokesman-Review)",(Jesse Tinsley / The Spokesman-Review
14,spokesmanreview,https://www.spokesman.com/stories/2019/feb/07/past-due-city-gives-spokane-residents-extra-time-t/,"UPDATED: Thu., Feb. 7, 2019, 6:31 a.m.	5 a.m.",1,"TC Brenden, City Hall mail center specialist, handles utility bills Monday in the Spokane City Hall mail room. (Libby Kamrowski / The Spokesman-Review)",(Libby Kamrowski / The Spokesman-Review
15,spokesmanreview,https://www.spokesman.com/stories/2019/feb/07/racist-robocaller-now-living-quietly-in-montana-bu/,"UPDATED: Wed., Feb. 13, 2019, 9:53 a.m.",1,"Scott D. Rhodes, left, speaks with Sandpoint police officers in an image captured by an officer’s body-camera on Dec. 1, 2017. Rhodes, the neo-Nazi who plagued several parts of the country last year with hate-filled robocalls from his home in Sandpoint, is now living in Libby, Montana. (Sandpoint Police Department)",(Sandpoint Police Department
17,spokesmanreview,https://www.spokesman.com/stories/2019/feb/06/active-shooter-reported-at-central-washington-univ/,"UPDATED: Wed., Feb. 6, 2019, 9:16 p.m.",1,"Posts made by CWU Observers staff to Twitter in the wake of a report of an active shooter at the university’s campus on February 6, 2019. (Twitter)",(Twitter
18,spokesmanreview,http://www.spokesman.com/stories/2019/feb/06/active-shooter-reported-at-central-washington-univ/,"UPDATED: Wed., Feb. 6, 2019, 9:16 p.m.",1,"Posts made by CWU Observers staff to Twitter in the wake of a report of an active shooter at the university’s campus on February 6, 2019. (Twitter)",(Twitter
19,spokesmanreview,https://www.spokesman.com/stories/2019/feb/06/diaper-changing-stations-could-become-restaurant-s/,"UPDATED: Wed., Feb. 6, 2019, 11:37 a.m.",1,"New family restaurants would be required to include diaper changing stations in women’s and men’s restrooms, under a bill passed Tuesday, Feb. 5, 2019 by the House Consumer Protection and Business Committee. (Shutterstock)",(Shutterstock
20,spokesmanreview,https://www.spokesman.com/stories/2019/feb/05/ap-fact-check-trumps-claims-in-his-state-of-union-/,"UPDATED: Tue., Feb. 5, 2019, 8:19 p.m.	5:40 p.m.",1,"President Donald Trump gives his State of the Union address to a joint session of Congress, Tuesday, Feb. 5, 2019 at the Capitol in Washington, as Vice President Mike Pence, left, and House Speaker Nancy Pelosi look on. (Doug Mills / AP)",(Doug Mills / AP
21,spokesmanreview,https://www.spokesman.com/stories/2019/feb/05/trump-to-meet-north-korean-leader-feb-27-28-in-vie/,"UPDATED: Tue., Feb. 5, 2019, 8:11 p.m.	5:40 p.m.",1,"President Donald Trump delivers his State of the Union address to a joint session of Congress on Capitol Hill in Washington, Tuesday, Feb. 5, 2019. (J. Scott Applewhite / AP)",(J. Scott Applewhite / AP
22,spokesmanreview,https://www.spokesman.com/stories/2019/feb/05/ap-fact-check-trumps-claims-in-his-state-of-union-/,"UPDATED: Tue., Feb. 5, 2019, 8:19 p.m.	5:40 p.m.",1,"President Donald Trump gives his State of the Union address to a joint session of Congress, Tuesday, Feb. 5, 2019 at the Capitol in Washington, as Vice President Mike Pence, left, and House Speaker Nancy Pelosi look on. (Doug Mills / AP)",(Doug Mills / AP
24,spokesmanreview,https://www.spokesman.com/stories/2019/feb/05/inmates-at-coyote-ridge-corrections-center-on-hung/,"UPDATED: Tue., Feb. 5, 2019, 7:52 p.m.",1,"Airway Heights Correction Center inmates pictured Monday, July 9, 2018 handle orange muffins that are shipped to prisons across Washington. On Friday, inmates at Coyote Ridge Corrections Center in Connell went on a hunger strike over the quality of food served at breakfast. (Dan Pelle / The Spokesman-Review)",(Dan Pelle / The Spokesman-Review
25,spokesmanreview,https://www.spokesman.com/stories/2019/feb/03/border-patrol-arrests-kept-secret/,"UPDATED: Mon., Feb. 4, 2019, 7:09 p.m.	5 a.m.",1,"The Spokane Intermodal Center, the bus and train station, is shown Friday, April 11, 2014. The building has become the focus of the immigration debate in Spokane as a result of Border Patrol checks on Greyhound buses when they stop at the Intermodal Center. (Jesse Tinsley / The Spokesman-Review)",(Jesse Tinsley / The Spokesman-Review
26,spokesmanreview,https://www.spokesman.com/stories/2019/feb/02/100-years-ago-in-seattle-every-union-member-prepar/,"Sat., Feb. 2, 2019, 11 p.m.",1,"Last minute attempts to avoid a general strike in Seattle failed, and the city was bracing for the worst as every union man was set to walk out in support of 25,000 striking shipyard workers, The Spokane Daily Chronicle reported on February 3, 1919. (The Spokesman-Review archives)",(The Spokesman-Review archives
27,spokesmanreview,https://www.spokesman.com/stories/2019/feb/02/steelhead-permit-writers-scrambling-to-make-up-tim/,"UPDATED: Sat., Feb. 2, 2019, 1:19 p.m.",1,"In this July 7, 2016 photo, a steelhead trout is reeled in near Dodge Bridge along the Rogue River in Shady Cove, Ore. Permit writers at the National Oceanic and Atmospheric Administration are hopeful they can meet a March 15 deadline to complete Idaho’s steelhead fishery permit, but an agency spokesman said the recent 35-day partial shutdown of the federal government cost them valuable time. (Jamie Lusch / AP)",(Jamie Lusch / AP
29,spokesmanreview,http://www.spokesman.com/stories/2019/feb/03/book-excerpt-some-kind-of-calling-from-pam-houston/,"UPDATED: 10:35 p.m.	Sun., Feb. 3, 2019, 4 a.m.",1,Pam Houston will be in Spokane on March 26 for a Northwest Passages Book Club event. (Michael Blakeman),(Michael Blakeman
30,spokesmanreview,https://www.spokesman.com/stories/2019/feb/03/whom-should-washington-honor-with-statues-in-the-c/,"UPDATED: Sun., Feb. 3, 2019, 1:34 p.m.",1,NA,NA
31,spokesmanreview,https://www.spokesman.com/stories/2019/feb/03/value-of-plastic-bag-and-straw-bans-questioned/?cache_bust=True,"UPDATED: 9:29 p.m.	Sun., Feb. 3, 2019, 5 a.m.",1,"Courtesy Clerk Scott Mares bags groceries for customer Lawrence McIlveen on Friday, February 1, 2019, at Rosauers Supermarkets’ at 14th Avenune and Lincoln Street in Spokane. (Tyler Tjomsland / The Spokesman-Review)",(Tyler Tjomsland / The Spokesman-Review
32,spokesmanreview,https://www.spokesman.com/stories/2019/feb/02/spokane-celebrates-life-of-grocery-checker-who-tou/,"UPDATED: Sat., Feb. 2, 2019, 11:58 p.m.	5 a.m.",10,"During a memorial service for Andrew Vathis, Saturday, Feb. 2, 2019, at Ferris High School, Chaplin Ed Hoffman recalls a humorous story about Vathis shouting out during church service. (Dan Pelle / The Spokesman-Review)",(Dan Pelle / The Spokesman-Review
32,spokesmanreview,,,10,"""Rick Chase embraces Erika Vathis, mother of Andrew Vathis, after Chase delivered heart\u002Dfelt memories at Andrew memorial service, Saturday, Feb. 2, 2019, at Ferris High School. Andrew was killed by a motorist while he was crossing 5th Avenue in Spokane on Jan. 25, 2019. On display behind them are some of Andrews Special Olympics medals and sports memorabilia. (Dan Pelle / The Spokesman\u002DReview)"",","""Dan Pelle"","
32,spokesmanreview,,,10,"""Boomer, the Spokane Chiefs mascot, welcomes the crowd to the memorial service for accident victim Andrew Vathis, Saturday, Feb. 2, 2019, at Ferris High School. Vathis was a fan of the Chiefs. (Dan Pelle / The Spokesman\u002DReview)"",","""Dan Pelle"","
32,spokesmanreview,,,10,"""A portrait of Anderw Vathis greets people attending his memorial service, Saturday, Feb. 2, 2019, at Ferris High School. (Dan Pelle / The Spokesman\u002DReview)"",","""Dan Pelle"","
32,spokesmanreview,,,10,"""Erika Vathis waves to the crowd while escorted by Spokane Chiefs mascot, Boomer, after a memorial service for her son, Andrew Vathis, Saturday, Feb. 2, 2019, at Ferris High School. (Dan Pelle / The Spokesman\u002DReview)"",","""Dan Pelle"","
32,spokesmanreview,,,10,"""Spokane County Fire District 8 Cpt. Jake Hebden, left, and firefighter Drew Parker, prepare to escort Erika Vathis at the beginning of a memorial service for her son Andrew, Saturday, Feb. 2, 2019, at Ferris High School. Andrew was killed crossing 57th Avenue by a motorist on Jan. 25, 2019. (Dan Pelle / The Spokesman\u002DReview)"",","""Dan Pelle"","
32,spokesmanreview,,,10,"""Spokane County Fire District 8 firefighters from Station 81 gather in the Ferris High School hallway at the memorial service Andrew Vathis, Saturday, Feb. 2, 2019. (Dan Pelle / The Spokesman\u002DReview)"",","""Dan Pelle"","
32,spokesmanreview,,,10,"""Special Olympics medals belonging to Andrew Vathis are displayed at his memorial service, Saturday, Feb. 2, 2019, at Ferris High School. (Dan Pelle / The Spokesman\u002DReview)"",","""Dan Pelle"","
32,spokesmanreview,,,10,"""People sitting in the reserved seating area for past and present Albertson’s employees, bow their heads in prayer during a memorial service for Andrew Vathis, Saturday, Feb. 2, 2019, at Ferris High School. (Dan Pelle / The Spokesman\u002DReview)"",","""Dan Pelle"","
32,spokesmanreview,,,10,"""During a memorial service for Andrew Vathis, Saturday, Feb. 2, 2019, at Ferris High School, Chaplin Ed Hoffman recalls a humorous story about Vathis shouting out during church service. (Dan Pelle / The Spokesman\u002DReview)"",","""Dan Pelle"","
33,spokesmanreview,https://www.spokesman.com/stories/2019/feb/02/virginia-governor-says-he-will-remain-in-office-is/,"UPDATED: Sat., Feb. 2, 2019, 9:23 p.m.	5:40 p.m.",1,"""This image shows Virginia Gov. Ralph Northam’s page in his 1984 Eastern Virginia Medical School yearbook. The page shows a picture, at right, of a person in blackface and another wearing a Ku Klux Klan hood next to different pictures of the governor. It’s unclear who the people in the picture are, but the rest of the page is filled with pictures of Northam and lists his undergraduate alma mater and other information about him. (AP)"",","""Steve Helber"","
34,spokesmanreview,https://www.spokesman.com/stories/2019/feb/02/bill-calls-for-wolves-to-be-relocated-to-bainbridg/,"UPDATED: Sat., Feb. 2, 2019, 3:19 p.m.",1,"In this July 15, 2013 photo, a yearling female gray wolf is set in the shade by Washington Fish and Wildlife Department biologists so it can continue waking from the effect of tranquilizers after it was captured and fitted with ear tags and a GPS collar in Pend Oreille County in Washington state. A northeast Washington politician has introduced a bill that would move wolves onto Bainbridge Island. (Rich Landers / The Spokesman-Review)",(Rich Landers / The Spokesman-Review
36,spokesmanreview,http://www.spokesman.com/stories/2019/feb/02/groundhog-doesnt-see-his-shadow-predicting-early-s/,"Sat., Feb. 2, 2019, 10:45 a.m.",1,"Groundhog Club co-handler Al Dereume, second from right, holds Punxsutawney Phil, the weather prognosticating groundhog, during the 133rd celebration of Groundhog Day on Gobbler’s Knob in Punxsutawney, Pa., on Saturday, Feb. 2, 2019. Phil’s handlers said that the groundhog has forecast an early spring. (Gene J. Puskar / AP)",(Gene J. Puskar / AP
37,spokesmanreview,http://www.spokesman.com/stories/2019/feb/01/ferris-fight-draws-backlash-against-resource-offic/,"UPDATED: Sat., Feb. 2, 2019, 2:06 p.m.	4 a.m.",1,Shawn Audie (Spokane Public Schools),(Spokane Public Schools
38,spokesmanreview,https://www.spokesman.com/stories/2019/feb/01/city-loses-appeal-of-electrical-damage-caused-by-s/,"Fri., Feb. 1, 2019, 11:31 a.m.",1,"A tree squirrel gathers up an acorn in the grass of Corbin Park Monday, Nov. 5, 2018. The Iowa Supreme Court says an insurance company doesn’t have to pay for damages after a squirrel climbed onto an electrical transformer and triggered a high-voltage spark that damaged a city’s power substation. (Colin Mulvany / The Spokesman-Review)",(Colin Mulvany / The Spokesman-Review
39,spokesmanreview,http://www.spokesman.com/stories/2019/feb/01/her-knees-broken-beyond-repair-lindsey-vonn-retiri/,"Fri., Feb. 1, 2019, 11:19 a.m.",1,"Lindsey Vonn, of the United States, reacts in the finish area after completing the women’s downhill race at the Vancouver 2010 Olympics in Whistler, British Columbia. Vonn announced Friday, Feb. 1, 2019, that she will retire from ski racing after this month’s world championships in Sweden. (Gero Breloer / AP)",(Gero Breloer / AP
41,spokesmanreview,https://www.spokesman.com/stories/2019/feb/01/special-airlift-for-baby-flamingos-in-peril-in-sou/,"UPDATED: 8:26 p.m.	Fri., Feb. 1, 2019, 11:28 a.m.",1,"In this Thursday, Jan. 31, 2019 photo, rescued flamingo chicks at a centre in Pretoria, South Africa, after being rescued from a dried out dam in Kimberley. A special airlift for thousands of baby flamingos is under way in South Africa as drought has put their breeding ground in peril. A reservoir that hosts one of southern Africa's largest flamingo populations is drying up. (Themba Hadebe / AP)",(Themba Hadebe / AP
42,spokesmanreview,http://www.spokesman.com/stories/2019/jan/31/knezovich-refuses-to-join-grandstanding-sheriffs-i/,"UPDATED: Thu., Jan. 31, 2019, 11:06 p.m.	5 a.m.",1,"Spokane County Sheriff Ozzie Knezovich looks for elections results Tuesday, Nov. 6, 2018, at the Davenport Grand Hotel. On Tuesday, Knezovich said his office was investigating Facebook threats targeting Washington sheriffs who have denounced Initiative 1639, the state gun-control law that voters passed in November. (Dan Pelle / The Spokesman-Review)",(Dan Pelle / The Spokesman-Review
43,spokesmanreview,https://www.spokesman.com/stories/2019/feb/01/skeptic-on-radiation-limits-will-head-epa-radiatio/,"UPDATED: Fri., Feb. 1, 2019, 12:51 p.m.	5:40 p.m.",1,"Acting EPA head Andrew Wheeler on Thursday announced the appointment of Brant Ulsh, a health physicist, as one of the EPA’s science advisers and the panel chairman. Ulsh has been a leading critic of the EPA’s decades-old position that exposure to any amount of ionizing radiation is a cancer risk. (Andrew Harnik / AP)",(Andrew Harnik / AP
44,spokesmanreview,https://www.spokesman.com/stories/2019/feb/01/grip-sports-after-huskies-visited-spokane-december/,"Fri., Feb. 1, 2019, 8:53 a.m.",1,"Gonzaga guard Josh Perkins fires a pass against Washington guard Matisse Thybulle, Wednesday, Dec. 5, 2018, in the McCarthey Athletic Center. (Dan Pelle / The Spokesman-Review)",(Dan Pelle / The Spokesman-Review
45,spokesmanreview,https://www.spokesman.com/stories/2019/jan/31/ui-administrators-double-down-amid-criticism-of-te/,"UPDATED: Thu., Jan. 31, 2019, 11:05 p.m.	5 a.m.",1,"Denise Bennett, a tenured journalism professor at the University of Idaho, criticizes school officials in a video posted to YouTube on Tuesday, Jan. 29, 2019. The university said Wednesday it had banned Bennett from the Moscow campus and heightened security patrols. (YouTube)",(YouTube
47,spokesmanreview,http://www.spokesman.com/stories/2019/feb/01/spread-of-measles-could-send-2550-students-home-if/,"UPDATED: Fri., Feb. 1, 2019, 7:58 p.m.",2,"Spokane Public Schools reported this week there are about 2,550 of the district’s nearly 32,000 students who may not have received the vaccine for measles, mumps and rubella (MMR). Those students may be ordered home by health officials should an outbreak in southwest Washington reach Spokane schools this winter. (Eric Risberg / AP)",(Eric Risberg / AP
47,spokesmanreview,,,2,NA,"Spokane Regional Health District, school district, The Spokesman-Review"
48,spokesmanreview,https://www.spokesman.com/stories/2019/jan/31/knezovich-refuses-to-join-grandstanding-sheriffs-i/,"UPDATED: Thu., Jan. 31, 2019, 11:06 p.m.	5 a.m.",1,"Spokane County Sheriff Ozzie Knezovich looks for elections results Tuesday, Nov. 6, 2018, at the Davenport Grand Hotel. On Tuesday, Knezovich said his office was investigating Facebook threats targeting Washington sheriffs who have denounced Initiative 1639, the state gun-control law that voters passed in November. (Dan Pelle / The Spokesman-Review)",(Dan Pelle / The Spokesman-Review
52,spokesmanreview,https://www.spokesman.com/stories/2019/jan/31/yakima-county-sheriff-wont-enforce-new-gun-law/,"UPDATED: 5 p.m.	Thu., Jan. 31, 2019, 12:12 p.m.",1,"In this Oct. 2, 2018 photo, semi-automatic rifles are displayed on a wall at a gun shop in Lynnwood, Wash. Yakima County Sheriff Bob Udell has joined the ranks of law enforcement officers who say they will not enforce the new Washington gun control initiative that places stiff requirements on the sale and purchase of semiautomatic rifles. (Elaine Thompson / AP)",(Elaine Thompson / AP
53,spokesmanreview,https://www.spokesman.com/stories/2019/jan/31/idahos-declining-moose-numbers-prompt-reduction-in/,"Thu., Jan. 31, 2019, 5:30 a.m.",1,A cow moose and her calf walk through the St. Joe National Forest. (IDFG / IDFG),(IDFG / IDFG
55,spokesmanreview,https://www.spokesman.com/stories/2019/jan/31/trump-says-state-of-union-address-to-stress-unity/,"Thu., Jan. 31, 2019, 12:55 p.m.",1,"President Donald Trump speaks during a meeting with American manufacturers in the Oval Office of the White House, Thursday, Jan. 31, 2019, in Washington. Trump said Thursday that “unity” will be the theme of his first State of the Union address under divided government. (Jacquelyn Martin / AP)",(Jacquelyn Martin / AP
56,spokesmanreview,https://www.spokesman.com/stories/2019/jan/31/grip-sports-ucla-byu-bring-back-memories-local-bas/,"Thu., Jan. 31, 2019, 9:13 a.m.",1,UCLA center Moses Brown grabs a rebound in front of Washington State forward Isaiah Wade  during Wednesday’s Pac-12 game in Pullman. (Young Kwak / AP),(Young Kwak / AP
57,spokesmanreview,https://www.spokesman.com/stories/2019/jan/30/two-more-isenberg-daughters-plead-guilty-in-coeur-/,"UPDATED: Wed., Jan. 30, 2019, 10:38 p.m.",1,Laurcene “Lori” Isenberg in a jail booking photo. (Courtesy),(Courtesy
58,spokesmanreview,https://www.spokesman.com/stories/2019/jan/30/ui-bans-journalism-professor-from-moscow-campus-al/,"UPDATED: Thu., Jan. 31, 2019, 10:48 a.m.",1,"Denise Bennett, a tenured journalism professor at the University of Idaho, blasts school officials in a video posted to YouTube on Tuesday, Jan. 29, 2019. The university said Wednesday it had banned Bennett from the Moscow campus and heightened security patrols. (MLH Films / YouTube)",(MLH Films / YouTube
59,spokesmanreview,https://www.spokesman.com/stories/2019/jan/30/police-arrest-suspect-a-second-time-for-lc-social-/,"UPDATED: Wed., Jan. 30, 2019, 10:50 p.m.	5 a.m.",1,"A pair of Spokane Public Schools resource officers and a Spokane police officer, right, keep an eye on Lewis and Clark High School students as they arrive for class, Tuesday, Jan. 29, 2019. (Dan Pelle / The Spokesman-Review)",(Dan Pelle / The Spokesman-Review
60,spokesmanreview,https://www.spokesman.com/stories/2019/jan/30/today-in-washington-history-puget-sound-braces-for/,"UPDATED: Wed., Jan. 30, 2019, 7:11 a.m.",1,"The Puget Sound area was bracing for the biggest labor crisis in its history: a general strike, The Spokesman-Review reported on Jan. 30, 1919. (Spokesman-Review archives)",(Spokesman-Review archives
61,spokesmanreview,https://www.spokesman.com/stories/2019/jan/30/shawn-vestal-the-100-mile-rule-runs-contrary-to-re/,"UPDATED: Wed., Jan. 30, 2019, 10:30 a.m.",1,NA,Mollly Quinn/ The Spokesman-Review
62,spokesmanreview,https://www.spokesman.com/stories/2019/jan/29/after-questioning-of-portland-comedian-spokane-may/,"UPDATED: Tue., Jan. 29, 2019, 8:20 p.m.	4 a.m.",1,"Mohanad Elshieky, a Portland-based stand-up comedian, shared a photo of U.S. Border Patrol agents in Spokane taken on Sunday, Jan. 27, 2019. Elshieky said he was traveling home from a show in Pullman when immigration authorities forced him off a Greyhound bus at the Spokane Intermodal Center and falsely accused him of being in the country illegally. (Mohanad Elshieky / Twitter)",(Mohanad Elshieky / Twitter
63,spokesmanreview,https://www.spokesman.com/stories/2019/jan/30/macarthur-foundation-grants-another-19-million-for/,"Wed., Jan. 30, 2019, 4 a.m.",1,"This aerial photo shows the Spokane County Courthouse on Oct. 26, 2013, in front of the Public Safety Building and the Spokane County Jail. Spokane police say an intern in the city prosecutor’s office was assaulted Tuesday morning in a women’s restroom in the Public Safety Building. (Jesse Tinsley / The Spokesman-Review)",(Jesse Tinsley / The Spokesman-Review
64,spokesmanreview,https://www.spokesman.com/stories/2019/jan/30/grip-sports-there-have-been-few-college-basketball/,"Wed., Jan. 30, 2019, 7:50 a.m.",1,Gonzaga forward Brandon Clarke dunks in front of Pacific guard Lafayette Dorsey  during the first half Jan. 10 at GU. (Young Kwak / AP),(Young Kwak / AP
65,spokesmanreview,https://www.spokesman.com/stories/2019/jan/29/spokane-market-bucks-national-trend-with-rising-ho/,"UPDATED: Tue., Jan. 29, 2019, 8 p.m.	5 a.m.",0,NA,NA
66,spokesmanreview,https://www.spokesman.com/stories/2019/jan/30/students-find-a-great-education-at-great-northern-/,"UPDATED: Wed., Jan. 30, 2019, 6:50 a.m.",10,"""Great Northern School Distrit boundaries. (Molly Quinn / The Spokesman\u002DReview)"",","""Molly Quinn"","
66,spokesmanreview,,,10,"""Glenn Frizzell, the 87\u002Dyear\u002Dold part\u002Dtime superintendent of Great Northern School District visits the 5\u002D6 classroom, Thursday, Jan. 24, 2019. (Dan Pelle / The Spokesman\u002DReview)"",","""Dan Pelle"","
66,spokesmanreview,,,10,"""Glenn Frizzell, the 87\u002Dyear\u002Dold part\u002Dtime superintendent of Great Northern School District, visits the K\u002D1 classroom, Thursday, Jan. 24, 2019. (Dan Pelle / The Spokesman\u002DReview)"",","""Dan Pelle"","
66,spokesmanreview,,,10,"""Glenn Frizzell, 87\u002Dyear\u002Dold part\u002Dtime superintendent of Great Northern School District, enters the school building, Thursday, Jan 24, 2019. (Dan Pelle / The Spokesman\u002DReview)"",","""Dan Pelle"","
66,spokesmanreview,,,10,"""Glenn Frizzell is the 87\u002Dyear\u002Dold part\u002Dtime superintendent of Great Northern School District. (Dan Pelle / The Spokesman\u002DReview)"",","""Dan Pelle"","
66,spokesmanreview,,,10,"""The Great Northern School District is home to 36 students K\u002D6th grade. (Dan Pelle / The Spokesman\u002DReview)"",","""Dan Pelle"","
66,spokesmanreview,,,10,"""Glenn Frizzell, the 87\u002Dyear\u002Dold part\u002Dtime superintendent of Great Northern School District visits the 5\u002D6 classroom, Thursday, Jan. 24, 2019. (Dan Pelle / The Spokesman\u002DReview)"",","""Dan Pelle"","
66,spokesmanreview,,,10,"""Eileen Nave, 5\u002D6 grade teacher works with her students, Thursday, Jan. 24, 2019, at the Great Northern School. (Dan Pelle / The Spokesman\u002DReview)"",","""Dan Pelle"","
66,spokesmanreview,,,10,"""Kathy Johnston 2\u002D3\u002D4 grad teacher works with her students at the Great Northern School, Thursday, Jan. 24, 2019. (Dan Pelle / The Spokesman\u002DReview)"",","""Dan Pelle"","
66,spokesmanreview,,,10,"""When a student at the Great Northern School was asked to identify a drawing of a Ninja Turtle, the youngster answered Umm..Mr. Frizzell? (Dan Pelle / The Spokesman\u002DReview)"",","""Dan Pelle"","
67,spokesmanreview,https://www.spokesman.com/stories/2019/jan/30/troublesome-abandoned-house-along-bloomsday-route-/,"Wed., Jan. 30, 2019",1,"Vehicles pass a house on Government Way near Riverside Avenue, Tuesdaythat's frequently been used by squatters and has been the site of multiple fires. It will be torn down.
Dan Pelle/THE SPOKESMAN-REVIEW (Dan Pelle / The Spokesman-Review)",(Dan Pelle / The Spokesman-Review
68,spokesmanreview,https://www.spokesman.com/stories/2019/jan/30/wsu-study-finds-mortality-rate-higher-on-east-side/,"UPDATED: 10:51 p.m.	Wed., Jan. 30, 2019, 4 a.m.",1,NA,NA
"

2019-03-28 08:45:50.272349
",,,,,,
News Org                                 Input      RTs        NoLinks    Output    ,,,,,,
spokesmanreview                          196        116        13         56        ,,,,,,