Index,Publisher,URL,Date,Num_Images,Caption,Credit/Source
1,starledger,https://www.nj.com/opinion/2019/02/cory_booker_made_it_official_sheneman_cartoon.html?utm_campaign=starledger_sf&utm_medium=social&utm_content=nj_starledger_twitter&utm_source=twitter,2019-02-10T09:30:48Z,0,NA,NA
2,starledger,https://www.nj.com/opinion/2019/02/to-live-or-not-to-live-the-decision-should-be-yours-moran.html?utm_medium=social&utm_campaign=starledger_sf&utm_content=nj_starledger_twitter&utm_source=twitter,2019-02-10T08:34:31Z,1,"Debra Dunn speaks before the Senate health committee before they approved a bill that would allow doctors to prescribe life-ending meds to terminally ill patients. Hearing were held at the Statehouse Annex in Trenton, N.J. Thursday, February, 7, 2019 (Ed Murray | NJ Advance Media for NJ.com) Ed Murray | NJ Advance Media for",Ed Murray | NJ Advance Media for
3,starledger,https://www.nj.com/opinion/2019/02/all-donald-trump-is-saying-is-give-peace-a-chance-mulshine.html?utm_campaign=starledger_sf&utm_medium=social&utm_content=nj_starledger_twitter&utm_source=twitter,2019-02-10T06:30:06Z,1,"President Trump gives his State of the Union address to a joint session of Congress. (Doug Mills/The New York Times via AP, Pool)",AP Photo
4,starledger,https://www.nj.com/opinion/2019/02/im_afraid_of_donald_trumps_taxes_sheneman_cartoon.html?utm_medium=social&utm_source=twitter&utm_campaign=starledger_sf&utm_content=nj_starledger_twitter,2019-02-08T09:30:53Z,0,NA,NA
5,starledger,https://www.nj.com/opinion/2019/02/the_state_of_the_union_is_full_of_it_sheneman_cart.html?utm_medium=social&utm_content=nj_starledger_twitter&utm_campaign=starledger_sf&utm_source=twitter,2019-02-07T09:30:56Z,0,NA,NA
6,starledger,https://www.nj.com/rutgersfootball/2019/02/this-seals-it-greg-schiano-is-never-coming-back-to-rutgers-politi.html?utm_campaign=starledger_sf&utm_source=twitter&utm_medium=social&utm_content=nj_starledger_twitter,2019-02-07T07:09:36Z,1,"The homecoming between Rutgers and Greg Schiano is not going to happen, not with Schiano getting a job in New England.",Marvin Fong
7,starledger,https://www.nj.com/opinion/2019/02/steve-sweeney-vs-phil-murphy-big-budget-battle-brewing-in-trenton-mulshine.html?utm_source=twitter&utm_campaign=starledger_sf&utm_medium=social&utm_content=nj_starledger_twitter,2019-02-07T06:33:19Z,1,Phil Murphy address a group of labor unions during a 2017 rally with Senate President Stephen Sweeney. (Aristide Economopoulos),Aristide Economopoulos
8,starledger,https://www.nj.com/opinion/2019/02/verniero-sees-mistakes-in-brennan-rape-case-murphy-ignores-them-moran.html?utm_source=twitter&utm_campaign=starledger_sf&utm_medium=social&utm_content=nj_starledger_twitter,2019-02-06T19:00:03Z,1,"Peter Verniero former Justice of the New Jersey Supreme Court, was hired by Gov. Phil Murphy to conduct an internal investigation. (Patti Sapone/The Star-Ledger) SL","Sapone, Patti"
9,starledger,https://www.nj.com/opinion/2019/02/murphy-flubbed-the-housing-aid-bill-fix-it-or-step-aside-editorial.html?utm_content=nj_starledger_twitter&utm_medium=social&utm_campaign=starledger_sf&utm_source=twitter,2019-02-06T08:41:58Z,1,"Gov. Murphy vetoed Senate President Steve Sweeney's bill to provide more emergency aid for the homeless, because it was too large an expense for the middle of a fiscal year. Julio Cortez | Associated Press",AP Photo
10,starledger,https://www.nj.com/opinion/2019/02/state-of-the-state-of-emergency-can-trump-get-out-of-the-corner-he-put-himself-in-mulshine.html?utm_campaign=starledger_sf&utm_source=twitter&utm_medium=social&utm_content=nj_starledger_twitter,2019-02-05T06:36:27Z,1,"Rick Cavazos is mayor of Los Indios, Texas. The mayor supports a border wall and says it has protected his community.",(Andre Malok | NJ Advance Media for NJ.com)
11,starledger,https://www.nj.com/opinion/2019/02/want-fewer-people-to-od-from-drugs-your-schools-need-to-do-this-opinion.html?utm_medium=social&utm_content=nj_starledger_twitter&utm_campaign=starledger_sf&utm_source=twitter,2019-02-04T11:10:35Z,1,"Having the Department of Education as an integral collaborator in the state’s multifaceted effort to combat drug abuse is key, according to former State Senator Raymond Lesniak and others.",NA
12,starledger,https://www.nj.com/opinion/2019/02/murphy_nibbling_at_the_edges_of_the_fiscal_crisis.html?utm_source=twitter&utm_campaign=starledger_sf&utm_medium=social&utm_content=nj_starledger_twitter,2019-02-04T09:30:38Z,0,NA,NA
13,starledger,https://www.nj.com/giants/2019/02/bill-belichicks-masterful-super-bowl-game-plan-proves-he-can-win-without-tom-brady-politi.html?utm_medium=social&utm_content=nj_starledger_twitter&utm_campaign=starledger_sf&utm_source=twitter,2019-02-04T07:18:06Z,1,Patriots head coach Bill Belichick waves after the NFL Super Bowl 53 football game against the Los Angeles Ram. The Patriots won 13-3. (AP Photo/Patrick Semansky),Patrick Semansky
14,starledger,https://www.nj.com/opinion/2019/02/trumps-tax-returns-could-tell-a-hellacious-story-editorial.html?utm_campaign=starledger_sf&utm_source=twitter&utm_medium=social&utm_content=nj_starledger_twitter,2019-02-04T06:30:37Z,1,How Democrats plan to get Trump’s tax returns in 2019,NA
15,starledger,https://www.nj.com/giants/2019/02/tom-brady-makes-super-bowl-history-despite-a-lousy-day-for-the-new-england-patriots-offense-politi.html?utm_medium=social&utm_source=twitter&utm_campaign=starledger_sf&utm_content=nj_starledger_twitter,2019-02-03T23:36:11Z,1,Tom Brady had a rough day in his ninth Super Bowl appearance. But so did everyone on offense.,Lynne Stadky
16,starledger,https://www.nj.com/opinion/2019/02/dont-go-bananas-on-venezuela-it-will-only-encourage-the-crazy-dictator-mulshine.html?utm_source=twitter&utm_medium=social&utm_campaign=starledger_sf&utm_content=nj_starledger_twitter,2019-02-03T10:30:33Z,1,"Anti-government protesters hold their hands up during the symbolic swearing-in of Juan Guaido, head of the opposition-run congress who declared himself interim president of Venezuela during a rally Jan. 23.demanding President Nicolas Maduro's resignation. (AP Photo/Fernando Llano)",Fernando Llano
17,starledger,https://www.nj.com/opinion/2019/02/chris_christie_is_finished_sheneman_cartoon.html?utm_campaign=starledger_sf&utm_content=nj_starledger_twitter&utm_medium=social&utm_source=twitter,2019-02-03T09:30:16Z,0,NA,NA
18,starledger,https://www.nj.com/giants/2019/02/dwayne-haskins-is-ready-for-a-giant-spotlight-as-quarterbacks-nfl-draft-stock-rises-politi.html?utm_medium=social&utm_source=twitter&utm_campaign=starledger_sf&utm_content=nj_starledger_twitter,2019-02-02T14:24:21Z,1,Dwayne Haskins is considered the top quarterback prospect in the NFL Draft. That means everyone -- including the Giants -- will watch his every move closely.,Marvin Fong
19,starledger,https://www.nj.com/opinion/2019/02/when-the-real-national-emergency-is-between-trumps-ears-editorial.html?utm_source=twitter&utm_medium=social&utm_campaign=starledger_sf&utm_content=nj_starledger_twitter,2019-02-02T10:50:51Z,1,Trump’s Emergency Powers Are 'Ripe for Abuse',NA
20,starledger,https://www.nj.com/jets/2019/02/peyton-manning-adam-gase-is-a-good-fit-for-sam-darnold-and-the-jets.html?utm_campaign=starledger_sf&utm_content=nj_starledger_twitter&utm_medium=social&utm_source=twitter,2019-02-01T21:33:22Z,1,Peyton Manning had a career year with new Jets coach Adam Gase developing the game plans.,AL.com reports
21,starledger,https://www.nj.com/rutgersfootball/2019/02/a-new-report-says-rutgers-should-cut-sports-heres-why-that-would-be-a-huge-mistake-politi.html?utm_medium=social&utm_campaign=starledger_sf&utm_content=nj_starledger_twitter&utm_source=twitter,2019-02-01T10:23:41Z,1,"Rutgers shouldn't cut teams to save a few bucks, despite what a new report suggests.",John Munson | NJ Advance Media for NJ.com
22,starledger,https://www.nj.com/opinion/2019/02/baby_its_cold_outside_sheneman_cartoon.html?utm_campaign=starledger_sf&utm_medium=social&utm_content=nj_starledger_twitter&utm_source=twitter,2019-02-01T09:30:28Z,0,NA,NA
23,starledger,https://www.nj.com/giants/2019/02/metlife-stadium-stinks-the-latest-super-bowl-venues-will-make-it-look-even-more-blah-politi.html?utm_campaign=starledger_sf&utm_medium=social&utm_source=twitter&utm_content=nj_starledger_twitter,2019-02-01T07:20:37Z,1,"Mercedes-Benz Stadium, site of Super Bowl LIII, is just the latest NFL venue that puts MetLife Stadium to shame.",Matt Rourke
24,starledger,https://www.nj.com/opinion/2019/02/booker-is-running-ive-watched-him-for-20-years-heres-what-ive-learned-moran.html?utm_content=nj_starledger_twitter&utm_source=twitter&utm_campaign=starledger_sf&utm_medium=social,2019-02-01T09:50:51Z,1,Sen. Cory Booker ended the suspense Friday by announcing his candidacy for the presidency. (Andrew Harnik | AP),Andrew Harnik
25,starledger,https://www.nj.com/giants/2019/01/super-bowl-2019-finding-a-los-angeles-rams-fan-in-atlanta-is-like-finding-a-unicorn-politi.html?utm_source=twitter&utm_content=nj_starledger_twitter&utm_campaign=starledger_sf&utm_medium=social,2019-01-31T16:49:29Z,1,Has anyone seen any Rams fans at the Super Bowl?,David Goldman
26,starledger,https://www.nj.com/opinion/2019/01/ex-bush-and-whitman-adviser-after-trump-exits-office-president-pence-will-be-challenged-in-2020-by-chris-christie.html?utm_source=twitter&utm_content=nj_starledger_twitter&utm_campaign=starledger_sf&utm_medium=social,2019-01-31T12:07:58Z,1,"Alan J. Steinberg says when Christie does enter the presidential race, he will receive surprisingly good press, as journalists compare him with Donald Trump.",photo illustration
27,starledger,https://www.nj.com/opinion/2019/01/dark-money-reform-now-hinges-on-assembly-speaker-coughlin-moran.html?utm_campaign=starledger_sf&utm_medium=social&utm_source=twitter&utm_content=nj_starledger_twitter,2019-01-31T07:40:35Z,1,"New Jersey Assembly Speaker Craig Coughlin, D-Woodbridge, right, is considering a bill to open dark money funds by requiring disclosure of donors.",Julio Cortez
28,starledger,https://www.nj.com/opinion/2019/01/let-him-finish-in-his-own-mind-chris-christies-just-getting-started-mulshine.html?utm_content=nj_starledger_twitter&utm_source=twitter&utm_medium=social&utm_campaign=starledger_sf,2019-01-31T09:02:49Z,1,Ohio Gov. John Kasich: Chris Christie would certainly like another shot at him,John Minchillo
29,starledger,https://www.nj.com/giants/2019/01/roger-goodell-is-a-lying-clueless-windbag-and-it-just-doesnt-matter-politi.html?utm_source=twitter&utm_campaign=starledger_sf&utm_content=nj_starledger_twitter&utm_medium=social,2019-01-30T15:46:03Z,1,"NFL Commissioner Roger Goodell answers a question during a news conference for the NFL Super Bowl 53 football game Wednesday, Jan. 30, 2019, in Atlanta. (AP Photo/David J. Phillip)",David J. Phillip
30,starledger,https://www.nj.com/opinion/2019/01/murphy-needs-to-do-the-hard-thing-stop-local-prosecutors-from-investigating-fatal-police-encounters-activist-says.html?utm_content=nj_starledger_twitter&utm_medium=social&utm_campaign=starledger_sf&utm_source=twitter,2019-01-31T08:18:46Z,1,"A New Jersey activist says Gov. Phil Murphy should take a difficult stance that's morally right, and sign a bill requiring fatal police encounters to be investigated by an independent investigator. Above are protesters gathered Jan. 11, 2019 after the death of Jameek Lowery of Paterson, who died two days after asking the Paterson police for help.",NA
31,starledger,https://www.nj.com/giants/2019/01/how-tony-romos-super-bowl-regret-fueled-a-brilliant-broadcasting-career-politi.html?utm_campaign=starledger_sf&utm_medium=social&utm_content=nj_starledger_twitter&utm_source=twitter,2019-01-30T11:37:58Z,1,CBS football analyst Tony Romo walks across the field during warmups of a regular-season game between the Chiefs and Cowboys.,Michael Ainsworth
32,starledger,https://www.nj.com/giants/2019/01/super_bowl_2019_la_rams_sean_mcvay_is_making_me_fe.html?utm_content=nj_starledger_twitter&utm_medium=social&utm_campaign=starledger_sf&utm_source=twitter,2019-01-30T07:02:42Z,1,"Los Angeles Rams coach Sean McVay, at 33, is the youngest head coach in Super Bowl history.  (John Bazemore | AP)",John Bazemore | AP
33,starledger,https://www.nj.com/opinion/2019/01/murphy-must-appoint-new-pinelands-leadership-editorial.html?utm_source=twitter&utm_content=nj_starledger_twitter&utm_medium=social&utm_campaign=starledger_sf,2019-01-30T10:10:00Z,1,"This iconic Pine Barrens photograph from Richard Speedy, entitled ""Water Clouds,"" makes you think that a pipeline would look perfect right around here.",Richard Speedy
34,starledger,https://www.nj.com/opinion/2019/01/chris-christies-got-company-when-it-comes-to-trump-tell-all-books-mulshine.html?utm_source=twitter&utm_campaign=starledger_sf&utm_content=nj_starledger_twitter&utm_medium=social,2019-01-29T10:56:55Z,1,White House counselor Kellyanne Conway (AP File Photo),The Associated Press
35,starledger,https://www.nj.com/sports/2019/01/the-other-mccourty-finally-gets-his-super-bowl-moment-with-the-new-england-patriots-politi.html?utm_campaign=starledger_sf&utm_medium=social&utm_content=nj_starledger_twitter&utm_source=twitter,2019-01-29T08:01:11Z,1,Jason McCourty (left) and his twin brother Devin answer questions during Opening Night for Super Bowl 53. Jason is playing in his first Super Bowl; Devin his fifth.,David Goldman
36,starledger,https://www.nj.com/opinion/2019/01/im-a-socialist-and-a-historian-socialism-is-blooming-again-in-nj-this-time-in-the-age-of-trump.html?utm_source=twitter&utm_medium=social&utm_content=nj_starledger_twitter&utm_campaign=starledger_sf,2019-01-29T10:12:07Z,1,"Strub: This is an exciting moment for socialism, and Trump’s team is right to be scared. Photo of freshman U.S. Rep. Alexandria Ocasio-Cortez of New York by Charles Krupa | Associated Press.",Charles Krupa
37,starledger,https://www.nj.com/opinion/2019/01/brendan_gill_i_didnt_hire_al_alvarez_either_moran.html?utm_campaign=starledger_sf&utm_content=nj_starledger_twitter&utm_medium=social&utm_source=twitter,2019-01-28T18:30:00Z,1,Brendan Gill and Phil Murphy in Newark during the campaign. (Aristide Economopoulos / NJ Advance Media),Aristide Economopoulos / NJ Advance Media
38,starledger,https://www.nj.com/opinion/2019/01/gov-florio-camdens-renaissance-will-impact-the-entire-state-lets-keep-building-on-its-success.html?utm_medium=social&utm_campaign=starledger_sf&utm_content=nj_starledger_twitter&utm_source=twitter,2019-01-28T11:36:45Z,1,"View of Camden skyline at night from vantage point of across the river at Penns Landing, Philadelphia (2013 Star-Ledger file photo)",Star-Ledger file photo
39,starledger,https://www.nj.com/opinion/2019/01/the_shutdown_is_scary_sheneman_cartoon.html?utm_source=twitter&utm_medium=social&utm_content=nj_starledger_twitter&utm_campaign=starledger_sf,2019-01-28T14:30:41Z,0,NA,NA
40,starledger,https://www.nj.com/rutgersfootball/2019/01/a-rutgers-professor-called-a-booster-a-parasite-and-an-idiot-will-athletics-and-academics-ever-get-along-politi.html?utm_source=twitter&utm_campaign=starledger_sf&utm_content=nj_starledger_twitter&utm_medium=social,2019-01-28T08:35:13Z,1,The divide between academics and athletics at Rutgers is only deepening.,John Munson | NJ Advance Media for NJ.com
"

2019-02-28 18:19:42.352844
",,,,,,
News Org                                 Input      RTs        NoLinks    Output    ,,,,,,
starledger                               40         0          0          40        ,,,,,,
