Index,Publisher,URL,Date,Num_Images,Caption,Credit/Source
1,projo,https://www.providencejournal.com/news/20190210/third-ri-person-charged-in-theft-of-boston-police-officers-gun,"Feb 10, 2019 at 4:30 PM 	Feb 10, 2019 at 7:41 PM",2,"""Kyle Benford, 24, of Providence, has been charged with stealing a Boston police officer's gun."",",NA
1,projo,,,2,"""Melissa Dacier, left, and Neish Rivera are accused of stealing a gun from a Boston police officer. [Pawtucket Police]"",","[Pawtucket Police]"","
2,projo,https://www.providencejournal.com/news/20190210/bert-pelican-stranded-in-ri-finally-flies-south---by-plane,"Feb 10, 2019 at 11:41 AM 	Feb 10, 2019 at 9:06 PM",6,"""Bert the Pelican waits in the terminal at North Central airport for his flight to Maryland Sunday morning. [The Providence Journal / Kris Craig]"",","[The Providence Journal / Kris Craig]"","
2,projo,,,6,"""Chi Chan explains to pilot Jonathan Pascua how to handle Bert the pelican. [The Providence Journal / Kris Craig]"",","[The Providence Journal / Kris Craig]"","
2,projo,,,6,"""Jonathan Pascua loads Bert into his plane at North Central Airport Sunday morning. [The Providence Journal / Kris Craig]"",","[The Providence Journal / Kris Craig]"","
2,projo,,,6,"""Pilot Jonathan Pascua secures Bert in the plane. [The Providence Journal / Kris Craig]"",","[The Providence Journal / Kris Craig]"","
2,projo,,,6,"""Jonathan Pascua, a Coventry firefighter, flies for Pilots N' Paws and generally works with four-legged creatures. He volunteered to take the pelican to Maryland. [The Providence Journal / Kris Craig]"",","[The Providence Journal / Kris Craig]"","
2,projo,,,6,"""Bert the Pelican peeks out from his enclosure as he waits in the terminal at North Central Airport for his flight to Maryland Sunday morning. In the background is veterinarian Chi Chan. [The Providence Journal / Kris Craig]"",","[The Providence Journal / Kris Craig]"","
3,projo,https://www.providencejournal.com/sports/20190210/best-bets-sports-betting-picks-for-sunday-feb-10-2019,"Feb 10, 2019 at 6:00 AM 	",1,NA,NA
4,projo,https://www.providencejournal.com/news/20190208/pedestrian-struck-by-car-near-tf-green-airport,"Feb 8, 2019 at 9:09 PM 	Feb 8, 2019 at 10:41 PM",0,NA,NA
5,projo,https://www.providencejournal.com/news/20190208/police-ri-strippers-who-stole-boston-cops-gun-were-paid-for-sex,"Feb 8, 2019 at 6:13 PM 	Feb 8, 2019 at 6:59 PM",1,"""Melissa Dacier, left, and Neish Rivera are accused of stealing a handgun from a Boston police officer. [Pawtucket Police Department]"",","[Pawtucket Police Department]"","
6,projo,https://www.providencejournal.com/news/20190208/trash-police-city-says-goal-of-recycling-checks-is-improvement-not-punishment--video-audio,"Feb 8, 2019 at 5:08 PM 	Feb 8, 2019 at 8:16 PM",5,"""Al Giuliano, environmental specialist with the Providence Department of Public Works, looks through a recycle bin on Pavillion Avenue. [The Providence Journal/Steve Szydlowski]"",","[The Providence Journal/Steve Szydlowski]"","
6,projo,,,5,"""A DPW enviromental specialist finds plastic bags that do not belong in the recycle bin. [The Providence Journal/Steve Szydlowski]"",","[The Providence Journal/Steve Szydlowski]"","
6,projo,,,5,"""A tag on a recycle bin is marked contaminated and a check mark notes items that should not be put into recycle bins. [The Providence Journal/Steve Szydlowski]"",","[The Providence Journal/Steve Szydlowski]"","
6,projo,,,5,"""Steven Badessa, environmental specialist with the City of Providence Department of Public Works, removes a plastic bag from a recycle bin on Pavillion Avenue. [The Providence Journal/Steve Szydlowski]"",","[The Providence Journal/Steve Szydlowski]"","
6,projo,,,5,"""Providence Department of Public Works associate director of environmental control Francisco Ramirez talks about the recycle program in the city. [The Providence Journal/Steve Szydlowski]"",","[The Providence Journal/Steve Szydlowski]"","
7,projo,https://www.providencejournal.com/news/20190208/providence-police-seek-help-in-search-for-suspect-who-allegedly-stabbed-homeless-woman,"Feb 8, 2019 at 3:44 PM 	Feb 8, 2019 at 3:59 PM",1,"""Photo and vidoe provided by Providence Police"",","Photo and vidoe provided by Providence Police"","
8,projo,https://www.providencejournal.com/news/20190208/hells-angels-member-from-north-providence-held-without-bail-on-drug-firearms-charges,"Feb 8, 2019 at 9:20 AM 	Feb 8, 2019 at 5:58 PM",1,"""Douglas Leedham [Rhode Island State Police photo]"",","[Rhode Island State Police photo]"","
9,projo,https://www.providencejournal.com/news/20190208/health-department-13-flu-deaths-in-ri-this-winter,"Feb 8, 2019 at 2:11 PM 	Feb 8, 2019 at 5:18 PM",1,"""A nurse gives a flu shot at a clinic in the Warwick Mall in 2014. The Providence Journal, file / Glenn Osmundson"",",NA
10,projo,https://www.providencejournal.com/news/20190208/jury-clears-tiverton-officers-in-2012-arrest-of-fisherman,"Feb 8, 2019 at 12:01 PM 	Feb 8, 2019 at 2:24 PM",1,"""Former Tiverton Police Chief Thomas Blakey (pictured), police officers and the town were cleared in the civil trial, which alleged that officers used force and violence against Charles Maguire without provocation after being called to his house in June 2012. [The Providence Journal file / Glenn Osmundson]"",","[The Providence Journal file / Glenn Osmundson]"","
11,projo,https://www.providencejournal.com/news/20190208/providence-patrolwoman-accused-of-using-racial-slur-retires,"Feb 8, 2019 at 11:14 AM 	Feb 8, 2019 at 4:31 PM",1,"""Rhonda Kessler [The Providence Journal file/ 2004]"",","[The Providence Journal file/ 2004]"","
12,projo,https://www.providencejournal.com/news/20190208/strong-winds-tonight-into-saturday-could-knock-out-power,"Feb 8, 2019 at 8:04 AM 	Feb 8, 2019 at 2:05 PM",0,NA,NA
13,projo,https://www.providencejournal.com/news/20190208/mattel-hasbro-results-show-diverging-post-toys-r-us-paths,"Feb 8, 2019 at 7:12 AM 	Feb 8, 2019 at 2:39 PM",1,"""Mr. Potato Head greets visitors to the Hasbro offices in Pawtucket. [The Providence Journal file/ Sandor Bodo]"",","[The Providence Journal file/ Sandor Bodo]"","
14,projo,https://www.providencejournal.com/news/20190208/amazon-ceo-bezos-tells-of-enquirer-threats-to-publish-revealing-pics,"Feb 8, 2019 at 7:07 AM 	Feb 8, 2019 at 7:58 AM",1,"""In this Sept. 13, 2018, file photo Jeff Bezos, Amazon founder and CEO, speaks at The Economic Club of Washington's Milestone Celebration in Washington. Bezos says the National Enquirer is threatening to publish nude photographs of him unless his private investigators back off the tabloid that detailed the billionaire's extramarital affair (AP Photo/Cliff Owen, File)"",","(AP Photo/Cliff Owen, File)"","
15,projo,https://www.providencejournal.com/news/20190207/strip-club-romance-led-to-assault-charge-against-providence-police-lieutenant,"Feb 7, 2019 at 9:28 AM 	Feb 7, 2019 at 4:10 PM",1,"""Providence Police Lt. Joseph Donnelly, right, leaves Kent County District Court with his lawyer, William Murphy. [The Providence Journal / Brian Amaral]"",","[The Providence Journal / Brian Amaral]"","
16,projo,https://www.providencejournal.com/sports/20190207/pick-and-pop---college-hoops-podcast-shooting-struggles-continue-for-friars-rams,"Feb 7, 2019 at 3:59 PM 	",1,NA,"""PROVIDENCE JOURNAL / STEVE SZYDLOWSKI"","
17,projo,https://www.providencejournal.com/news/20190207/baseball-hall-of-famer-frank-robinson-dies-at-83,"Feb 7, 2019 at 2:55 PM 	Feb 7, 2019 at 3:46 PM",2,"""Baltimore Orioles outfielder Frank Robinson poses for a photo in 1967. [AP files]"",","[AP files]"","
17,projo,,,2,"""Frank Robinson watches batting practice in 1989, when he was manager of the Baltimore Orioles. [Getty Images]"",","[Getty Images]"","
18,projo,https://www.providencejournal.com/news/20190207/police-seek-men-who-stole-4-iphones-cash-from-providence-store,"Feb 7, 2019 at 11:35 AM 	Feb 7, 2019 at 11:35 AM",0,NA,NA
19,projo,https://www.providencejournal.com/news/20190207/artful-protest-sculptor-delivers-800-pound-spoon-to-ri-opioid-maker,"Feb 7, 2019 at 8:18 AM 	Feb 7, 2019 at 8:55 PM",3,"""Domenic Esposito, a sculptor from Westwood, Massachusetts, left, and Benjamin Todd, of Massachusetts, move the 10-foot long, 800-pound aluminum spoon, like the kind drug addicts use to melt heroin before injecting it, to the front gate of Rhodes Pharma's complex off Washington Street, Coventry. [The Providence Journal / Steve Szydlowski]"",","[The Providence Journal / Steve Szydlowski]"","
19,projo,,,3,"""Sculptor Domenic Esposito left the 10-foot, 800-pound spoon in front of Rhodes Pharmaceuticals around 8 a.m. Thursday to protest the company's opioid manufacturing. [The Providence Journal / Steve Szydlowski]"",","[The Providence Journal / Steve Szydlowski]"","
19,projo,,,3,"""Coventry police talk with Domenic Esposito, center, sculptor from Westwood, Massachusetts, and others about not blocking the intersection at Rhodes Pharma's industrial complex off Washington Street Esposito dropped off a 10-foot long, 800-pound aluminum spoon to the front gate of Rhodes Pharma's sprawling industrial complex off Washington Street. [The Providence Journal/Steve Szydlowski]"",","[The Providence Journal/Steve Szydlowski]"","
20,projo,https://www.providencejournal.com/news/20190206/hundreds-raise-concerns-over-discipline-at-warren-middle-school,"Feb 6, 2019 at 9:09 PM 	Feb 7, 2019 at 7:46 AM",3,"""Hundreds of parents and teachers turn up to discuss discipline and mental health issues at Kickemuit Middle School in Warren. [The Providence Journal / Linda Borg]"",","[The Providence Journal / Linda Borg]"","
20,projo,,,3,"""Kickemuit Middle School. [The Providence Journal / Sandor Bodo]"",","[The Providence Journal / Sandor Bodo]"","
20,projo,,,3,"""The front entry hall at Kickemuit was conspicuously empty last Friday when many teachers called in sick and classes were cancelled. The pause was a protest by the teachers, who say student discipline has deteriorated to the point where teachers and students are no longer safe. [The Providence Journal / Sandor Bodo]"",","[The Providence Journal / Sandor Bodo]"","
21,projo,https://www.providencejournal.com/news/20190206/police-bank-officials-raise-alarm-about-frequency-of-scams-targeting-elderly,"Feb 6, 2019 at 7:27 PM 	Feb 6, 2019 at 7:27 PM",1,"""Sen. Cynthia A. Coyne, D-Barrington, heads the elder abuse task force. [Jack Brook photo / Special to The Journal]"",","[Jack Brook photo / Special to The Journal]"","
22,projo,https://www.providencejournal.com/news/20190206/state-denies-providence-restaurants-bid-to-lift-liquor-license-suspension,"Feb 6, 2019 at 6:21 PM 	Feb 6, 2019 at 6:38 PM",2,"""DaVinci Ristorante and Lounge on Federal Hill in Providence. [The Providence Journal, file / Kris Craig]"",","[The Providence Journal, file / Kris Craig]"","
22,projo,,,2,"""Romeo Rouhana, co-owner of DaVinci Ristorante. [Providence Police Department]"",","[Providence Police Department]"","
23,projo,https://www.providencejournal.com/news/20190206/beverage-industry-increasing-tax-on-six-packs-by-one-penny-will-drive-customers-out-of-state,"Feb 6, 2019 at 4:23 PM 	Feb 6, 2019 at 5:50 PM",1,"""Rhode Island legislators are considering a tax increase on bottles and cans. The beverage industry has responded by criticizing the tax, saying it will drive customers to Massachusetts. [Zuma Press / TNS]"",","[Zuma Press / TNS]"","
24,projo,https://www.providencejournal.com/news/20190206/you-took-away-all-trust-former-sen-kettle-accepts-plea-deal-apologizes-to-ex-girlfriend,"Feb 6, 2019 at 11:34 AM 	Feb 6, 2019 at 4:58 PM",2,"""Nicholas Kettle leans forward to see his former girlfriend walk to the podium to give her victim statement. [The Providence Journal/Steve Szydlowski]"",","[The Providence Journal/Steve Szydlowski]"","
24,projo,,,2,"""Former Republican state Sen. Nicholas Kettle pays attention to prosecutor Owen Murphy, who delivers the opening statements for the prosecution at the trial Tuesday. To the right of Kettle is one of his defense lawyers Jason Dixon Acosta. [The Providence Journal/Sandor Bodo]"",","[The Providence Journal/Sandor Bodo]"","
25,projo,https://www.providencejournal.com/news/20190206/warwick-police-used-dna-database-to-find-suspect-in-2013-murder,"Feb 6, 2019 at 10:19 AM 	Feb 6, 2019 at 8:04 PM",4,"""Michael A. Soares appears in court Wednesday morning. [The Providence Journal / Steve Szydlowski]"",","[The Providence Journal / Steve Szydlowski]"","
25,projo,,,4,"""Warwick Detective Capt. Joseph Hopkins and Police Chief Richard Rathbun speak with members of the Fay family at a news conference Wednesday. [The Providence Journal / Steve Szydlowski]"",","[The Providence Journal / Steve Szydlowski]"","
25,projo,,,4,"""Warwick Police Detective Capt. Joseph Hopkins speaks about the arrest of Michael Soares in the killing of John \""Jack\"" Fay. [The Providence Journal / Steve Szydlowski]"",","[The Providence Journal / Steve Szydlowski]"","
25,projo,,,4,"""Dan Fay, of North Kingstown, son of John \""Jack\"" Fay, speaks to reporters at the Warwick police station. [The Providence Journal / Steve Szydlowski]"",","[The Providence Journal / Steve Szydlowski]"","
26,projo,https://www.providencejournal.com/news/20190206/north-providence-settles-police-sexual-harassment-lawsuit-for-150k,"Feb 6, 2019 at 3:00 PM 	Feb 6, 2019 at 7:44 PM",1,"""Diana Perez, then a North Providence police sergeant, at a State House event in 2014, turning in backpacks that had been donated for children in need. [Journal files]"",","[Journal files]"","
27,projo,https://www.providencejournal.com/news/20190206/raimondo-order-creates-target-for-limiting-growth-of-health-care-costs,"Feb 6, 2019 at 1:00 PM 	",0,NA,NA
28,projo,https://www.providencejournal.com/news/20190206/you-took-away-all-trust-former-sen-kettle-accepts-plea-deal-apologizes-to-ex-girlfriend,"Feb 6, 2019 at 11:34 AM 	Feb 6, 2019 at 4:58 PM",2,"""Nicholas Kettle leans forward to see his former girlfriend walk to the podium to give her victim statement. [The Providence Journal/Steve Szydlowski]"",","[The Providence Journal/Steve Szydlowski]"","
28,projo,,,2,"""Former Republican state Sen. Nicholas Kettle pays attention to prosecutor Owen Murphy, who delivers the opening statements for the prosecution at the trial Tuesday. To the right of Kettle is one of his defense lawyers Jason Dixon Acosta. [The Providence Journal/Sandor Bodo]"",","[The Providence Journal/Sandor Bodo]"","
29,projo,https://www.providencejournal.com/news/20190206/north-kingstown-high-school-student-17-accused-of-assaulting-another-student,"Feb 6, 2019 at 10:45 AM 	Feb 6, 2019 at 10:45 AM",0,NA,NA
30,projo,https://www.providencejournal.com/news/20190206/warwick-police-used-dna-database-to-find-suspect-in-2013-murder,"Feb 6, 2019 at 10:19 AM 	Feb 6, 2019 at 8:04 PM",4,"""Michael A. Soares appears in court Wednesday morning. [The Providence Journal / Steve Szydlowski]"",","[The Providence Journal / Steve Szydlowski]"","
30,projo,,,4,"""Warwick Detective Capt. Joseph Hopkins and Police Chief Richard Rathbun speak with members of the Fay family at a news conference Wednesday. [The Providence Journal / Steve Szydlowski]"",","[The Providence Journal / Steve Szydlowski]"","
30,projo,,,4,"""Warwick Police Detective Capt. Joseph Hopkins speaks about the arrest of Michael Soares in the killing of John \""Jack\"" Fay. [The Providence Journal / Steve Szydlowski]"",","[The Providence Journal / Steve Szydlowski]"","
30,projo,,,4,"""Dan Fay, of North Kingstown, son of John \""Jack\"" Fay, speaks to reporters at the Warwick police station. [The Providence Journal / Steve Szydlowski]"",","[The Providence Journal / Steve Szydlowski]"","
31,projo,https://www.providencejournal.com/news/20190206/warwick-police-used-dna-database-to-find-suspect-in-2013-murder,"Feb 6, 2019 at 10:19 AM 	Feb 6, 2019 at 8:04 PM",4,"""Michael A. Soares appears in court Wednesday morning. [The Providence Journal / Steve Szydlowski]"",","[The Providence Journal / Steve Szydlowski]"","
31,projo,,,4,"""Warwick Detective Capt. Joseph Hopkins and Police Chief Richard Rathbun speak with members of the Fay family at a news conference Wednesday. [The Providence Journal / Steve Szydlowski]"",","[The Providence Journal / Steve Szydlowski]"","
31,projo,,,4,"""Warwick Police Detective Capt. Joseph Hopkins speaks about the arrest of Michael Soares in the killing of John \""Jack\"" Fay. [The Providence Journal / Steve Szydlowski]"",","[The Providence Journal / Steve Szydlowski]"","
31,projo,,,4,"""Dan Fay, of North Kingstown, son of John \""Jack\"" Fay, speaks to reporters at the Warwick police station. [The Providence Journal / Steve Szydlowski]"",","[The Providence Journal / Steve Szydlowski]"","
32,projo,https://www.providencejournal.com/news/20190206/mass-supreme-court-upholds-michelle-carters-texting-suicide-manslaughter-conviction,"Feb 6, 2019 at 10:41 AM 	Feb 6, 2019 at 2:19 PM",1,"""Michelle Carter listens to testimony at Taunton District Court in 2017. [AP photo / Charles Krupa]"",","[AP photo / Charles Krupa]"","
33,projo,https://www.providencejournal.com/news/20190206/ri-delegation-trumps-call-for-unity-doesnt-match-his-actions,"Feb 6, 2019 at 7:48 AM 	Feb 6, 2019 at 7:48 AM",10,"""President Donald Trump arrives to deliver his State of the Union address to a joint session of Congress on Capitol Hill in Washington, Tuesday, Feb. 5, 2019. (AP Photo/Carolyn Kaster)"",
						","(AP Photo/Carolyn Kaster)"",
						"
33,projo,,,10,"""President Donald Trump shakes hands with House Speaker Nancy Pelosi as Vice President Mike Pence looks on, as he arrives in the House chamber before giving his State of the Union address to a joint session of Congress, Tuesday, Feb. 5, 2019 at the Capitol in Washington. (Doug Mills/The New York Times via AP, Pool)"",
						","(Doug Mills/The New York Times via AP, Pool)"",
						"
33,projo,,,10,"""Eric and Lara Trump attend President Trump's State of the Union address to a joint session of Congress on Capitol Hill in Washington, D.C., on Tuesday, Feb. 5, 2019. (Olivier Douliery/Abaca Press/TNS)"",
						","(Olivier Douliery/Abaca Press/TNS)"",
						"
33,projo,,,10,"""President Donald Trump arrives in the House chamber and greets members before giving his State of the Union address to a joint session of Congress, Tuesday, Feb. 5, 2019 at the Capitol in Washington. (Doug Mills/The New York Times via AP, Pool)"",
						","(Doug Mills/The New York Times via AP, Pool)"",
						"
33,projo,,,10,"""Jared Kushner and Ivanka Trump attend President Trump's State of the Union address to a joint session of Congress on Capitol Hill in Washington, D.C., on Tuesday, Feb. 5, 2019. (Olivier Douliery/Abaca Press/TNS)"",
						","(Olivier Douliery/Abaca Press/TNS)"",
						"
33,projo,,,10,"""Supreme Court Chief Justice John Roberts, left, Associate Justices Elena Kagan and Neil Gorsuch, right, stand in the House chamber before President Donald Trump gave his State of the Union speech to a joint session of Congress, Tuesday, Feb. 5, 2019 at the Capitol in Washington. (Doug Mills/The New York Times via AP, Pool)"",
						","(Doug Mills/The New York Times via AP, Pool)"",
						"
33,projo,,,10,"""Buzz Aldrin salutes as President Donald Trump recognizes him during the State of the Union address to a joint session of Congress on Capitol Hill in Washington, Tuesday, Feb. 5, 2019. First lady Melania Trump is at right. (AP Photo/J. Scott Applewhite)"",
						","(AP Photo/J. Scott Applewhite)"",
						"
33,projo,,,10,"""President Donald Trump delivers his State of the Union address to a joint session of the Congress on Capitol Hill in Washington, D.C., on Tuesday, Feb. 5, 2019. (Olivier Douliery/Abaca Press/TNS)"",
						","(Olivier Douliery/Abaca Press/TNS)"",
						"
33,projo,,,10,"""House Speaker Nancy Pelosi gestures to fellow Democrats as President Donald Trump acknowledges women in Congress during his State of the Union address to a joint session of Congress on Capitol Hill in Washington, Tuesday, Feb. 5, 2019. Vice President Mike Pence applauds. (AP Photo/Andrew Harnik)"",
						","(AP Photo/Andrew Harnik)"",
						"
33,projo,,,10,"""Rep. Ilhan Omar, D-Minn., arrives for President Donald Trump's State of the Union address to a joint session of Congress on Capitol Hill in Washington, Tuesday, Feb. 5, 2019. (AP Photo/Carolyn Kaster)"",
						","(AP Photo/Carolyn Kaster)"",
						"
34,projo,https://www.providencejournal.com/news/20190206/winter-weather-advisory-follows-record-warmth,"Feb 6, 2019 at 8:01 AM 	Feb 6, 2019 at 8:31 AM",1,NA,NA
35,projo,https://www.providencejournal.com/news/20190205/june-speakman-wins-democratic-primary-moves-on-to-special-election-for-ri-house-seat,"Feb 5, 2019 at 8:55 PM 	Feb 5, 2019 at 9:42 PM",1,"""June Speakman [The Providence Journal, file]"",","[The Providence Journal, file]"","
36,projo,https://www.providencejournal.com/news/20190205/update-ri-lottery-says-65m-bet-on-super-bowl,"Feb 5, 2019 at 7:57 PM 	Feb 5, 2019 at 9:14 PM",1,"""Food, drink, betting and 102 screens at Twin River's Sportsbook Bar and Grill in Lincoln. [The Providence Journal / Kris Craig]"",","[The Providence Journal / Kris Craig]"","
37,projo,https://www.providencejournal.com/news/20190205/four-brothers-arrested-with-fentanyl-300000-in-providence-bust,"Feb 5, 2019 at 5:27 PM 	Feb 5, 2019 at 5:34 PM",1,"""An investigation by members of the R.I. State Police High Intensity Drug Trafficking Area (HIDTA) Task Force has resulted in the arrests of four brothers, Luis Enrique Molina, left, Luis Miguel Molina, Luis Armando Molina, Luis Alberto Molina and the seizure of 90 grams of fentanyl, a handgun and ammunition and nearly $300,000 cash. [R.I. State Police]"",","[R.I. State Police]"","
38,projo,https://www.providencejournal.com/news/20190205/pawtucket-man-charged-with-murder-in-2013-slaying-of-warwick-jogger,"Feb 5, 2019 at 5:26 PM 	Feb 5, 2019 at 9:28 PM",2,"""Michael A. Soares, 33, of 455 Lonsdale Ave., Pawtucket, is charged with first-degree murder in the homicide of John \""Jack\"" Fay in Warwick City Park in 2013. [Warwick Police Department]"",","[Warwick Police Department]"","
38,projo,,,2,"""Police and detective vehicles outside a Lonsdale Avenue apartment building in Pawtucket. Police identified the suspect arrested on a murder charge as living at 457 Lonsdale Ave."",",NA
39,projo,https://www.providencejournal.com/news/20190205/teen-stabbed-in-kennedy-plaza,"Feb 5, 2019 at 3:57 PM 	Feb 5, 2019 at 5:07 PM",1,"""A rescue crew responds to the scene of a stabbing Tuesday afternoon in a crowded Kennedy Plaza. [The Providence Journal / Steve Szydlowski]"",","[The Providence Journal / Steve Szydlowski]"","
40,projo,https://www.providencejournal.com/news/20190205/ri-launches-text-to-911-service,"Feb 5, 2019 at 3:54 PM 	Feb 5, 2019 at 8:00 PM",1,"""Demonstatration screenshot provided by the Rhode Island State Police."",",NA
41,projo,https://www.providencejournal.com/news/20190205/fleeting-taste-of-spring-high-temperature-sets-record-in-providence,"Feb 5, 2019 at 7:22 AM 	Feb 5, 2019 at 8:44 PM",10,"""Brett Wood of Swansea leans in for his throw during a game of Frisbee golf at Slater Memorial Park in Pawtucket. He and his friend were enjoying Tuesday's mild weather, which reached a high of 64 degrees at T.F. Green Airport in Warwick. [The Providence Journal / Kris Craig]"",","[The Providence Journal / Kris Craig]"","
41,projo,,,10,"""Zach Bodnar of Tiverton takes his turn playing Frisbee golf at Slater Memorial Park. [The Providence Journal / Kris Craig]"",","[The Providence Journal / Kris Craig]"","
41,projo,,,10,"""Brett Wood of Swansea tees off while friend Zach Bodnar of Tiverton watches as the two play the Frisbee golf course at Slater Memorial Park. [The Providence Journal / Kris Craig]"",","[The Providence Journal / Kris Craig]"","
41,projo,,,10,"""The Patriots' Elandon Roberts (52) rides a duck boat at the Patriots' Super Bowl victory parade through downtown Boston. [AP / Michael Dwyer]"",
						","[AP / Michael Dwyer]"",
						"
41,projo,,,10,"""Patriots Rob Gronkowski, waves to fans as the parade rolls down Boylston Street, for the Super Bowl winning New England Patriots. [The Providence Journal/Steve Szydlowski]"",
						","[The Providence Journal/Steve Szydlowski]"",
						"
41,projo,,,10,"""Patriots quarterback Tom Brady waves to the crowd at Tuesday's Super Bowl LIII victory parade down Boylston Street in Boston. [The Providence Journal / Steve Szydlowski]"",
						","[The Providence Journal / Steve Szydlowski]"",
						"
41,projo,,,10,"""Rob Gronkowski, center, celebrates alongside Camille Kostek, third from left, in a duck boat at the Patriots' Super Bowl LIII victory parade in Boston on Tuesday. [AP / Steven Senne]"",
						","[AP / Steven Senne]"",
						"
41,projo,,,10,"""New England Patriots' Julian Edelman rides a duck boat as the team parades through downtown Boston, Tuesday, Feb. 5, 2019, to celebrate their win over the Los Angeles Rams in Sunday's NFL Super Bowl 53 football game in Atlanta. (AP Photo/Michael Dwyer)"",
						","(AP Photo/Michael Dwyer)"",
						"
41,projo,,,10,"""Julian Edelman, holds up six fingers high in the air in the parade. The parade down Boylston Street, for the Super Bowl winning New England Patriots. Parade for the [The Providence Journal/Steve Szydlowski]"",
						","[The Providence Journal/Steve Szydlowski]"",
						"
41,projo,,,10,"""Patriots Devin McCourty, Jason McCourty and others react to fans. The parade down Boylston Street, Boston, for the Super Bowl winning New England Patriots. Parade for the [The Providence Journal/Steve Szydlowski]"",
						","[The Providence Journal/Steve Szydlowski]"",
						"
42,projo,https://www.providencejournal.com/news/20190205/cosponsor-pulls-support-for-ri-abortion-rights-bill-says-he-neglected-to-read-it,"Feb 5, 2019 at 2:38 PM 	Feb 5, 2019 at 9:11 PM",1,"""Rep. Jose Serodio attends orientation day for freshman legislators, in November. [The Providence Journal/Bob Breidenbach]"",","[The Providence Journal/Bob Breidenbach]"","
43,projo,https://www.providencejournal.com/news/20190205/witness-in-kettle-voyeurism-trial-recounts-swapping-photos-of-naked-women-genitalia,"Feb 5, 2019 at 1:01 PM 	Feb 5, 2019 at 8:42 PM",2,"""Assistant Attorney General Shannon Signore questions witness Zachary Brennan and shows him photos to identify in day one of the video-voyeurism trial of former state Sen. Nicholas Kettle. Judge Daniel A. Procaccini is presiding at right. [The Providence Journal / Sandor Bodo]"",","[The Providence Journal / Sandor Bodo]"","
43,projo,,,2,"""Former state Sen. Nicholas Kettle, left, listens to prosecutor Owen Murphy as he delivers his opening statement. One of Kettle's lawyers, Jason Dixon Acosta, is seated at his side. [The Providence Journal / Sandor Bodo]"",","[The Providence Journal / Sandor Bodo]"","
44,projo,https://www.providencejournal.com/news/20190205/rhode-island-wont-disclose-amount-legally-bet-on-super-bowl,"Feb 5, 2019 at 12:26 PM 	Feb 5, 2019 at 12:26 PM",0,NA,NA
45,projo,https://www.providencejournal.com/news/20190205/commuter-trains-delayed-after-man-struck-killed-in-norwood-massachusetts,"Feb 5, 2019 at 9:16 AM 	Feb 5, 2019 at 9:16 AM",0,NA,NA
46,projo,https://www.providencejournal.com/news/20190205/providence-police-officer-injured-in-crash,"Feb 5, 2019 at 7:34 AM 	Feb 5, 2019 at 12:12 PM",0,NA,NA
47,projo,https://www.providencejournal.com/news/20190204/fans-greet-super-bowl-champion-patriots-on-their-return-to-tf-green-airport,"Feb 4, 2019 at 2:52 PM 	Feb 4, 2019 at 9:20 PM",10,"""Patriots players and coaches disembark from the team plane on Monday afternoon at T.F. Green Airport in Warwick. [The Providence Journal / Kris Craig]"",","[The Providence Journal / Kris Craig]"","
47,projo,,,10,"""Fans line the fence at airport parking lot E to watch the Patriots return. [The Providence Journal / Kris Craig]"",","[The Providence Journal / Kris Craig]"","
47,projo,,,10,"""The Patriots' team plane arrives at T.F. Green Airport on Monday afternoon. [The Providence Journal / Kris Craig]"",","[The Providence Journal / Kris Craig]"","
47,projo,,,10,"""Patriots players arrive at T.F. Green Airport on Monday afternon. At the top of the steps is guard Shaq Mason. [The Providence Journal / Kris Craig]"",","[The Providence Journal / Kris Craig]"","
47,projo,,,10,"""Julian Edelman, Super Bowl MVP, gets a hug from Patriots owner Robert Kraft after winning Super Bowl 53 13-3 over the LA Rams. [The Providence Journal / Bob Breidenbach]"",
						","[The Providence Journal / Bob Breidenbach]"",
						"
47,projo,,,10,"""Tom Brady hugs Jonathan Kraft after winning Super Bowl 53 13-3 over the LA Rams. The New England Patriots vs Los Angeles Rams in Super Bowl LIII (53) at the Mercedes-Benz Stadium in Atlanta, GA. [The Providence Journal / Bob Breidenbach]"",
						","[The Providence Journal / Bob Breidenbach]"",
						"
47,projo,,,10,"""Rob Gronkowski makes a first quarter catch and out runs Ram's Marucs Peters. The New England Patriots vs Los Angeles Rams in Super Bowl LIII (53) at the Mercedes-Benz Stadium in Atlanta, GA. [The Providence Journal / Bob Breidenbach]"",
						","[The Providence Journal / Bob Breidenbach]"",
						"
47,projo,,,10,"""Cordarrelle Patterson kick return on opening play of the game. The New England Patriots vs Los Angeles Rams in Super Bowl LIII (53) at the Mercedes-Benz Stadium in Atlanta, GA. [The Providence Journal / Bob Breidenbach]"",
						","[The Providence Journal / Bob Breidenbach]"",
						"
47,projo,,,10,"""Sony Michel taken down in the first quarter. [The Providence Journal / Bob Breidenbach]"",
						","[The Providence Journal / Bob Breidenbach]"",
						"
47,projo,,,10,"""Ram linebacker Cory Littleton celebrates intercepting a first quarter Brady pass. Brady was intercepted on his first throw of the game. [The Providence Journal / Bob Breidenbach]"",
						","[The Providence Journal / Bob Breidenbach]"",
						"
48,projo,https://www.providencejournal.com/news/20190204/ny-congregation-files-brief-in-support-of-its-control-of-newports-touro-synagogue,"Feb 4, 2019 at 1:58 PM 	Feb 4, 2019 at 3:54 PM",1,"""The 1st U.S. Circuit Court of Appeals last year placed control of Touro Synagogue and its valuable ceremonial bells in the hands Shearith Israel. [Providence Journal photo / Steve Szydlowski]"",","[Providence Journal photo / Steve Szydlowski]"","
49,projo,https://www.providencejournal.com/news/20190204/concert-still-planned-for-dunkin-donuts-center-despite-arrest-of-rapper-21-savage,"Feb 4, 2019 at 1:09 PM 	Feb 4, 2019 at 1:09 PM",1,"""In this Sunday, Oct. 28, 2018, file photo, 21 Savage performs at the Voodoo Music Experience in City Park in New Orleans. The Dunkin' Donuts Center says the rapper's April concert is still on despite the arrest of the rapper, whose real name is Sha Yaa Bin Abraham-Joseph. (Photo by Amy Harris/Invision/AP, File)"",","(Photo by Amy Harris/Invision/AP, File)"","
50,projo,https://www.providencejournal.com/news/20190204/furniture-set-ablaze-students-hair-catches-fire-in-super-bowl-celebration-near-providence-college,"Feb 4, 2019 at 12:44 PM 	Feb 4, 2019 at 7:20 PM",0,NA,NA
51,projo,https://www.providencejournal.com/news/20190204/aci-unit-put-on-lockdown-following-discovery-of-unknown-substance,"Feb 4, 2019 at 1:04 PM 	Feb 4, 2019 at 4:16 PM",0,NA,NA
52,projo,https://www.providencejournal.com/news/20190204/air-traffic-controller-at-tf-green-to-accompany-cicilline-at-state-of-union,"Feb 4, 2019 at 8:38 AM 	Feb 4, 2019 at 4:52 PM",1,"""U.S. Rep. David Cicilline, D-R.I., shown questioning then-Attorney General Jeff Sessions during a House Judiciary Committee hearing on Capitol Hill, Tuesday, Nov. 14, 2017, in Washington, will bring a T.F. Green Airport air traffic controller as his guest to the State f the Union address. (AP Photo file /Alex Brandon)"",","(AP Photo file /Alex Brandon)"","
53,projo,https://www.providencejournal.com/news/20190204/high-in-upper-50s,"Feb 4, 2019 at 8:06 AM 	Feb 4, 2019 at 8:29 AM",1,"""High temperatures should reach the 50s today. [The National Weather Service]"",","[The National Weather Service]"","
54,projo,https://www.providencejournal.com/sports/20190203/six-cess-patriots-beat-rams-13-3-for-sixth-super-bowl-title--video,"Feb 3, 2019 at 2:50 PM 	Feb 3, 2019 at 8:21 PM",10,"""Game MVP, Julian Edelman holds up the Lombardi trophy, left, and Tom Brady holds his daughter, Vivian, after the Patriots won Super Bowl LIII Sunday night. [The Providence Journal / Bob Breidenbach]"",","[The Providence Journal / Bob Breidenbach]"","
54,projo,,,10,"""Patriots linebacker, Kyle Van Noy, chases Rams QB out of bounds in the first quarter. The New England Patriots vs. Los Angeles Rams in Super Bowl LIII at the Mercedes-Benz Stadium in Atlanta, GA. [The Providence Journal / Bob Breidenbach]"",","[The Providence Journal / Bob Breidenbach]"","
54,projo,,,10,"""Rob Gronkowski makes a first quarter catch and out runs Ram's Marucs Peters. The New England Patriots vs Los Angeles Rams in Super Bowl LIII (53) at the Mercedes-Benz Stadium in Atlanta, GA. [The Providence Journal / Bob Breidenbach]"",","[The Providence Journal / Bob Breidenbach]"","
54,projo,,,10,NA,NA
54,projo,,,10,"""Tom Brady celebrates with coach Bill Belichick after winning Super Bowl 53 13-3 over the LA Rams. [The Providence Journal / Bob Breidenbach]"",","[The Providence Journal / Bob Breidenbach]"","
54,projo,,,10,"""Patriot Kyle Van Noy Linebacker celebrates his sack of Rams QB Jared Goff and forcing a punt in the 2nd quarter. [The Providence Journal / Bob Breidenbach]"",","[The Providence Journal / Bob Breidenbach]"","
54,projo,,,10,"""Julian Edelman, Super Bowl MVP, gets a hug from Patriots owner Robert Kraft after winning Super Bowl 53 13-3 over the LA Rams. [The Providence Journal / Bob Breidenbach]"",
						","[The Providence Journal / Bob Breidenbach]"",
						"
54,projo,,,10,"""Tom Brady hugs Jonathan Kraft after winning Super Bowl 53 13-3 over the LA Rams. The New England Patriots vs Los Angeles Rams in Super Bowl LIII (53) at the Mercedes-Benz Stadium in Atlanta, GA. [The Providence Journal / Bob Breidenbach]"",
						","[The Providence Journal / Bob Breidenbach]"",
						"
54,projo,,,10,"""Rob Gronkowski makes a first quarter catch and out runs Ram's Marucs Peters. The New England Patriots vs Los Angeles Rams in Super Bowl LIII (53) at the Mercedes-Benz Stadium in Atlanta, GA. [The Providence Journal / Bob Breidenbach]"",
						","[The Providence Journal / Bob Breidenbach]"",
						"
54,projo,,,10,"""Cordarrelle Patterson kick return on opening play of the game. The New England Patriots vs Los Angeles Rams in Super Bowl LIII (53) at the Mercedes-Benz Stadium in Atlanta, GA. [The Providence Journal / Bob Breidenbach]"",
						","[The Providence Journal / Bob Breidenbach]"",
						"
55,projo,https://www.providencejournal.com/news/20190203/political-scene-lack-of-space-or-retribution-some-house-members-cry-foul,"Feb 3, 2019 at 6:10 PM 	Feb 3, 2019 at 7:04 PM",4,"""House Speaker Nicholas Mattiello outside the office of House Majority Leader K. Joseph Shekarchi. \""This is a beautiful building ... but it's not designed to be an office building,\"" he says of criticism by dissidents that they have been shut out in getting their own office space. [The Providence Journal / Kris Craig]"",","[The Providence Journal / Kris Craig]"","
55,projo,,,4,"""Donovan"",",NA
55,projo,,,4,"""Chafee"",",NA
55,projo,,,4,"""Schiff"",",NA
56,projo,https://www.providencejournal.com/news/20190203/complaint-alleges-discrimination-by-ri-airport-corporation,"Feb 3, 2019 at 6:19 PM 	Feb 3, 2019 at 9:34 PM",1,"""Patti Goldstein, a former 23-year employee of the Rhode Island Airport Corporation, pictured here in 2011, was the subject of a dispute with the corporation that ended in a severance agreement, after she alleged that she was discriminated against based on her age and gender. [The Providence Journal / Frieda Squires]"",","[The Providence Journal / Frieda Squires]"","
57,projo,https://www.providencejournal.com/news/20190201/alan-rosenberg-photographers-super-football-tales,"Feb 1, 2019 at 3:06 PM 	Feb 3, 2019 at 12:33 AM",3,"""The last frame shot by Journal photographer Bob Breidenbach after he was knocked down while taking photos as Tom Brady ran off the field, having just lost Super Bowl LII to the Philadelphia Eagles. At right is Boston Herald photographer Matt West. [The Providence Journal / Bob Breidenbach]"",","[The Providence Journal / Bob Breidenbach]"","
57,projo,,,3,"""Bob Breidenbach lies on the field in Minneapolis after being knocked down while taking photos as Tom Brady exited the field after the Patriots lost to the Eagles in Super Bowl LII. [Boston Herald / Matt West]"",","[Boston Herald / Matt West]"","
57,projo,,,3,"""Alan Rosenberg"",",NA
58,projo,https://www.providencejournal.com/news/20190202/brown-offsetting-all-electric-usage-with-solar-wind-power,"Feb 2, 2019 at 9:59 PM 	Feb 3, 2019 at 12:26 AM",1,"""Brown University has finalized agreements with two developers that will produce enough wind and solar power to offset all of the electric usage on its Providence campus. [The Providence Journal, file / Bob Thayer]"",","[The Providence Journal, file / Bob Thayer]"","
59,projo,https://www.providencejournal.com/news/20190203/mckee-new-bill-would-improve-utilities-emergency-response,"Feb 3, 2019 at 1:51 PM 	Feb 3, 2019 at 1:51 PM",0,NA,NA
60,projo,https://www.providencejournal.com/news/20190203/providence-police-lieutenant-charged-with-domestic-assault,"Feb 3, 2019 at 1:32 PM 	Feb 3, 2019 at 5:05 PM",1,"""Joseph Donnelly, then a sergeant with the Providence police, shows fingerprint examples during a 2011 interview with The Providence Journal. [Journal files]"",","[Journal files]"","
61,projo,https://www.providencejournal.com/news/20190203/police-power-plant-caused-loud-noise-heard-in-cranston-johnston,"Feb 3, 2019 at 10:27 AM 	Feb 3, 2019 at 1:29 PM",1,"""Maintenance at the Rhode Island State Energy Center in Johnston is seen as a possible, though unconfirmed, source of the noise. [Journal files]"",","[Journal files]"","
62,projo,https://www.providencejournal.com/news/20190203/police-power-plant-caused-loud-noise-heard-in-cranston-johnston,"Feb 3, 2019 at 10:27 AM 	Feb 3, 2019 at 1:29 PM",1,"""Maintenance at the Rhode Island State Energy Center in Johnston is seen as a possible, though unconfirmed, source of the noise. [Journal files]"",","[Journal files]"","
63,projo,https://www.providencejournal.com/news/20190203/providence-considers-30-million-bond-for-schools-and-neighborhoods,"Feb 3, 2019 at 9:14 AM 	Feb 3, 2019 at 9:14 AM",0,NA,NA
64,projo,https://www.providencejournal.com/sports/20190202/401-podcast-previewing-super-bowl-liii-in-atlanta,"Feb 2, 2019 at 3:03 PM 	",1,NA,"""PROVIDENCE JOURNAL / BOB BREIDENBACH"","
65,projo,https://www.providencejournal.com/news/20190201/4-men-charged-after-drugs-seized-in-glocester,"Feb 1, 2019 at 10:40 PM 	Feb 1, 2019 at 10:40 PM",1,"""Seth Skrzat [Courtesy of Glocester police]"",","[Courtesy of Glocester police]"","
66,projo,https://www.providencejournal.com/news/20190201/what-are-you-anyway-police-investigate-reported-bias-assault-outside-providence-bar,"Feb 1, 2019 at 10:24 PM 	Feb 1, 2019 at 11:55 PM",0,NA,NA
67,projo,https://www.providencejournal.com/news/20190201/ri-bill-would-ban-restaurants-from-offering-plastic-straws,"Feb 1, 2019 at 5:11 PM 	Feb 1, 2019 at 9:59 PM",1,"""More restaurants might turn to paper straws such as these if the legislation backed by Senate Majority Leader Michael J. McCaffrey becomes reality. [MCT]"",","[MCT]"","
68,projo,https://www.providencejournal.com/news/20190201/coventry-woman-killed-in-crash-driver-charged,"Feb 1, 2019 at 4:15 PM 	Feb 1, 2019 at 4:16 PM",1,"""Brianna Sauro [Courtesy of Coventry police]"",","[Courtesy of Coventry police]"","
69,projo,https://www.providencejournal.com/news/20190201/5-newport-restaurants-sue-national-grid-enbridge-over-gas-outage,"Feb 1, 2019 at 1:01 PM 	Feb 1, 2019 at 10:42 PM",1,"""The interior courtyard dining room at Sardella's Italian Restaurant. [The Providence Journal, file / Sandor Bodo]"",","[The Providence Journal, file / Sandor Bodo]"","
70,projo,https://www.providencejournal.com/news/20190201/rap-acts-migos-21-savage-coming-to-dunkin-donuts-center-in-april,"Feb 1, 2019 at 12:32 PM 	Feb 1, 2019 at 12:33 PM",0,NA,NA
71,projo,https://www.providencejournal.com/news/20190201/teacher-sick-out-prompted-by-unruly-students-closes-kickemuit-middle-school-in-warren,"Feb 1, 2019 at 9:31 AM 	Feb 1, 2019 at 8:38 PM",2,"""Warren's Kickemuit Middle School was closed Friday after a number of teachers called in sick to call attention to school-safety concerns. [The Providence Journal / Sandor Bodo]"",","[The Providence Journal / Sandor Bodo]"","
71,projo,,,2,"""A view of the empty front entry hall at Kickemuit Middle School on Friday. [The Providence Journal / Sandor Bodo]"",","[The Providence Journal / Sandor Bodo]"","
72,projo,https://www.providencejournal.com/news/20190131/crew-on-navys-newest-submarine-will-rarely-go-hungry,"Jan 31, 2019 at 9:58 PM 	Jan 31, 2019 at 9:58 PM",5,"""Depending on the sub's schedule, the culinary crew will prepare three or four meals a day, serving all 123 enlisted men in shifts in the 30-seat crew's mess. [The Providence Journal / Sandor Bodo]"",","[The Providence Journal / Sandor Bodo]"","
72,projo,,,5,"""Chief Adam Goulas describes the bunk arrangements aboard the South Dakota. [The Providence Journal / Sandor Bodo]"",","[The Providence Journal / Sandor Bodo]"","
72,projo,,,5,"""A tray of freshly baked cookies comes out of an oven to be stored on a rack. [The Providence Journal / Sandor Bodo]"",","[The Providence Journal / Sandor Bodo]"","
72,projo,,,5,"""The traditional periscope has been replaced by a high-definition camera. [The Providence Journal / Sandor Bodo]"",","[The Providence Journal / Sandor Bodo]"","
72,projo,,,5,"""\""The galley truly is the heart of the submarine,\"" says Commander Craig Litty, the South Dakota's commanding officer. The newest submarine will be commissioned on Saturday in Groton. [The Providence Journal / Sandor Bodo]"",","[The Providence Journal / Sandor Bodo]"","
73,projo,https://www.providencejournal.com/news/20190131/ris-first-axe-throwing-bar-set-to-open-in-lincoln--video,"Jan 31, 2019 at 9:25 PM 	Jan 31, 2019 at 10:37 PM",5,"""Unity Wroe, left, and Jen Thai , both of East Greenwich, prepare to throw their axes at the R1 Indoor Karting Entertainment Center in Lincoln Thursday evening. [The Providence Journal / Kris Craig]"",","[The Providence Journal / Kris Craig]"","
73,projo,,,5,"""Design director Ivy Ross and fabrication director Logan Will, of The Reliquarium, which designed the facility, in front of the throwing booths at the Axe Bar at R1 Indoor Karting Entertainment Center. [The Providence Journal / Kris Craig]"",","[The Providence Journal / Kris Craig]"","
73,projo,,,5,"""Dana Polikoff, of East Greenwich, follows through as she throws her axe. [The Providence Journal / Kris Craig]"",","[The Providence Journal / Kris Craig]"","
73,projo,,,5,"""Unity Wroe, of East Greenwich, pulls her axe from the wood block target. [The Providence Journal / Kris Craig]"",","[The Providence Journal / Kris Craig]"","
73,projo,,,5,"""The bar &#8212; which has 5 axe booths that accommodate 10 people each, each attended to by an axe expert &#8212; will have a police detail on weekends. [The Providence Journal / Kris Craig]"",","[The Providence Journal / Kris Craig]"","
74,projo,https://www.providencejournal.com/news/20190131/new-york-men-who-broke-into-smithfield-target-through-roof-are-sentenced,"Jan 31, 2019 at 4:27 PM 	Jan 31, 2019 at 4:27 PM",0,NA,NA
75,projo,https://www.providencejournal.com/news/20190131/back-on-twitter-bishop-tobin-rebukes-catholic-pols-who-support-abortion-rights,"Jan 31, 2019 at 4:11 PM 	Jan 31, 2019 at 9:38 PM",1,"""Bishop Thomas J. Tobin [Providence Journal photo / Bob Breidenbach]"",","[Providence Journal photo / Bob Breidenbach]"","
76,projo,http://www.providencejournal.com/news/20190131/providence-journal-sues-secretary-of-state-for-access-to-full-voter-database,"Jan 31, 2019 at 3:40 PM 	Jan 31, 2019 at 10:17 PM",1,"""Secretary of State Nellie Gorbea inside the State Archives building. [The Providence Journal/Sandor Bodo]"",","[The Providence Journal/Sandor Bodo]"","
77,projo,https://www.providencejournal.com/news/20190131/anti-abortion-legislator-accuses-democratic-activist-of-threatening-him,"Jan 31, 2019 at 2:26 PM 	Jan 31, 2019 at 6:54 PM",1,"""State Rep. Gregory Costantino, pictured in 2014. [The Providence Journal, file]"",","[The Providence Journal, file]"","
78,projo,https://www.providencejournal.com/news/20190131/cranston-man-charged-with-threatening-providence-mayor-on-facebook,"Jan 31, 2019 at 1:56 PM 	Jan 31, 2019 at 4:17 PM",1,"""Bruce Valliere [Courtesy of Providence police]"",","[Courtesy of Providence police]"","
79,projo,https://www.providencejournal.com/news/20190131/mobster-edward-lato-released-from-prison-has-job-at-ri-construction-company,"Jan 31, 2019 at 1:53 PM 	Jan 31, 2019 at 1:53 PM",1,"""Edward Lato, right, appears in court in 2011. At left is the late Frank \""Bobo\"" Marrapese. [Journal files]"",","[Journal files]"","
80,projo,https://www.providencejournal.com/news/20190131/portsmouth-man-charged-with-reckless-driving-held-at-aci-after-going-off-roadway/1,"Jan 31, 2019 at 1:00 PM 	Jan 31, 2019 at 1:00 PM",2,"""Portsmouth police provided this image of tire marks in the mud along East Main Road near Sandy Point Avenue, where they said James E. Culipher, 47, of Portsmouth, pulled around other cars and drove aggressively. [CONTRIBUTED PHOTO BY PORTSMOUTH POLICE]"",","[CONTRIBUTED PHOTO BY PORTSMOUTH POLICE]"","
80,projo,,,2,"""James E. Culipher, 47, of 68 Fountain St., Portsmouth, was arrested by Portsmouth police on charges of reckless driving and disorderly conduct on Wednesday morning, after police said they investigated an accident and reports of an aggressive driver. [CONTRIBUTED PHOTO BY PORTSMOUTH POLICE]"",","[CONTRIBUTED PHOTO BY PORTSMOUTH POLICE]"","
82,projo,https://www.providencejournal.com/sports/20190131/401-podcast-mark--kevin-check-in-from-atlanta-during-super-bowl-week,"Jan 31, 2019 at 11:26 AM 	",1,NA,"""PROVIDENCE JOURNAL / BOB BREIDENBACH"","
83,projo,https://www.providencejournal.com/news/20190131/newport-historic-commission-shoots-down-salve-regina-dormitory-plan,"Jan 31, 2019 at 11:24 AM 	Jan 31, 2019 at 7:48 PM",1,"""This rendering provided by Salve Regina University shows the proposed design of \""Building A\"" on the school's campus in Newport."",",NA
84,projo,https://www.providencejournal.com/news/20190131/john-mayer-to-perform-at-dunkin-donuts-center-july-20,"Jan 31, 2019 at 11:18 AM 	Jan 31, 2019 at 11:18 AM",1,"""In this April 7, 2017 file photo, John Mayer performs in concert during his \""The Search for Everything Tour\"" in Philadelphia. (Photo by Owen Sweeney/Invision/AP, File)"",","(Photo by Owen Sweeney/Invision/AP, File)"","
85,projo,https://www.providencejournal.com/news/20190131/former-sen-kettle-rejects-plea-offer-opts-for-trial-on-video-voyeurism-charges,"Jan 31, 2019 at 10:54 AM 	Jan 31, 2019 at 1:59 PM",1,"""Former state Sen. Nicholas Kettle appears in court in March 2018. [The Providence Journal, file / Steve Szydlowski]"",","[The Providence Journal, file / Steve Szydlowski]"","
86,projo,https://www.providencejournal.com/news/20190131/michael-bublxe9-to-perform-at-dunkin-donuts-center-in-july,"Jan 31, 2019 at 10:19 AM 	Jan 31, 2019 at 10:19 AM",1,"""Singer Michael Bubl&#xe9; performs in Los Angeles in 2012. He will sing at the Dunkin' Donuts Center on July 23. [AP Photo/Matt Sayles]"",","[AP Photo/Matt Sayles]"","
87,projo,https://www.providencejournal.com/news/20190131/ice-set-up-fake-university-hundreds-enrolled-not-realizing-it-was-sting-operation,"Jan 31, 2019 at 8:09 AM 	Jan 31, 2019 at 8:09 AM",0,NA,NA
88,projo,https://www.providencejournal.com/news/20190130/ri-truck-toll-delays-are-cutting-into-funds-for-dot-projects,"Jan 30, 2019 at 8:36 PM 	Jan 30, 2019 at 9:19 PM",1,"""Truck-toll gantries came online in June on Route 95 in Exeter and Hopkinton. [The Providence Journal, file / Steve Szydlowski]"",","[The Providence Journal, file / Steve Szydlowski]"","
89,projo,https://www.providencejournal.com/news/20190130/former-ri-parole-board-chairman-kenneth-walker-remembered-as-dignified-and-sincere-leader,"Jan 30, 2019 at 1:25 PM 	Jan 30, 2019 at 6:15 PM",1,"""Kenneth Walker, in 2017 [Providence Journal photo / Steve Szydlowski]"",","[Providence Journal photo / Steve Szydlowski]"","
90,projo,https://www.providencejournal.com/news/20190130/former-ri-parole-board-chairman-kenneth-walker-remembered-as-dignified-and-sincere-leader,"Jan 30, 2019 at 1:25 PM 	Jan 30, 2019 at 6:15 PM",1,"""Kenneth Walker, in 2017 [Providence Journal photo / Steve Szydlowski]"",","[Providence Journal photo / Steve Szydlowski]"","
91,projo,https://www.providencejournal.com/news/20190130/samuel-adams-brews-up-too-old-too-slow-still-here-beer-in-tribute-to-patriots,"Jan 30, 2019 at 12:30 PM 	Jan 30, 2019 at 8:31 PM",1,"""Too Old, Too Slow, Still Here is a beer specially brewed by Samuel Adams to celebrate the New England Patriots. [Samuel Adams photo]"",","[Samuel Adams photo]"","
92,projo,https://www.providencejournal.com/news/20190130/providence-senator-seeks-to-end-lower-minimum-wage-for-tipped-workers,"Jan 30, 2019 at 12:03 PM 	Jan 30, 2019 at 12:03 PM",1,"""Sen. Gayle Goldin speaking at the State House in 2015. [The Providence Journal / Steve Szydlowski]"",","[The Providence Journal / Steve Szydlowski]"","
93,projo,https://www.providencejournal.com/news/20190130/fall-river-bank-heist-halted-after-robber-gets-cold-feet,"Jan 30, 2019 at 10:54 AM 	Jan 30, 2019 at 10:54 AM",1,"""Police are seeking help finding the woman who entered the Fall River Municipal Credit Union, wrote a note demanding money, then threw the note away after apparently changing her mind. [Courtesy of Fall River police]"",","[Courtesy of Fall River police]"","
94,projo,https://www.providencejournal.com/news/20190129/at-brown-former-prisoners-one-american-other-syrian-turned-to-philosophy-to-survive,"Jan 29, 2019 at 10:42 PM 	Jan 29, 2019 at 10:42 PM",1,"""Alex Winder, left, Jos&#xe9; Diaz, and Omar Alshogre during a \""Critical Conversation on Experiences of Incarceration in the United States and Syria\"" at Brown University Tuesday evening. [Constance Brown on behalf of Middle East Studies, Brown University]"",","[Constance Brown on behalf of Middle East Studies, Brown University]"","
95,projo,https://www.providencejournal.com/news/20190129/house-judiciary-committee-to-hear-from-both-sides-of-abortion-debate,"Jan 29, 2019 at 1:56 PM 	Jan 29, 2019 at 11:50 PM",0,NA,NA
96,projo,https://www.providencejournal.com/news/20190129/warning-signs-missed-in-home-where-warwick-girl-died,"Jan 29, 2019 at 5:37 PM 	Jan 29, 2019 at 9:09 PM",2,"""Michele Rothgeb appears at District Court, Warwick, following the Jan. 3 death of her adopted daughter, Zah-Nae Rothgeb. [The Providence Journal / Sandor Bodo]"",","[The Providence Journal / Sandor Bodo]"","
96,projo,,,2,"""DCYF Director Trista Piccola speaks to reporters and editors at The Providence Journal on Tuesday. [The Providence Journal / Steve Szydlowski]"",","[The Providence Journal / Steve Szydlowski]"","
97,projo,https://www.providencejournal.com/news/20190129/pawtucket-man-out-on-bail-is-charged-with-illegally-carrying-gun,"Jan 29, 2019 at 4:02 PM 	Jan 29, 2019 at 4:02 PM",1,"""Isaiah Ramirez [Courtesy of Providence police]"",","[Courtesy of Providence police]"","
98,projo,https://www.providencejournal.com/news/20190129/girl-says-she-was-robbed-in-providence-by-man-in-clown-mask,"Jan 29, 2019 at 3:46 PM 	Jan 29, 2019 at 3:46 PM",0,NA,NA
100,projo,https://www.providencejournal.com/news/20190129/judge-allows-evidence-nathan-carman-inheritance-fight-into-boat-insurance-case,"Jan 29, 2019 at 2:04 PM 	Jan 29, 2019 at 2:54 PM",1,"""In this Dec. 4, 2018, file photo, Nathan Carman, a Vermont man accused by family members of killing his millionaire grandfather and possibly his mother in an attempt to collect inheritance money, leaves the district courtroom during a break in a pre-trial hearing in Concord, N.H. Carman has been granted access to at least $125,000 from a trust fund so he can pay legal and credit card bills. The Hartford Courant reports that a Connecticut judge, Thursday, Jan. 24, 2019, approved giving the money to Nathan Carman. (AP Photo/Elise Amendola, Pool, File)"",","(AP Photo/Elise Amendola, Pool, File)"","
101,projo,https://www.providencejournal.com/news/20190129/threat-made-to-school-in-florida-has-ripple-effect-in-north-providence,"Jan 29, 2019 at 11:47 AM 	Jan 29, 2019 at 11:47 AM",0,NA,NA
102,projo,https://www.providencejournal.com/sports/20190129/take-tour-of-super-bowls-media-night--video,"Jan 29, 2019 at 11:14 AM 	",1,"""Providence Journal writers, from left, Kevin McNamara, Mark Daniels and photographer Bob Breidenbach are bringing you all the happenings from Super Bowl week in Atlanta."",",NA
103,projo,https://www.providencejournal.com/news/20190129/cranston-city-council-approves-zoning-change-for-topgolf-complex,"Jan 29, 2019 at 10:02 AM 	Jan 29, 2019 at 8:55 PM",2,"""The proposed Topgolf sports entertainment complex in Cranston would be the company's first facility in the Northeast."",",NA
103,projo,,,2,"""Topgolf proposal along Route 37 in Cranston."",",NA
104,projo,https://www.providencejournal.com/news/20190129/exeter-man-gets-10-years-for-crash-that-killed-teen,"Jan 29, 2019 at 9:22 AM 	Jan 29, 2019 at 9:22 AM",0,NA,NA
105,projo,https://www.providencejournal.com/news/20190129/johnston-police-seek-help-in-finding-convenience-store-robber,"Jan 29, 2019 at 7:14 AM 	Jan 29, 2019 at 7:14 AM",0,NA,NA
106,projo,https://www.providencejournal.com/sports/20190129/best-bets-sports-betting-picks-for-tuesday-jan-29-2019,"Jan 29, 2019 at 12:01 AM 	",1,NA,NA
107,projo,https://www.providencejournal.com/news/20190128/could-hasbro-have-designs-on-downtown,"Jan 28, 2019 at 9:51 PM 	Jan 28, 2019 at 10:24 PM",1,"""An aerial view of LaSalle Square in 2007 showing the site of the recently demolished Providence police station on Empire Street, center, across from what is now Hasbro office space, top center. The Hilton hotel and Dunkin Donuts Center are top left. [The Providence Journal, file]"",","[The Providence Journal, file]"","
108,projo,https://www.providencejournal.com/news/20190128/social-workers-union-considers-no-confidence-vote-in-dcyf-director,"Jan 28, 2019 at 5:17 PM 	Jan 28, 2019 at 9:39 PM",1,"""DCYF Director Trista Piccola. [The Providence Journal file/ Kris Craig]"",","[The Providence Journal file/ Kris Craig]"","
109,projo,https://www.providencejournal.com/news/20190128/former-dlt-worker-agrees-to-plea-deal-wont-have-to-register-as-sex-offender,"Jan 28, 2019 at 5:05 PM 	Jan 28, 2019 at 7:58 PM",1,"""Daniel A. Brown [Courtesy of Providence Police]"",","[Courtesy of Providence Police]"","
110,projo,https://www.providencejournal.com/news/20190128/ri-house-prices-increased-in-december-but-sales-dropped,"Jan 28, 2019 at 4:52 PM 	Jan 28, 2019 at 4:52 PM",0,NA,NA
111,projo,https://www.providencejournal.com/news/20190128/gas-restoration-effort-in-newport-winding-down,"Jan 28, 2019 at 4:08 PM 	Jan 28, 2019 at 4:08 PM",0,NA,NA
112,projo,https://www.providencejournal.com/news/20190128/subject-of-journal-story-redemption-lands-job-with-recovery-program,"Jan 28, 2019 at 4:03 PM 	Jan 28, 2019 at 4:11 PM",1,"""Mark Gonsalves is photographed near the Pell Bridge. [The Providence Journal/Bob Breidenbach]"",","[The Providence Journal/Bob Breidenbach]"","
113,projo,https://www.providencejournal.com/news/20190128/warwick-names-new-police-chief,"Jan 28, 2019 at 3:45 PM 	Jan 28, 2019 at 10:23 PM",1,"""Warwick Mayor Joseph J. Solomon swears in Maj. Rick Rathbun as the city's new police chief Monday afternoon. [The Providence Journal / Kris Craig]"",","[The Providence Journal / Kris Craig]"","
114,projo,https://www.providencejournal.com/news/20190128/police-south-kingstown-stabbing-followed-attempt-to-steal-medical-marijuana,"Jan 28, 2019 at 3:03 PM 	Jan 28, 2019 at 3:03 PM",1,"""Dennis Thrush [South Kingstown police photo]"",","[South Kingstown police photo]"","
115,projo,https://www.providencejournal.com/news/20190128/worker-dies-after-falling-through-roof-at-ri-food-bank-building,"Jan 28, 2019 at 11:53 AM 	Jan 28, 2019 at 2:39 PM",1,"""A fire truck is parked next to the Rhode Island Food Bank building. [The Providence Journal/ Brian Amaral]"",","[The Providence Journal/ Brian Amaral]"","
116,projo,https://www.providencejournal.com/news/20190128/worker-dies-after-falling-through-roof-at-ri-food-bank-building,"Jan 28, 2019 at 11:53 AM 	Jan 28, 2019 at 2:39 PM",1,"""A fire truck is parked next to the Rhode Island Food Bank building. [The Providence Journal/ Brian Amaral]"",","[The Providence Journal/ Brian Amaral]"","
117,projo,https://www.providencejournal.com/news/20190128/vehicle-crashes-into-swansea-funeral-home-lobby-during-service,"Jan 28, 2019 at 7:10 AM 	Jan 28, 2019 at 8:06 AM",0,NA,NA
"

2019-03-25 10:01:04.064605
"
News Org                                 Input      RTs        NoLinks    Output    
projo                                    173        56         2          115       
